description,agent_name,amount,urgency,intent_label
Payment for Q3 vendor invoices regarding cloud infrastructure,Payout Agent,233668.89,MEDIUM,SUPPLIER_SETTLEMENT
Settlement of raw material invoice #7912 to primary vendor,Payout Agent,73837.01,LOW,SUPPLIER_SETTLEMENT
Goodwill refund for delayed order delivery breach SLA,Refund Agent,90700.79,MEDIUM,CUSTOMER_REFUND
Liquidity pool re-allocation across multi-banking nodal accounts,Treasury Agent,728892.66,HIGH,LIQUIDITY_REBALANCE
Disbursement for logistics partner freight clearing,Payout Agent,305187.89,MEDIUM,SUPPLIER_SETTLEMENT
Partial refund due to discount coupon error at checkout,Refund Agent,14819.13,LOW,CUSTOMER_REFUND
Brand awareness campaign media buying for Q4,Growth Agent,413207.72,CRITICAL,GROWTH_INVESTMENT
Replenishment of working capital escrow reserve buffer,Treasury Agent,210320.28,HIGH,LIQUIDITY_REBALANCE
Treasury rebalancing to maintain regulatory statutory reserve buffer,Treasury Agent,1086400.57,LOW,LIQUIDITY_REBALANCE
Full refund for returned defective electronic unit #2307,Refund Agent,128442.34,LOW,CUSTOMER_REFUND
Receivable discount fee for accelerated factoring liquidation,Collections Agent,65390.02,HIGH,DEBT_COLLECTION
Partial refund due to discount coupon error at checkout,Refund Agent,32216.55,HIGH,CUSTOMER_REFUND
Disbursement for logistics partner freight clearing,Payout Agent,596845.1,MEDIUM,SUPPLIER_SETTLEMENT
Settlement waiver allocation for 90-day overdue merchant balance,Collections Agent,99004.72,MEDIUM,DEBT_COLLECTION
Performance marketing ad spend allocation on Google Ads,Growth Agent,419811.17,HIGH,GROWTH_INVESTMENT
Receivable discount fee for accelerated factoring liquidation,Collections Agent,25043.37,HIGH,DEBT_COLLECTION
Merchant store credit conversion to original payment refund,Refund Agent,132817.79,CRITICAL,CUSTOMER_REFUND
Full refund for returned defective electronic unit #3287,Refund Agent,37747.5,HIGH,CUSTOMER_REFUND
Liquidity pool re-allocation across multi-banking nodal accounts,Treasury Agent,606795.02,MEDIUM,LIQUIDITY_REBALANCE
Emergency reserve replenishment following high outflow cycle,Treasury Agent,1158095.02,LOW,LIQUIDITY_REBALANCE
Double charge correction and dispute refund for transaction #7916,Refund Agent,89864.95,CRITICAL,CUSTOMER_REFUND
Escrow account setup for disputed receivable recovery,Collections Agent,28884.34,LOW,DEBT_COLLECTION
Vendor payout for contract software engineering services,Payout Agent,133664.13,CRITICAL,SUPPLIER_SETTLEMENT
Merchant store credit conversion to original payment refund,Refund Agent,143118.57,HIGH,CUSTOMER_REFUND
Inter-account treasury transfer from primary current to payroll reserve,Treasury Agent,1377678.98,HIGH,LIQUIDITY_REBALANCE
Short-term liquid mutual fund redemption to bolster working cash,Treasury Agent,623479.39,MEDIUM,LIQUIDITY_REBALANCE
Yield optimization sweep of idle float to overnight liquid funds,Treasury Agent,784047.99,LOW,LIQUIDITY_REBALANCE
Sponsorship fee for national fintech developer conference,Growth Agent,76066.32,LOW,GROWTH_INVESTMENT
Payment of hardware maintenance contract for warehouse 2133,Payout Agent,783488.37,MEDIUM,SUPPLIER_SETTLEMENT
Merchant store credit conversion to original payment refund,Refund Agent,40493.44,CRITICAL,CUSTOMER_REFUND
Goodwill refund for delayed order delivery breach SLA,Refund Agent,60449.85,HIGH,CUSTOMER_REFUND
Escrow account setup for disputed receivable recovery,Collections Agent,28551.03,LOW,DEBT_COLLECTION
Performance marketing ad spend allocation on Google Ads,Growth Agent,314798.05,LOW,GROWTH_INVESTMENT
Payment for Q3 vendor invoices regarding cloud infrastructure,Payout Agent,100550.25,LOW,SUPPLIER_SETTLEMENT
Influencer campaign budget deposit for festive season launch,Growth Agent,157102.09,CRITICAL,GROWTH_INVESTMENT
Double charge correction and dispute refund for transaction #8744,Refund Agent,37206.59,CRITICAL,CUSTOMER_REFUND
Legal notice issuance fee for delinquent enterprise account #2545,Collections Agent,14208.43,CRITICAL,DEBT_COLLECTION
Affiliate partner commission prepayment for festival sprint,Growth Agent,260161.1,LOW,GROWTH_INVESTMENT
Payment for Q3 vendor invoices regarding cloud infrastructure,Payout Agent,596160.19,LOW,SUPPLIER_SETTLEMENT
Goodwill refund for delayed order delivery breach SLA,Refund Agent,80906.58,MEDIUM,CUSTOMER_REFUND
Automated payment gateway collection retry incentive,Collections Agent,48949.67,LOW,DEBT_COLLECTION
Collection agency recovery contingency disbursement,Collections Agent,66953.76,LOW,DEBT_COLLECTION
Routine bi-weekly supplier invoice settlement for inventory batch #3724,Payout Agent,354810.54,CRITICAL,SUPPLIER_SETTLEMENT
Chargeback resolution and customer refund reconciliation,Refund Agent,25530.93,LOW,CUSTOMER_REFUND
Receivable discount fee for accelerated factoring liquidation,Collections Agent,32098.68,CRITICAL,DEBT_COLLECTION
Goodwill refund for delayed order delivery breach SLA,Refund Agent,33437.43,LOW,CUSTOMER_REFUND
Yield optimization sweep of idle float to overnight liquid funds,Treasury Agent,180031.38,CRITICAL,LIQUIDITY_REBALANCE
Inter-account treasury transfer from primary current to payroll reserve,Treasury Agent,1445090.46,LOW,LIQUIDITY_REBALANCE
Subscription cancellation charge reversal requested by user,Refund Agent,101606.67,MEDIUM,CUSTOMER_REFUND
Collection agency recovery contingency disbursement,Collections Agent,59997.31,LOW,DEBT_COLLECTION
Replenishment of working capital escrow reserve buffer,Treasury Agent,1020322.43,HIGH,LIQUIDITY_REBALANCE
Search engine marketing budget expansion for high-intent keywords,Growth Agent,157408.68,CRITICAL,GROWTH_INVESTMENT
Full refund for returned defective electronic unit #8491,Refund Agent,48110.4,LOW,CUSTOMER_REFUND
Payment of hardware maintenance contract for warehouse 2638,Payout Agent,104945.54,MEDIUM,SUPPLIER_SETTLEMENT
Hedging collateral deposit for forex currency fluctuations,Treasury Agent,1406563.13,LOW,LIQUIDITY_REBALANCE
Partial refund due to discount coupon error at checkout,Refund Agent,24504.28,HIGH,CUSTOMER_REFUND
Yield optimization sweep of idle float to overnight liquid funds,Treasury Agent,1404458.46,LOW,LIQUIDITY_REBALANCE
Full refund for returned defective electronic unit #2891,Refund Agent,133567.19,MEDIUM,CUSTOMER_REFUND
Sponsorship fee for national fintech developer conference,Growth Agent,372925.48,MEDIUM,GROWTH_INVESTMENT
Customer referral bonus pool allocation,Growth Agent,457401.42,LOW,GROWTH_INVESTMENT
Quarterly supplier retention bonus and milestone settlement,Payout Agent,83065.07,HIGH,SUPPLIER_SETTLEMENT
Full refund for returned defective electronic unit #3647,Refund Agent,111443.41,CRITICAL,CUSTOMER_REFUND
Yield optimization sweep of idle float to overnight liquid funds,Treasury Agent,205341.4,MEDIUM,LIQUIDITY_REBALANCE
Yield optimization sweep of idle float to overnight liquid funds,Treasury Agent,915513.39,MEDIUM,LIQUIDITY_REBALANCE
Automated payment gateway collection retry incentive,Collections Agent,34284.54,LOW,DEBT_COLLECTION
Search engine marketing budget expansion for high-intent keywords,Growth Agent,350120.03,HIGH,GROWTH_INVESTMENT
Liquidity pool re-allocation across multi-banking nodal accounts,Treasury Agent,1396069.35,MEDIUM,LIQUIDITY_REBALANCE
Double charge correction and dispute refund for transaction #7755,Refund Agent,4693.17,HIGH,CUSTOMER_REFUND
Legal notice issuance fee for delinquent enterprise account #5371,Collections Agent,20123.8,LOW,DEBT_COLLECTION
Early settlement discount incentive to collect overdue receivable,Collections Agent,26131.2,CRITICAL,DEBT_COLLECTION
Sponsorship fee for national fintech developer conference,Growth Agent,150315.6,MEDIUM,GROWTH_INVESTMENT
Follow-up collection workflow trigger with dynamic discount #5564,Collections Agent,87113.53,HIGH,DEBT_COLLECTION
Affiliate partner commission prepayment for festival sprint,Growth Agent,199017.44,LOW,GROWTH_INVESTMENT
Vendor payout for contract software engineering services,Payout Agent,485442.3,HIGH,SUPPLIER_SETTLEMENT
Settlement of raw material invoice #8119 to primary vendor,Payout Agent,309265.33,HIGH,SUPPLIER_SETTLEMENT
Collection agency recovery contingency disbursement,Collections Agent,90452.95,MEDIUM,DEBT_COLLECTION
Performance marketing ad spend allocation on Google Ads,Growth Agent,50761.08,MEDIUM,GROWTH_INVESTMENT
Affiliate partner commission prepayment for festival sprint,Growth Agent,476993.52,HIGH,GROWTH_INVESTMENT
Treasury rebalancing to maintain regulatory statutory reserve buffer,Treasury Agent,1107655.97,HIGH,LIQUIDITY_REBALANCE
Hedging collateral deposit for forex currency fluctuations,Treasury Agent,556656.07,HIGH,LIQUIDITY_REBALANCE
Inter-account treasury transfer from primary current to payroll reserve,Treasury Agent,688624.87,CRITICAL,LIQUIDITY_REBALANCE
Full refund for returned defective electronic unit #7653,Refund Agent,82642.64,LOW,CUSTOMER_REFUND
Sponsorship fee for national fintech developer conference,Growth Agent,243449.67,HIGH,GROWTH_INVESTMENT
Escrow account setup for disputed receivable recovery,Collections Agent,69184.59,CRITICAL,DEBT_COLLECTION
Subscription cancellation charge reversal requested by user,Refund Agent,77802.35,HIGH,CUSTOMER_REFUND
Routine bi-weekly supplier invoice settlement for inventory batch #6085,Payout Agent,218480.5,MEDIUM,SUPPLIER_SETTLEMENT
Customer refund for damaged shipment order #1757,Refund Agent,37481.54,CRITICAL,CUSTOMER_REFUND
Replenishment of working capital escrow reserve buffer,Treasury Agent,680217.42,MEDIUM,LIQUIDITY_REBALANCE
Escrow account setup for disputed receivable recovery,Collections Agent,28178.52,LOW,DEBT_COLLECTION
Quarterly supplier retention bonus and milestone settlement,Payout Agent,181915.01,CRITICAL,SUPPLIER_SETTLEMENT
Routine bi-weekly supplier invoice settlement for inventory batch #2988,Payout Agent,392346.37,CRITICAL,SUPPLIER_SETTLEMENT
Treasury rebalancing to maintain regulatory statutory reserve buffer,Treasury Agent,957713.25,CRITICAL,LIQUIDITY_REBALANCE
Emergency reserve replenishment following high outflow cycle,Treasury Agent,1141117.62,CRITICAL,LIQUIDITY_REBALANCE
Receivable discount fee for accelerated factoring liquidation,Collections Agent,84786.97,HIGH,DEBT_COLLECTION
Emergency reserve replenishment following high outflow cycle,Treasury Agent,484436.43,LOW,LIQUIDITY_REBALANCE
Search engine marketing budget expansion for high-intent keywords,Growth Agent,201131.39,LOW,GROWTH_INVESTMENT
Double charge correction and dispute refund for transaction #4788,Refund Agent,58072.26,MEDIUM,CUSTOMER_REFUND
Subscription cancellation charge reversal requested by user,Refund Agent,61732.31,CRITICAL,CUSTOMER_REFUND
Early settlement discount incentive to collect overdue receivable,Collections Agent,84124.66,CRITICAL,DEBT_COLLECTION
Yield optimization sweep of idle float to overnight liquid funds,Treasury Agent,767771.63,HIGH,LIQUIDITY_REBALANCE
Affiliate partner commission prepayment for festival sprint,Growth Agent,292199.26,MEDIUM,GROWTH_INVESTMENT
Legal notice issuance fee for delinquent enterprise account #5471,Collections Agent,46404.42,LOW,DEBT_COLLECTION
Follow-up collection workflow trigger with dynamic discount #7624,Collections Agent,73797.23,CRITICAL,DEBT_COLLECTION
Customer refund for damaged shipment order #7455,Refund Agent,89192.02,LOW,CUSTOMER_REFUND
Quarterly supplier retention bonus and milestone settlement,Payout Agent,700138.52,MEDIUM,SUPPLIER_SETTLEMENT
Vendor payout for contract software engineering services,Payout Agent,295514.5,CRITICAL,SUPPLIER_SETTLEMENT
Brand awareness campaign media buying for Q4,Growth Agent,175215.48,CRITICAL,GROWTH_INVESTMENT
Influencer campaign budget deposit for festive season launch,Growth Agent,58722.48,LOW,GROWTH_INVESTMENT
Search engine marketing budget expansion for high-intent keywords,Growth Agent,401554.87,LOW,GROWTH_INVESTMENT
Routine bi-weekly supplier invoice settlement for inventory batch #4266,Payout Agent,679421.63,MEDIUM,SUPPLIER_SETTLEMENT
Double charge correction and dispute refund for transaction #8758,Refund Agent,100749.37,MEDIUM,CUSTOMER_REFUND
Receivable discount fee for accelerated factoring liquidation,Collections Agent,20939.97,LOW,DEBT_COLLECTION
Full refund for returned defective electronic unit #2771,Refund Agent,87224.03,HIGH,CUSTOMER_REFUND
Liquidity pool re-allocation across multi-banking nodal accounts,Treasury Agent,1418058.84,MEDIUM,LIQUIDITY_REBALANCE
Routine bi-weekly supplier invoice settlement for inventory batch #2669,Payout Agent,572894.75,HIGH,SUPPLIER_SETTLEMENT
Replenishment of working capital escrow reserve buffer,Treasury Agent,586085.27,CRITICAL,LIQUIDITY_REBALANCE
Influencer campaign budget deposit for festive season launch,Growth Agent,341394.46,LOW,GROWTH_INVESTMENT
Escrow account setup for disputed receivable recovery,Collections Agent,46184.72,HIGH,DEBT_COLLECTION
Automated payment gateway collection retry incentive,Collections Agent,21733.01,HIGH,DEBT_COLLECTION
Emergency reserve replenishment following high outflow cycle,Treasury Agent,709804.29,HIGH,LIQUIDITY_REBALANCE
Search engine marketing budget expansion for high-intent keywords,Growth Agent,175517.71,CRITICAL,GROWTH_INVESTMENT
Merchant store credit conversion to original payment refund,Refund Agent,51123.1,CRITICAL,CUSTOMER_REFUND
Paid acquisition ad spend top-up on Meta and LinkedIn,Growth Agent,145453.93,HIGH,GROWTH_INVESTMENT
Sponsorship fee for national fintech developer conference,Growth Agent,300105.96,MEDIUM,GROWTH_INVESTMENT
Routine bi-weekly supplier invoice settlement for inventory batch #7658,Payout Agent,416433.39,MEDIUM,SUPPLIER_SETTLEMENT
Escrow account setup for disputed receivable recovery,Collections Agent,80328.62,LOW,DEBT_COLLECTION
Search engine marketing budget expansion for high-intent keywords,Growth Agent,361304.22,HIGH,GROWTH_INVESTMENT
Treasury rebalancing to maintain regulatory statutory reserve buffer,Treasury Agent,874862.14,HIGH,LIQUIDITY_REBALANCE
Follow-up collection workflow trigger with dynamic discount #6764,Collections Agent,71771.22,HIGH,DEBT_COLLECTION
Sponsorship fee for national fintech developer conference,Growth Agent,104295.15,MEDIUM,GROWTH_INVESTMENT
Influencer campaign budget deposit for festive season launch,Growth Agent,477894.9,MEDIUM,GROWTH_INVESTMENT
Goodwill refund for delayed order delivery breach SLA,Refund Agent,42198.44,HIGH,CUSTOMER_REFUND
Routine bi-weekly supplier invoice settlement for inventory batch #5853,Payout Agent,220612.37,MEDIUM,SUPPLIER_SETTLEMENT
Performance marketing ad spend allocation on Google Ads,Growth Agent,106962.33,LOW,GROWTH_INVESTMENT
Vendor payout for contract software engineering services,Payout Agent,528402.24,CRITICAL,SUPPLIER_SETTLEMENT
Payment for Q3 vendor invoices regarding cloud infrastructure,Payout Agent,402047.71,CRITICAL,SUPPLIER_SETTLEMENT
Paid acquisition ad spend top-up on Meta and LinkedIn,Growth Agent,163615.28,CRITICAL,GROWTH_INVESTMENT
Settlement of raw material invoice #7565 to primary vendor,Payout Agent,418809.92,LOW,SUPPLIER_SETTLEMENT
Double charge correction and dispute refund for transaction #5978,Refund Agent,13691.96,MEDIUM,CUSTOMER_REFUND
Quarterly supplier retention bonus and milestone settlement,Payout Agent,631770.15,CRITICAL,SUPPLIER_SETTLEMENT
Escrow account setup for disputed receivable recovery,Collections Agent,86715.83,CRITICAL,DEBT_COLLECTION
Performance marketing ad spend allocation on Google Ads,Growth Agent,476415.59,MEDIUM,GROWTH_INVESTMENT
Full refund for returned defective electronic unit #2330,Refund Agent,24401.51,MEDIUM,CUSTOMER_REFUND
Replenishment of working capital escrow reserve buffer,Treasury Agent,103746.01,CRITICAL,LIQUIDITY_REBALANCE
Emergency reserve replenishment following high outflow cycle,Treasury Agent,145695.8,HIGH,LIQUIDITY_REBALANCE
Customer referral bonus pool allocation,Growth Agent,359323.21,HIGH,GROWTH_INVESTMENT
Short-term liquid mutual fund redemption to bolster working cash,Treasury Agent,260686.82,MEDIUM,LIQUIDITY_REBALANCE
Full refund for returned defective electronic unit #3330,Refund Agent,11640.07,MEDIUM,CUSTOMER_REFUND
Sponsorship fee for national fintech developer conference,Growth Agent,105959.15,HIGH,GROWTH_INVESTMENT
Receivable discount fee for accelerated factoring liquidation,Collections Agent,56298.25,CRITICAL,DEBT_COLLECTION
Payment for Q3 vendor invoices regarding cloud infrastructure,Payout Agent,600900.44,HIGH,SUPPLIER_SETTLEMENT
Settlement of raw material invoice #4750 to primary vendor,Payout Agent,771433.33,LOW,SUPPLIER_SETTLEMENT
Performance marketing ad spend allocation on Google Ads,Growth Agent,261725.37,CRITICAL,GROWTH_INVESTMENT
Paid acquisition ad spend top-up on Meta and LinkedIn,Growth Agent,335653.12,CRITICAL,GROWTH_INVESTMENT
Payment of hardware maintenance contract for warehouse 6700,Payout Agent,356261.07,HIGH,SUPPLIER_SETTLEMENT
Disbursement for logistics partner freight clearing,Payout Agent,358733.82,CRITICAL,SUPPLIER_SETTLEMENT
Affiliate partner commission prepayment for festival sprint,Growth Agent,254671.66,HIGH,GROWTH_INVESTMENT
Brand awareness campaign media buying for Q4,Growth Agent,486583.13,CRITICAL,GROWTH_INVESTMENT
Yield optimization sweep of idle float to overnight liquid funds,Treasury Agent,746766.88,LOW,LIQUIDITY_REBALANCE
Partial refund due to discount coupon error at checkout,Refund Agent,94185.9,LOW,CUSTOMER_REFUND
Full refund for returned defective electronic unit #9998,Refund Agent,20520.97,HIGH,CUSTOMER_REFUND
Escrow account setup for disputed receivable recovery,Collections Agent,7742.6,MEDIUM,DEBT_COLLECTION
Full refund for returned defective electronic unit #1224,Refund Agent,83285.46,LOW,CUSTOMER_REFUND
Subscription cancellation charge reversal requested by user,Refund Agent,142112.05,MEDIUM,CUSTOMER_REFUND
Receivable discount fee for accelerated factoring liquidation,Collections Agent,72014.1,CRITICAL,DEBT_COLLECTION
Escrow account setup for disputed receivable recovery,Collections Agent,48394.71,MEDIUM,DEBT_COLLECTION
Legal notice issuance fee for delinquent enterprise account #9327,Collections Agent,75897.79,MEDIUM,DEBT_COLLECTION
Vendor payout for contract software engineering services,Payout Agent,304906.43,HIGH,SUPPLIER_SETTLEMENT
Vendor payout for contract software engineering services,Payout Agent,678106.94,CRITICAL,SUPPLIER_SETTLEMENT
Merchant store credit conversion to original payment refund,Refund Agent,73166.87,HIGH,CUSTOMER_REFUND
Liquidity pool re-allocation across multi-banking nodal accounts,Treasury Agent,1405993.16,MEDIUM,LIQUIDITY_REBALANCE
Chargeback resolution and customer refund reconciliation,Refund Agent,128545.93,CRITICAL,CUSTOMER_REFUND
Urgent payment to critical supplier to release pending shipment,Payout Agent,578920.91,CRITICAL,SUPPLIER_SETTLEMENT
Automated payment gateway collection retry incentive,Collections Agent,96658.32,MEDIUM,DEBT_COLLECTION
Treasury rebalancing to maintain regulatory statutory reserve buffer,Treasury Agent,1323866.52,CRITICAL,LIQUIDITY_REBALANCE
Payment of hardware maintenance contract for warehouse 1251,Payout Agent,591832.87,CRITICAL,SUPPLIER_SETTLEMENT
Subscription cancellation charge reversal requested by user,Refund Agent,117447.27,HIGH,CUSTOMER_REFUND
Affiliate partner commission prepayment for festival sprint,Growth Agent,433294.38,CRITICAL,GROWTH_INVESTMENT
Customer referral bonus pool allocation,Growth Agent,66154.59,LOW,GROWTH_INVESTMENT
Full refund for returned defective electronic unit #4727,Refund Agent,112268.19,CRITICAL,CUSTOMER_REFUND
Settlement of raw material invoice #8269 to primary vendor,Payout Agent,174773.59,HIGH,SUPPLIER_SETTLEMENT
Payment for Q3 vendor invoices regarding cloud infrastructure,Payout Agent,647107.6,HIGH,SUPPLIER_SETTLEMENT
Brand awareness campaign media buying for Q4,Growth Agent,115506.41,CRITICAL,GROWTH_INVESTMENT
Inter-account treasury transfer from primary current to payroll reserve,Treasury Agent,345097.1,CRITICAL,LIQUIDITY_REBALANCE
Short-term liquid mutual fund redemption to bolster working cash,Treasury Agent,1377960.62,MEDIUM,LIQUIDITY_REBALANCE
Merchant store credit conversion to original payment refund,Refund Agent,69476.0,LOW,CUSTOMER_REFUND
Receivable discount fee for accelerated factoring liquidation,Collections Agent,20007.68,CRITICAL,DEBT_COLLECTION
Sponsorship fee for national fintech developer conference,Growth Agent,360641.08,CRITICAL,GROWTH_INVESTMENT
Search engine marketing budget expansion for high-intent keywords,Growth Agent,434000.96,LOW,GROWTH_INVESTMENT
Chargeback resolution and customer refund reconciliation,Refund Agent,86646.98,HIGH,CUSTOMER_REFUND
Quarterly supplier retention bonus and milestone settlement,Payout Agent,56073.47,LOW,SUPPLIER_SETTLEMENT
Emergency reserve replenishment following high outflow cycle,Treasury Agent,1186037.37,MEDIUM,LIQUIDITY_REBALANCE
Treasury rebalancing to maintain regulatory statutory reserve buffer,Treasury Agent,991265.03,HIGH,LIQUIDITY_REBALANCE
Subscription cancellation charge reversal requested by user,Refund Agent,47031.0,CRITICAL,CUSTOMER_REFUND
Urgent payment to critical supplier to release pending shipment,Payout Agent,117600.03,HIGH,SUPPLIER_SETTLEMENT
Affiliate partner commission prepayment for festival sprint,Growth Agent,140357.66,HIGH,GROWTH_INVESTMENT
Hedging collateral deposit for forex currency fluctuations,Treasury Agent,459758.12,CRITICAL,LIQUIDITY_REBALANCE
Brand awareness campaign media buying for Q4,Growth Agent,260749.12,LOW,GROWTH_INVESTMENT
Goodwill refund for delayed order delivery breach SLA,Refund Agent,145123.19,HIGH,CUSTOMER_REFUND
Quarterly supplier retention bonus and milestone settlement,Payout Agent,248343.93,LOW,SUPPLIER_SETTLEMENT
Follow-up collection workflow trigger with dynamic discount #5295,Collections Agent,60533.21,HIGH,DEBT_COLLECTION
Routine bi-weekly supplier invoice settlement for inventory batch #8724,Payout Agent,68768.49,HIGH,SUPPLIER_SETTLEMENT
Short-term liquid mutual fund redemption to bolster working cash,Treasury Agent,989565.49,CRITICAL,LIQUIDITY_REBALANCE
Affiliate partner commission prepayment for festival sprint,Growth Agent,112899.66,LOW,GROWTH_INVESTMENT
Customer referral bonus pool allocation,Growth Agent,93736.4,MEDIUM,GROWTH_INVESTMENT
Escrow account setup for disputed receivable recovery,Collections Agent,68696.19,CRITICAL,DEBT_COLLECTION
Inter-account treasury transfer from primary current to payroll reserve,Treasury Agent,1016890.66,CRITICAL,LIQUIDITY_REBALANCE
Liquidity pool re-allocation across multi-banking nodal accounts,Treasury Agent,145802.8,HIGH,LIQUIDITY_REBALANCE
Merchant store credit conversion to original payment refund,Refund Agent,142632.72,HIGH,CUSTOMER_REFUND
Urgent payment to critical supplier to release pending shipment,Payout Agent,726272.16,HIGH,SUPPLIER_SETTLEMENT
Quarterly supplier retention bonus and milestone settlement,Payout Agent,192356.42,LOW,SUPPLIER_SETTLEMENT
Collection agency recovery contingency disbursement,Collections Agent,65961.92,LOW,DEBT_COLLECTION
Urgent payment to critical supplier to release pending shipment,Payout Agent,791615.68,MEDIUM,SUPPLIER_SETTLEMENT
Routine bi-weekly supplier invoice settlement for inventory batch #4538,Payout Agent,659789.74,MEDIUM,SUPPLIER_SETTLEMENT
Paid acquisition ad spend top-up on Meta and LinkedIn,Growth Agent,174773.68,MEDIUM,GROWTH_INVESTMENT
Full refund for returned defective electronic unit #3858,Refund Agent,17379.03,LOW,CUSTOMER_REFUND
Customer refund for damaged shipment order #6869,Refund Agent,118707.71,MEDIUM,CUSTOMER_REFUND
Treasury rebalancing to maintain regulatory statutory reserve buffer,Treasury Agent,343944.68,LOW,LIQUIDITY_REBALANCE
Chargeback resolution and customer refund reconciliation,Refund Agent,17933.75,LOW,CUSTOMER_REFUND
Escrow account setup for disputed receivable recovery,Collections Agent,53757.61,LOW,DEBT_COLLECTION
Legal notice issuance fee for delinquent enterprise account #1710,Collections Agent,74088.08,HIGH,DEBT_COLLECTION
Early settlement discount incentive to collect overdue receivable,Collections Agent,99865.74,CRITICAL,DEBT_COLLECTION
Collection agency recovery contingency disbursement,Collections Agent,72678.12,CRITICAL,DEBT_COLLECTION
Settlement of raw material invoice #6277 to primary vendor,Payout Agent,506223.07,LOW,SUPPLIER_SETTLEMENT
Full refund for returned defective electronic unit #9984,Refund Agent,107110.77,CRITICAL,CUSTOMER_REFUND
Hedging collateral deposit for forex currency fluctuations,Treasury Agent,807771.5,CRITICAL,LIQUIDITY_REBALANCE
Settlement of raw material invoice #4522 to primary vendor,Payout Agent,372552.46,MEDIUM,SUPPLIER_SETTLEMENT
Follow-up collection workflow trigger with dynamic discount #8430,Collections Agent,42879.37,LOW,DEBT_COLLECTION
Affiliate partner commission prepayment for festival sprint,Growth Agent,349298.54,HIGH,GROWTH_INVESTMENT
Merchant store credit conversion to original payment refund,Refund Agent,14592.49,LOW,CUSTOMER_REFUND
Quarterly supplier retention bonus and milestone settlement,Payout Agent,608441.73,HIGH,SUPPLIER_SETTLEMENT
Customer refund for damaged shipment order #6400,Refund Agent,100831.98,CRITICAL,CUSTOMER_REFUND
Affiliate partner commission prepayment for festival sprint,Growth Agent,485779.38,HIGH,GROWTH_INVESTMENT
Influencer campaign budget deposit for festive season launch,Growth Agent,145732.46,CRITICAL,GROWTH_INVESTMENT
Subscription cancellation charge reversal requested by user,Refund Agent,126960.64,HIGH,CUSTOMER_REFUND
Vendor payout for contract software engineering services,Payout Agent,655416.03,LOW,SUPPLIER_SETTLEMENT
Hedging collateral deposit for forex currency fluctuations,Treasury Agent,352582.5,HIGH,LIQUIDITY_REBALANCE
Brand awareness campaign media buying for Q4,Growth Agent,131632.5,MEDIUM,GROWTH_INVESTMENT
Liquidity pool re-allocation across multi-banking nodal accounts,Treasury Agent,298624.52,LOW,LIQUIDITY_REBALANCE
Routine bi-weekly supplier invoice settlement for inventory batch #7163,Payout Agent,364874.37,HIGH,SUPPLIER_SETTLEMENT
Partial refund due to discount coupon error at checkout,Refund Agent,108517.8,LOW,CUSTOMER_REFUND
Disbursement for logistics partner freight clearing,Payout Agent,615826.91,LOW,SUPPLIER_SETTLEMENT
Vendor payout for contract software engineering services,Payout Agent,546454.02,CRITICAL,SUPPLIER_SETTLEMENT
Emergency reserve replenishment following high outflow cycle,Treasury Agent,482433.58,LOW,LIQUIDITY_REBALANCE
Affiliate partner commission prepayment for festival sprint,Growth Agent,177460.91,CRITICAL,GROWTH_INVESTMENT
Hedging collateral deposit for forex currency fluctuations,Treasury Agent,408725.81,LOW,LIQUIDITY_REBALANCE
Routine bi-weekly supplier invoice settlement for inventory batch #5938,Payout Agent,758993.07,MEDIUM,SUPPLIER_SETTLEMENT
Sponsorship fee for national fintech developer conference,Growth Agent,103992.95,CRITICAL,GROWTH_INVESTMENT
Automated payment gateway collection retry incentive,Collections Agent,41119.71,MEDIUM,DEBT_COLLECTION
Treasury rebalancing to maintain regulatory statutory reserve buffer,Treasury Agent,655899.64,LOW,LIQUIDITY_REBALANCE
Early settlement discount incentive to collect overdue receivable,Collections Agent,92510.43,HIGH,DEBT_COLLECTION
Liquidity pool re-allocation across multi-banking nodal accounts,Treasury Agent,1093298.55,CRITICAL,LIQUIDITY_REBALANCE
Influencer campaign budget deposit for festive season launch,Growth Agent,59385.45,HIGH,GROWTH_INVESTMENT
Merchant store credit conversion to original payment refund,Refund Agent,14131.35,LOW,CUSTOMER_REFUND
Chargeback resolution and customer refund reconciliation,Refund Agent,79070.42,CRITICAL,CUSTOMER_REFUND
Brand awareness campaign media buying for Q4,Growth Agent,199880.88,MEDIUM,GROWTH_INVESTMENT
Settlement of raw material invoice #9693 to primary vendor,Payout Agent,432464.05,HIGH,SUPPLIER_SETTLEMENT
Paid acquisition ad spend top-up on Meta and LinkedIn,Growth Agent,96262.04,HIGH,GROWTH_INVESTMENT
Double charge correction and dispute refund for transaction #3504,Refund Agent,114272.08,LOW,CUSTOMER_REFUND
Merchant store credit conversion to original payment refund,Refund Agent,113412.43,CRITICAL,CUSTOMER_REFUND
Treasury rebalancing to maintain regulatory statutory reserve buffer,Treasury Agent,311340.36,LOW,LIQUIDITY_REBALANCE
Escrow account setup for disputed receivable recovery,Collections Agent,80651.32,LOW,DEBT_COLLECTION
Influencer campaign budget deposit for festive season launch,Growth Agent,257784.12,LOW,GROWTH_INVESTMENT
Urgent payment to critical supplier to release pending shipment,Payout Agent,107548.25,LOW,SUPPLIER_SETTLEMENT
Liquidity pool re-allocation across multi-banking nodal accounts,Treasury Agent,912461.17,LOW,LIQUIDITY_REBALANCE
Legal notice issuance fee for delinquent enterprise account #6267,Collections Agent,62475.55,MEDIUM,DEBT_COLLECTION
Payment of hardware maintenance contract for warehouse 2695,Payout Agent,658225.11,HIGH,SUPPLIER_SETTLEMENT
Disbursement for logistics partner freight clearing,Payout Agent,235807.79,CRITICAL,SUPPLIER_SETTLEMENT
Automated payment gateway collection retry incentive,Collections Agent,40420.94,HIGH,DEBT_COLLECTION
Settlement waiver allocation for 90-day overdue merchant balance,Collections Agent,69495.28,LOW,DEBT_COLLECTION
Influencer campaign budget deposit for festive season launch,Growth Agent,92527.68,CRITICAL,GROWTH_INVESTMENT
Sponsorship fee for national fintech developer conference,Growth Agent,200012.92,MEDIUM,GROWTH_INVESTMENT
Sponsorship fee for national fintech developer conference,Growth Agent,108028.25,LOW,GROWTH_INVESTMENT
Affiliate partner commission prepayment for festival sprint,Growth Agent,415933.15,LOW,GROWTH_INVESTMENT
Follow-up collection workflow trigger with dynamic discount #1298,Collections Agent,39446.78,MEDIUM,DEBT_COLLECTION
Partial refund due to discount coupon error at checkout,Refund Agent,29608.78,MEDIUM,CUSTOMER_REFUND
Subscription cancellation charge reversal requested by user,Refund Agent,126819.83,LOW,CUSTOMER_REFUND
Yield optimization sweep of idle float to overnight liquid funds,Treasury Agent,1326949.88,MEDIUM,LIQUIDITY_REBALANCE
Liquidity pool re-allocation across multi-banking nodal accounts,Treasury Agent,327146.1,MEDIUM,LIQUIDITY_REBALANCE
Early settlement discount incentive to collect overdue receivable,Collections Agent,39608.44,MEDIUM,DEBT_COLLECTION
Receivable discount fee for accelerated factoring liquidation,Collections Agent,27230.28,MEDIUM,DEBT_COLLECTION
Customer referral bonus pool allocation,Growth Agent,215528.43,CRITICAL,GROWTH_INVESTMENT
Receivable discount fee for accelerated factoring liquidation,Collections Agent,52776.14,CRITICAL,DEBT_COLLECTION
Goodwill refund for delayed order delivery breach SLA,Refund Agent,131077.29,LOW,CUSTOMER_REFUND
Follow-up collection workflow trigger with dynamic discount #2680,Collections Agent,72583.09,LOW,DEBT_COLLECTION
Influencer campaign budget deposit for festive season launch,Growth Agent,172756.08,MEDIUM,GROWTH_INVESTMENT
Collection agency recovery contingency disbursement,Collections Agent,82586.81,HIGH,DEBT_COLLECTION
Quarterly supplier retention bonus and milestone settlement,Payout Agent,347340.47,HIGH,SUPPLIER_SETTLEMENT
Chargeback resolution and customer refund reconciliation,Refund Agent,56861.99,LOW,CUSTOMER_REFUND
Influencer campaign budget deposit for festive season launch,Growth Agent,406121.29,MEDIUM,GROWTH_INVESTMENT
Vendor payout for contract software engineering services,Payout Agent,572053.99,MEDIUM,SUPPLIER_SETTLEMENT
Escrow account setup for disputed receivable recovery,Collections Agent,91056.46,LOW,DEBT_COLLECTION
Search engine marketing budget expansion for high-intent keywords,Growth Agent,296961.91,CRITICAL,GROWTH_INVESTMENT
Vendor payout for contract software engineering services,Payout Agent,275863.4,LOW,SUPPLIER_SETTLEMENT
Chargeback resolution and customer refund reconciliation,Refund Agent,10358.27,CRITICAL,CUSTOMER_REFUND
Yield optimization sweep of idle float to overnight liquid funds,Treasury Agent,905066.44,MEDIUM,LIQUIDITY_REBALANCE
Affiliate partner commission prepayment for festival sprint,Growth Agent,326664.31,MEDIUM,GROWTH_INVESTMENT
Liquidity pool re-allocation across multi-banking nodal accounts,Treasury Agent,1030119.82,LOW,LIQUIDITY_REBALANCE
Treasury rebalancing to maintain regulatory statutory reserve buffer,Treasury Agent,1434765.15,LOW,LIQUIDITY_REBALANCE
Escrow account setup for disputed receivable recovery,Collections Agent,65388.73,HIGH,DEBT_COLLECTION
Performance marketing ad spend allocation on Google Ads,Growth Agent,404834.01,HIGH,GROWTH_INVESTMENT
Subscription cancellation charge reversal requested by user,Refund Agent,20878.03,HIGH,CUSTOMER_REFUND
Treasury rebalancing to maintain regulatory statutory reserve buffer,Treasury Agent,1262537.12,CRITICAL,LIQUIDITY_REBALANCE
Automated payment gateway collection retry incentive,Collections Agent,10994.55,CRITICAL,DEBT_COLLECTION
Vendor payout for contract software engineering services,Payout Agent,82854.71,MEDIUM,SUPPLIER_SETTLEMENT
Urgent payment to critical supplier to release pending shipment,Payout Agent,436537.69,CRITICAL,SUPPLIER_SETTLEMENT
Performance marketing ad spend allocation on Google Ads,Growth Agent,178749.9,LOW,GROWTH_INVESTMENT
Sponsorship fee for national fintech developer conference,Growth Agent,409704.09,CRITICAL,GROWTH_INVESTMENT
Escrow account setup for disputed receivable recovery,Collections Agent,37208.48,MEDIUM,DEBT_COLLECTION
Escrow account setup for disputed receivable recovery,Collections Agent,92809.49,HIGH,DEBT_COLLECTION
Quarterly supplier retention bonus and milestone settlement,Payout Agent,372955.36,MEDIUM,SUPPLIER_SETTLEMENT
Hedging collateral deposit for forex currency fluctuations,Treasury Agent,243637.07,HIGH,LIQUIDITY_REBALANCE
Sponsorship fee for national fintech developer conference,Growth Agent,321179.73,CRITICAL,GROWTH_INVESTMENT
Merchant store credit conversion to original payment refund,Refund Agent,67622.32,HIGH,CUSTOMER_REFUND
Liquidity pool re-allocation across multi-banking nodal accounts,Treasury Agent,995257.03,LOW,LIQUIDITY_REBALANCE
Quarterly supplier retention bonus and milestone settlement,Payout Agent,434814.51,MEDIUM,SUPPLIER_SETTLEMENT
Disbursement for logistics partner freight clearing,Payout Agent,76099.22,LOW,SUPPLIER_SETTLEMENT
Partial refund due to discount coupon error at checkout,Refund Agent,58045.31,LOW,CUSTOMER_REFUND
Inter-account treasury transfer from primary current to payroll reserve,Treasury Agent,1428352.94,HIGH,LIQUIDITY_REBALANCE
Collection agency recovery contingency disbursement,Collections Agent,55298.69,CRITICAL,DEBT_COLLECTION
Sponsorship fee for national fintech developer conference,Growth Agent,482234.02,LOW,GROWTH_INVESTMENT
Merchant store credit conversion to original payment refund,Refund Agent,58661.12,LOW,CUSTOMER_REFUND
Sponsorship fee for national fintech developer conference,Growth Agent,146556.69,HIGH,GROWTH_INVESTMENT
Legal notice issuance fee for delinquent enterprise account #3009,Collections Agent,17894.2,LOW,DEBT_COLLECTION
Automated payment gateway collection retry incentive,Collections Agent,99739.93,HIGH,DEBT_COLLECTION
Influencer campaign budget deposit for festive season launch,Growth Agent,180663.03,HIGH,GROWTH_INVESTMENT
Double charge correction and dispute refund for transaction #6922,Refund Agent,76804.61,LOW,CUSTOMER_REFUND
Double charge correction and dispute refund for transaction #4878,Refund Agent,118765.59,LOW,CUSTOMER_REFUND
Brand awareness campaign media buying for Q4,Growth Agent,411647.78,MEDIUM,GROWTH_INVESTMENT
Replenishment of working capital escrow reserve buffer,Treasury Agent,533007.0,CRITICAL,LIQUIDITY_REBALANCE
Liquidity pool re-allocation across multi-banking nodal accounts,Treasury Agent,1252675.16,LOW,LIQUIDITY_REBALANCE
Partial refund due to discount coupon error at checkout,Refund Agent,68046.2,HIGH,CUSTOMER_REFUND
Double charge correction and dispute refund for transaction #3114,Refund Agent,65460.12,LOW,CUSTOMER_REFUND
Disbursement for logistics partner freight clearing,Payout Agent,173492.81,HIGH,SUPPLIER_SETTLEMENT
Partial refund due to discount coupon error at checkout,Refund Agent,134343.96,LOW,CUSTOMER_REFUND
Search engine marketing budget expansion for high-intent keywords,Growth Agent,106326.63,HIGH,GROWTH_INVESTMENT
Replenishment of working capital escrow reserve buffer,Treasury Agent,997382.4,MEDIUM,LIQUIDITY_REBALANCE
Partial refund due to discount coupon error at checkout,Refund Agent,123960.2,LOW,CUSTOMER_REFUND
Payment for Q3 vendor invoices regarding cloud infrastructure,Payout Agent,538347.48,CRITICAL,SUPPLIER_SETTLEMENT
Yield optimization sweep of idle float to overnight liquid funds,Treasury Agent,1344595.63,HIGH,LIQUIDITY_REBALANCE
Customer referral bonus pool allocation,Growth Agent,412109.67,CRITICAL,GROWTH_INVESTMENT
Customer referral bonus pool allocation,Growth Agent,359876.11,MEDIUM,GROWTH_INVESTMENT
Settlement waiver allocation for 90-day overdue merchant balance,Collections Agent,49122.0,HIGH,DEBT_COLLECTION
Inter-account treasury transfer from primary current to payroll reserve,Treasury Agent,1306079.11,HIGH,LIQUIDITY_REBALANCE
Affiliate partner commission prepayment for festival sprint,Growth Agent,392299.25,LOW,GROWTH_INVESTMENT
Search engine marketing budget expansion for high-intent keywords,Growth Agent,105134.86,CRITICAL,GROWTH_INVESTMENT
Double charge correction and dispute refund for transaction #2586,Refund Agent,8540.19,CRITICAL,CUSTOMER_REFUND
Liquidity pool re-allocation across multi-banking nodal accounts,Treasury Agent,1447760.19,MEDIUM,LIQUIDITY_REBALANCE
Brand awareness campaign media buying for Q4,Growth Agent,393404.62,CRITICAL,GROWTH_INVESTMENT
Emergency reserve replenishment following high outflow cycle,Treasury Agent,1330705.93,CRITICAL,LIQUIDITY_REBALANCE
Settlement of raw material invoice #7442 to primary vendor,Payout Agent,429083.35,MEDIUM,SUPPLIER_SETTLEMENT
Partial refund due to discount coupon error at checkout,Refund Agent,8530.52,CRITICAL,CUSTOMER_REFUND
Emergency reserve replenishment following high outflow cycle,Treasury Agent,851367.05,LOW,LIQUIDITY_REBALANCE
Automated payment gateway collection retry incentive,Collections Agent,74113.27,CRITICAL,DEBT_COLLECTION
Performance marketing ad spend allocation on Google Ads,Growth Agent,73020.96,MEDIUM,GROWTH_INVESTMENT
Sponsorship fee for national fintech developer conference,Growth Agent,223856.97,CRITICAL,GROWTH_INVESTMENT
Hedging collateral deposit for forex currency fluctuations,Treasury Agent,280128.75,LOW,LIQUIDITY_REBALANCE
Follow-up collection workflow trigger with dynamic discount #6555,Collections Agent,57994.02,HIGH,DEBT_COLLECTION
Goodwill refund for delayed order delivery breach SLA,Refund Agent,60806.68,LOW,CUSTOMER_REFUND
Payment for Q3 vendor invoices regarding cloud infrastructure,Payout Agent,585193.88,CRITICAL,SUPPLIER_SETTLEMENT
Emergency reserve replenishment following high outflow cycle,Treasury Agent,948764.73,MEDIUM,LIQUIDITY_REBALANCE
Brand awareness campaign media buying for Q4,Growth Agent,226829.56,HIGH,GROWTH_INVESTMENT
Treasury rebalancing to maintain regulatory statutory reserve buffer,Treasury Agent,1259605.14,CRITICAL,LIQUIDITY_REBALANCE
Hedging collateral deposit for forex currency fluctuations,Treasury Agent,1242048.37,HIGH,LIQUIDITY_REBALANCE
Influencer campaign budget deposit for festive season launch,Growth Agent,312665.96,LOW,GROWTH_INVESTMENT
Emergency reserve replenishment following high outflow cycle,Treasury Agent,1453898.97,MEDIUM,LIQUIDITY_REBALANCE
Payment of hardware maintenance contract for warehouse 3793,Payout Agent,443174.25,CRITICAL,SUPPLIER_SETTLEMENT
Goodwill refund for delayed order delivery breach SLA,Refund Agent,86312.97,LOW,CUSTOMER_REFUND
Customer refund for damaged shipment order #8225,Refund Agent,47740.18,MEDIUM,CUSTOMER_REFUND
Legal notice issuance fee for delinquent enterprise account #7723,Collections Agent,52672.85,CRITICAL,DEBT_COLLECTION
Disbursement for logistics partner freight clearing,Payout Agent,205506.28,HIGH,SUPPLIER_SETTLEMENT
Settlement waiver allocation for 90-day overdue merchant balance,Collections Agent,95885.12,CRITICAL,DEBT_COLLECTION
Treasury rebalancing to maintain regulatory statutory reserve buffer,Treasury Agent,596001.78,HIGH,LIQUIDITY_REBALANCE
Emergency reserve replenishment following high outflow cycle,Treasury Agent,1440272.35,HIGH,LIQUIDITY_REBALANCE
Hedging collateral deposit for forex currency fluctuations,Treasury Agent,1418079.76,HIGH,LIQUIDITY_REBALANCE
Search engine marketing budget expansion for high-intent keywords,Growth Agent,192668.34,HIGH,GROWTH_INVESTMENT
Hedging collateral deposit for forex currency fluctuations,Treasury Agent,270623.75,CRITICAL,LIQUIDITY_REBALANCE
Follow-up collection workflow trigger with dynamic discount #3399,Collections Agent,32593.0,HIGH,DEBT_COLLECTION
Urgent payment to critical supplier to release pending shipment,Payout Agent,541979.04,CRITICAL,SUPPLIER_SETTLEMENT
Goodwill refund for delayed order delivery breach SLA,Refund Agent,41398.78,HIGH,CUSTOMER_REFUND
Subscription cancellation charge reversal requested by user,Refund Agent,37126.25,MEDIUM,CUSTOMER_REFUND
Customer refund for damaged shipment order #2641,Refund Agent,62581.9,CRITICAL,CUSTOMER_REFUND
Disbursement for logistics partner freight clearing,Payout Agent,773389.08,MEDIUM,SUPPLIER_SETTLEMENT
Escrow account setup for disputed receivable recovery,Collections Agent,66801.18,HIGH,DEBT_COLLECTION
Sponsorship fee for national fintech developer conference,Growth Agent,458571.63,LOW,GROWTH_INVESTMENT
Short-term liquid mutual fund redemption to bolster working cash,Treasury Agent,1134161.13,LOW,LIQUIDITY_REBALANCE
Chargeback resolution and customer refund reconciliation,Refund Agent,140154.47,LOW,CUSTOMER_REFUND
Escrow account setup for disputed receivable recovery,Collections Agent,93977.83,HIGH,DEBT_COLLECTION
Payment for Q3 vendor invoices regarding cloud infrastructure,Payout Agent,475971.4,LOW,SUPPLIER_SETTLEMENT
Sponsorship fee for national fintech developer conference,Growth Agent,495094.76,CRITICAL,GROWTH_INVESTMENT
Merchant store credit conversion to original payment refund,Refund Agent,29728.9,LOW,CUSTOMER_REFUND
Paid acquisition ad spend top-up on Meta and LinkedIn,Growth Agent,341728.4,MEDIUM,GROWTH_INVESTMENT
Urgent payment to critical supplier to release pending shipment,Payout Agent,475835.92,MEDIUM,SUPPLIER_SETTLEMENT
Chargeback resolution and customer refund reconciliation,Refund Agent,77776.82,LOW,CUSTOMER_REFUND
Collection agency recovery contingency disbursement,Collections Agent,98260.09,CRITICAL,DEBT_COLLECTION
Search engine marketing budget expansion for high-intent keywords,Growth Agent,167353.37,MEDIUM,GROWTH_INVESTMENT
Receivable discount fee for accelerated factoring liquidation,Collections Agent,33684.85,LOW,DEBT_COLLECTION
Brand awareness campaign media buying for Q4,Growth Agent,77955.95,LOW,GROWTH_INVESTMENT
Receivable discount fee for accelerated factoring liquidation,Collections Agent,43514.58,HIGH,DEBT_COLLECTION
Vendor payout for contract software engineering services,Payout Agent,510969.09,MEDIUM,SUPPLIER_SETTLEMENT
Merchant store credit conversion to original payment refund,Refund Agent,68791.82,HIGH,CUSTOMER_REFUND
Escrow account setup for disputed receivable recovery,Collections Agent,81189.52,MEDIUM,DEBT_COLLECTION
Subscription cancellation charge reversal requested by user,Refund Agent,67565.45,HIGH,CUSTOMER_REFUND
Settlement of raw material invoice #2011 to primary vendor,Payout Agent,671580.54,MEDIUM,SUPPLIER_SETTLEMENT
Inter-account treasury transfer from primary current to payroll reserve,Treasury Agent,559364.69,CRITICAL,LIQUIDITY_REBALANCE
Routine bi-weekly supplier invoice settlement for inventory batch #9008,Payout Agent,118206.23,CRITICAL,SUPPLIER_SETTLEMENT
Payment of hardware maintenance contract for warehouse 3161,Payout Agent,434935.88,CRITICAL,SUPPLIER_SETTLEMENT
Yield optimization sweep of idle float to overnight liquid funds,Treasury Agent,1041874.8,HIGH,LIQUIDITY_REBALANCE
Quarterly supplier retention bonus and milestone settlement,Payout Agent,662339.92,MEDIUM,SUPPLIER_SETTLEMENT
Replenishment of working capital escrow reserve buffer,Treasury Agent,693176.34,LOW,LIQUIDITY_REBALANCE
Yield optimization sweep of idle float to overnight liquid funds,Treasury Agent,1480592.15,CRITICAL,LIQUIDITY_REBALANCE
Vendor payout for contract software engineering services,Payout Agent,184986.0,MEDIUM,SUPPLIER_SETTLEMENT
Follow-up collection workflow trigger with dynamic discount #7266,Collections Agent,47611.03,CRITICAL,DEBT_COLLECTION
Collection agency recovery contingency disbursement,Collections Agent,17634.03,HIGH,DEBT_COLLECTION
Disbursement for logistics partner freight clearing,Payout Agent,344793.97,MEDIUM,SUPPLIER_SETTLEMENT
Customer refund for damaged shipment order #1372,Refund Agent,146795.11,CRITICAL,CUSTOMER_REFUND
Liquidity pool re-allocation across multi-banking nodal accounts,Treasury Agent,630987.06,MEDIUM,LIQUIDITY_REBALANCE
Merchant store credit conversion to original payment refund,Refund Agent,24113.08,MEDIUM,CUSTOMER_REFUND
Payment for Q3 vendor invoices regarding cloud infrastructure,Payout Agent,511192.41,LOW,SUPPLIER_SETTLEMENT
Goodwill refund for delayed order delivery breach SLA,Refund Agent,16033.61,LOW,CUSTOMER_REFUND
Early settlement discount incentive to collect overdue receivable,Collections Agent,75351.4,CRITICAL,DEBT_COLLECTION
Legal notice issuance fee for delinquent enterprise account #9843,Collections Agent,25640.57,LOW,DEBT_COLLECTION
Full refund for returned defective electronic unit #4836,Refund Agent,122552.15,HIGH,CUSTOMER_REFUND
Treasury rebalancing to maintain regulatory statutory reserve buffer,Treasury Agent,522470.21,MEDIUM,LIQUIDITY_REBALANCE
Short-term liquid mutual fund redemption to bolster working cash,Treasury Agent,520701.34,LOW,LIQUIDITY_REBALANCE
Inter-account treasury transfer from primary current to payroll reserve,Treasury Agent,878190.93,LOW,LIQUIDITY_REBALANCE
Affiliate partner commission prepayment for festival sprint,Growth Agent,193430.51,CRITICAL,GROWTH_INVESTMENT
Automated payment gateway collection retry incentive,Collections Agent,40763.72,CRITICAL,DEBT_COLLECTION
Goodwill refund for delayed order delivery breach SLA,Refund Agent,128773.64,MEDIUM,CUSTOMER_REFUND
Early settlement discount incentive to collect overdue receivable,Collections Agent,96939.69,MEDIUM,DEBT_COLLECTION
Legal notice issuance fee for delinquent enterprise account #5177,Collections Agent,24316.99,LOW,DEBT_COLLECTION
Follow-up collection workflow trigger with dynamic discount #2514,Collections Agent,55885.38,MEDIUM,DEBT_COLLECTION
Vendor payout for contract software engineering services,Payout Agent,555253.94,LOW,SUPPLIER_SETTLEMENT
Routine bi-weekly supplier invoice settlement for inventory batch #4555,Payout Agent,409545.65,HIGH,SUPPLIER_SETTLEMENT
Performance marketing ad spend allocation on Google Ads,Growth Agent,471721.89,LOW,GROWTH_INVESTMENT
Legal notice issuance fee for delinquent enterprise account #4350,Collections Agent,42680.05,MEDIUM,DEBT_COLLECTION
Treasury rebalancing to maintain regulatory statutory reserve buffer,Treasury Agent,632926.44,HIGH,LIQUIDITY_REBALANCE
Sponsorship fee for national fintech developer conference,Growth Agent,280767.44,CRITICAL,GROWTH_INVESTMENT
Collection agency recovery contingency disbursement,Collections Agent,77354.75,HIGH,DEBT_COLLECTION
Partial refund due to discount coupon error at checkout,Refund Agent,62675.6,MEDIUM,CUSTOMER_REFUND
Customer refund for damaged shipment order #5272,Refund Agent,83443.42,CRITICAL,CUSTOMER_REFUND
Paid acquisition ad spend top-up on Meta and LinkedIn,Growth Agent,198439.38,CRITICAL,GROWTH_INVESTMENT
Short-term liquid mutual fund redemption to bolster working cash,Treasury Agent,870899.55,HIGH,LIQUIDITY_REBALANCE
Customer referral bonus pool allocation,Growth Agent,257373.05,HIGH,GROWTH_INVESTMENT
Double charge correction and dispute refund for transaction #9954,Refund Agent,73759.13,LOW,CUSTOMER_REFUND
Yield optimization sweep of idle float to overnight liquid funds,Treasury Agent,1423263.36,LOW,LIQUIDITY_REBALANCE
Quarterly supplier retention bonus and milestone settlement,Payout Agent,681908.54,MEDIUM,SUPPLIER_SETTLEMENT
Disbursement for logistics partner freight clearing,Payout Agent,214039.75,CRITICAL,SUPPLIER_SETTLEMENT
Performance marketing ad spend allocation on Google Ads,Growth Agent,346677.95,LOW,GROWTH_INVESTMENT
Quarterly supplier retention bonus and milestone settlement,Payout Agent,62544.61,HIGH,SUPPLIER_SETTLEMENT
Hedging collateral deposit for forex currency fluctuations,Treasury Agent,803102.45,CRITICAL,LIQUIDITY_REBALANCE
Subscription cancellation charge reversal requested by user,Refund Agent,79133.42,MEDIUM,CUSTOMER_REFUND
Full refund for returned defective electronic unit #6807,Refund Agent,40831.39,CRITICAL,CUSTOMER_REFUND
Urgent payment to critical supplier to release pending shipment,Payout Agent,394248.31,MEDIUM,SUPPLIER_SETTLEMENT
Full refund for returned defective electronic unit #2320,Refund Agent,98406.62,LOW,CUSTOMER_REFUND
Quarterly supplier retention bonus and milestone settlement,Payout Agent,332877.18,CRITICAL,SUPPLIER_SETTLEMENT
Payment for Q3 vendor invoices regarding cloud infrastructure,Payout Agent,112014.59,CRITICAL,SUPPLIER_SETTLEMENT
Influencer campaign budget deposit for festive season launch,Growth Agent,463618.5,MEDIUM,GROWTH_INVESTMENT
Merchant store credit conversion to original payment refund,Refund Agent,7937.73,LOW,CUSTOMER_REFUND
Performance marketing ad spend allocation on Google Ads,Growth Agent,467944.86,HIGH,GROWTH_INVESTMENT
Routine bi-weekly supplier invoice settlement for inventory batch #3362,Payout Agent,614190.85,CRITICAL,SUPPLIER_SETTLEMENT
Vendor payout for contract software engineering services,Payout Agent,472968.65,CRITICAL,SUPPLIER_SETTLEMENT
Treasury rebalancing to maintain regulatory statutory reserve buffer,Treasury Agent,1157852.97,MEDIUM,LIQUIDITY_REBALANCE
Urgent payment to critical supplier to release pending shipment,Payout Agent,123264.34,MEDIUM,SUPPLIER_SETTLEMENT
Urgent payment to critical supplier to release pending shipment,Payout Agent,776690.4,HIGH,SUPPLIER_SETTLEMENT
Vendor payout for contract software engineering services,Payout Agent,417952.59,HIGH,SUPPLIER_SETTLEMENT
Liquidity pool re-allocation across multi-banking nodal accounts,Treasury Agent,360032.98,CRITICAL,LIQUIDITY_REBALANCE
Vendor payout for contract software engineering services,Payout Agent,584831.4,LOW,SUPPLIER_SETTLEMENT
Paid acquisition ad spend top-up on Meta and LinkedIn,Growth Agent,370254.72,MEDIUM,GROWTH_INVESTMENT
Follow-up collection workflow trigger with dynamic discount #6909,Collections Agent,15122.34,LOW,DEBT_COLLECTION
Customer referral bonus pool allocation,Growth Agent,392605.92,LOW,GROWTH_INVESTMENT
Subscription cancellation charge reversal requested by user,Refund Agent,65215.95,CRITICAL,CUSTOMER_REFUND
Payment for Q3 vendor invoices regarding cloud infrastructure,Payout Agent,315435.72,LOW,SUPPLIER_SETTLEMENT
Treasury rebalancing to maintain regulatory statutory reserve buffer,Treasury Agent,117276.86,CRITICAL,LIQUIDITY_REBALANCE
Collection agency recovery contingency disbursement,Collections Agent,59336.24,MEDIUM,DEBT_COLLECTION
Automated payment gateway collection retry incentive,Collections Agent,30547.3,HIGH,DEBT_COLLECTION
Automated payment gateway collection retry incentive,Collections Agent,20884.7,HIGH,DEBT_COLLECTION
Receivable discount fee for accelerated factoring liquidation,Collections Agent,79353.33,HIGH,DEBT_COLLECTION
Search engine marketing budget expansion for high-intent keywords,Growth Agent,317212.88,MEDIUM,GROWTH_INVESTMENT
Collection agency recovery contingency disbursement,Collections Agent,33942.51,CRITICAL,DEBT_COLLECTION
Affiliate partner commission prepayment for festival sprint,Growth Agent,248100.31,CRITICAL,GROWTH_INVESTMENT
Inter-account treasury transfer from primary current to payroll reserve,Treasury Agent,548931.22,MEDIUM,LIQUIDITY_REBALANCE
Follow-up collection workflow trigger with dynamic discount #3910,Collections Agent,96634.59,HIGH,DEBT_COLLECTION
Customer referral bonus pool allocation,Growth Agent,196648.81,HIGH,GROWTH_INVESTMENT
Follow-up collection workflow trigger with dynamic discount #2865,Collections Agent,93546.38,MEDIUM,DEBT_COLLECTION
Inter-account treasury transfer from primary current to payroll reserve,Treasury Agent,1434206.46,CRITICAL,LIQUIDITY_REBALANCE
Merchant store credit conversion to original payment refund,Refund Agent,124860.99,LOW,CUSTOMER_REFUND
Escrow account setup for disputed receivable recovery,Collections Agent,65166.92,MEDIUM,DEBT_COLLECTION
Paid acquisition ad spend top-up on Meta and LinkedIn,Growth Agent,405084.54,LOW,GROWTH_INVESTMENT
Escrow account setup for disputed receivable recovery,Collections Agent,55764.9,CRITICAL,DEBT_COLLECTION
Yield optimization sweep of idle float to overnight liquid funds,Treasury Agent,1082288.0,LOW,LIQUIDITY_REBALANCE
Routine bi-weekly supplier invoice settlement for inventory batch #6816,Payout Agent,174753.87,LOW,SUPPLIER_SETTLEMENT
Liquidity pool re-allocation across multi-banking nodal accounts,Treasury Agent,1452003.49,CRITICAL,LIQUIDITY_REBALANCE
Payment for Q3 vendor invoices regarding cloud infrastructure,Payout Agent,244053.78,MEDIUM,SUPPLIER_SETTLEMENT
Follow-up collection workflow trigger with dynamic discount #7408,Collections Agent,48991.0,MEDIUM,DEBT_COLLECTION
Performance marketing ad spend allocation on Google Ads,Growth Agent,97047.21,CRITICAL,GROWTH_INVESTMENT
Settlement of raw material invoice #3321 to primary vendor,Payout Agent,311246.49,HIGH,SUPPLIER_SETTLEMENT
Legal notice issuance fee for delinquent enterprise account #9537,Collections Agent,50877.97,CRITICAL,DEBT_COLLECTION
Payment of hardware maintenance contract for warehouse 8412,Payout Agent,289182.11,HIGH,SUPPLIER_SETTLEMENT
Settlement of raw material invoice #1370 to primary vendor,Payout Agent,686885.01,LOW,SUPPLIER_SETTLEMENT
Goodwill refund for delayed order delivery breach SLA,Refund Agent,26993.53,MEDIUM,CUSTOMER_REFUND
Affiliate partner commission prepayment for festival sprint,Growth Agent,154335.0,CRITICAL,GROWTH_INVESTMENT
Double charge correction and dispute refund for transaction #8080,Refund Agent,59941.77,MEDIUM,CUSTOMER_REFUND
Settlement waiver allocation for 90-day overdue merchant balance,Collections Agent,5422.75,MEDIUM,DEBT_COLLECTION
Full refund for returned defective electronic unit #2025,Refund Agent,87024.84,MEDIUM,CUSTOMER_REFUND
Brand awareness campaign media buying for Q4,Growth Agent,255897.69,HIGH,GROWTH_INVESTMENT
Follow-up collection workflow trigger with dynamic discount #7367,Collections Agent,63074.3,LOW,DEBT_COLLECTION
Brand awareness campaign media buying for Q4,Growth Agent,327813.21,HIGH,GROWTH_INVESTMENT
Replenishment of working capital escrow reserve buffer,Treasury Agent,538460.04,MEDIUM,LIQUIDITY_REBALANCE
Influencer campaign budget deposit for festive season launch,Growth Agent,217987.73,MEDIUM,GROWTH_INVESTMENT
Liquidity pool re-allocation across multi-banking nodal accounts,Treasury Agent,934996.14,CRITICAL,LIQUIDITY_REBALANCE
Automated payment gateway collection retry incentive,Collections Agent,65372.66,MEDIUM,DEBT_COLLECTION
Inter-account treasury transfer from primary current to payroll reserve,Treasury Agent,504368.68,MEDIUM,LIQUIDITY_REBALANCE
Customer referral bonus pool allocation,Growth Agent,439485.0,LOW,GROWTH_INVESTMENT
Automated payment gateway collection retry incentive,Collections Agent,82445.51,CRITICAL,DEBT_COLLECTION
Escrow account setup for disputed receivable recovery,Collections Agent,72463.53,CRITICAL,DEBT_COLLECTION
Automated payment gateway collection retry incentive,Collections Agent,58712.79,MEDIUM,DEBT_COLLECTION
Performance marketing ad spend allocation on Google Ads,Growth Agent,151179.54,HIGH,GROWTH_INVESTMENT
Merchant store credit conversion to original payment refund,Refund Agent,82909.2,LOW,CUSTOMER_REFUND
Replenishment of working capital escrow reserve buffer,Treasury Agent,1185158.24,HIGH,LIQUIDITY_REBALANCE
Yield optimization sweep of idle float to overnight liquid funds,Treasury Agent,864894.58,CRITICAL,LIQUIDITY_REBALANCE
Routine bi-weekly supplier invoice settlement for inventory batch #5877,Payout Agent,706107.38,LOW,SUPPLIER_SETTLEMENT
Receivable discount fee for accelerated factoring liquidation,Collections Agent,86908.96,LOW,DEBT_COLLECTION
Collection agency recovery contingency disbursement,Collections Agent,24938.43,HIGH,DEBT_COLLECTION
Liquidity pool re-allocation across multi-banking nodal accounts,Treasury Agent,962611.68,MEDIUM,LIQUIDITY_REBALANCE
Customer refund for damaged shipment order #6747,Refund Agent,80309.84,MEDIUM,CUSTOMER_REFUND
Sponsorship fee for national fintech developer conference,Growth Agent,307731.01,LOW,GROWTH_INVESTMENT
Chargeback resolution and customer refund reconciliation,Refund Agent,148880.45,MEDIUM,CUSTOMER_REFUND
Goodwill refund for delayed order delivery breach SLA,Refund Agent,106997.83,MEDIUM,CUSTOMER_REFUND
Escrow account setup for disputed receivable recovery,Collections Agent,59855.43,HIGH,DEBT_COLLECTION
Settlement waiver allocation for 90-day overdue merchant balance,Collections Agent,12174.05,LOW,DEBT_COLLECTION
Receivable discount fee for accelerated factoring liquidation,Collections Agent,48196.09,CRITICAL,DEBT_COLLECTION
Performance marketing ad spend allocation on Google Ads,Growth Agent,378919.37,CRITICAL,GROWTH_INVESTMENT
Influencer campaign budget deposit for festive season launch,Growth Agent,228972.14,CRITICAL,GROWTH_INVESTMENT
Merchant store credit conversion to original payment refund,Refund Agent,49106.91,HIGH,CUSTOMER_REFUND
Paid acquisition ad spend top-up on Meta and LinkedIn,Growth Agent,404736.64,LOW,GROWTH_INVESTMENT
Settlement of raw material invoice #8529 to primary vendor,Payout Agent,62211.01,MEDIUM,SUPPLIER_SETTLEMENT
Escrow account setup for disputed receivable recovery,Collections Agent,99224.63,CRITICAL,DEBT_COLLECTION
Double charge correction and dispute refund for transaction #5945,Refund Agent,24687.64,HIGH,CUSTOMER_REFUND
Urgent payment to critical supplier to release pending shipment,Payout Agent,111815.4,MEDIUM,SUPPLIER_SETTLEMENT
Quarterly supplier retention bonus and milestone settlement,Payout Agent,594491.27,MEDIUM,SUPPLIER_SETTLEMENT
Collection agency recovery contingency disbursement,Collections Agent,5103.2,CRITICAL,DEBT_COLLECTION
Disbursement for logistics partner freight clearing,Payout Agent,439583.19,CRITICAL,SUPPLIER_SETTLEMENT
Payment for Q3 vendor invoices regarding cloud infrastructure,Payout Agent,662831.77,CRITICAL,SUPPLIER_SETTLEMENT
Merchant store credit conversion to original payment refund,Refund Agent,35113.08,LOW,CUSTOMER_REFUND
Settlement of raw material invoice #6133 to primary vendor,Payout Agent,325671.27,HIGH,SUPPLIER_SETTLEMENT
Chargeback resolution and customer refund reconciliation,Refund Agent,96594.85,MEDIUM,CUSTOMER_REFUND
Payment for Q3 vendor invoices regarding cloud infrastructure,Payout Agent,380074.57,MEDIUM,SUPPLIER_SETTLEMENT
Chargeback resolution and customer refund reconciliation,Refund Agent,129134.42,LOW,CUSTOMER_REFUND
Disbursement for logistics partner freight clearing,Payout Agent,492180.44,CRITICAL,SUPPLIER_SETTLEMENT
Affiliate partner commission prepayment for festival sprint,Growth Agent,405984.5,MEDIUM,GROWTH_INVESTMENT
Influencer campaign budget deposit for festive season launch,Growth Agent,299028.48,HIGH,GROWTH_INVESTMENT
Vendor payout for contract software engineering services,Payout Agent,438311.85,MEDIUM,SUPPLIER_SETTLEMENT
Receivable discount fee for accelerated factoring liquidation,Collections Agent,79461.15,MEDIUM,DEBT_COLLECTION
Settlement waiver allocation for 90-day overdue merchant balance,Collections Agent,27902.77,LOW,DEBT_COLLECTION
Yield optimization sweep of idle float to overnight liquid funds,Treasury Agent,1407494.16,MEDIUM,LIQUIDITY_REBALANCE
Settlement waiver allocation for 90-day overdue merchant balance,Collections Agent,56903.84,MEDIUM,DEBT_COLLECTION
Collection agency recovery contingency disbursement,Collections Agent,60799.53,LOW,DEBT_COLLECTION
Search engine marketing budget expansion for high-intent keywords,Growth Agent,465160.68,CRITICAL,GROWTH_INVESTMENT
Hedging collateral deposit for forex currency fluctuations,Treasury Agent,1173954.0,CRITICAL,LIQUIDITY_REBALANCE
Collection agency recovery contingency disbursement,Collections Agent,56077.26,MEDIUM,DEBT_COLLECTION
Influencer campaign budget deposit for festive season launch,Growth Agent,85559.7,MEDIUM,GROWTH_INVESTMENT
Partial refund due to discount coupon error at checkout,Refund Agent,88379.14,LOW,CUSTOMER_REFUND
Affiliate partner commission prepayment for festival sprint,Growth Agent,76057.67,LOW,GROWTH_INVESTMENT
Collection agency recovery contingency disbursement,Collections Agent,63168.2,LOW,DEBT_COLLECTION
Paid acquisition ad spend top-up on Meta and LinkedIn,Growth Agent,55699.24,MEDIUM,GROWTH_INVESTMENT
Disbursement for logistics partner freight clearing,Payout Agent,764762.15,HIGH,SUPPLIER_SETTLEMENT
Partial refund due to discount coupon error at checkout,Refund Agent,112716.68,HIGH,CUSTOMER_REFUND
Payment for Q3 vendor invoices regarding cloud infrastructure,Payout Agent,655330.88,HIGH,SUPPLIER_SETTLEMENT
Replenishment of working capital escrow reserve buffer,Treasury Agent,1097252.55,LOW,LIQUIDITY_REBALANCE
Escrow account setup for disputed receivable recovery,Collections Agent,39211.77,CRITICAL,DEBT_COLLECTION
Inter-account treasury transfer from primary current to payroll reserve,Treasury Agent,320233.97,LOW,LIQUIDITY_REBALANCE
Replenishment of working capital escrow reserve buffer,Treasury Agent,1137091.95,LOW,LIQUIDITY_REBALANCE
Payment for Q3 vendor invoices regarding cloud infrastructure,Payout Agent,84486.15,HIGH,SUPPLIER_SETTLEMENT
Automated payment gateway collection retry incentive,Collections Agent,93460.21,LOW,DEBT_COLLECTION
Liquidity pool re-allocation across multi-banking nodal accounts,Treasury Agent,550522.82,CRITICAL,LIQUIDITY_REBALANCE
Sponsorship fee for national fintech developer conference,Growth Agent,307191.18,LOW,GROWTH_INVESTMENT
Yield optimization sweep of idle float to overnight liquid funds,Treasury Agent,412459.09,LOW,LIQUIDITY_REBALANCE
Collection agency recovery contingency disbursement,Collections Agent,87273.06,HIGH,DEBT_COLLECTION
Influencer campaign budget deposit for festive season launch,Growth Agent,53586.13,MEDIUM,GROWTH_INVESTMENT
Sponsorship fee for national fintech developer conference,Growth Agent,258767.01,CRITICAL,GROWTH_INVESTMENT
Goodwill refund for delayed order delivery breach SLA,Refund Agent,1950.3,CRITICAL,CUSTOMER_REFUND
Routine bi-weekly supplier invoice settlement for inventory batch #9872,Payout Agent,309817.77,LOW,SUPPLIER_SETTLEMENT
Performance marketing ad spend allocation on Google Ads,Growth Agent,432052.69,HIGH,GROWTH_INVESTMENT
Routine bi-weekly supplier invoice settlement for inventory batch #9680,Payout Agent,787336.81,CRITICAL,SUPPLIER_SETTLEMENT
Early settlement discount incentive to collect overdue receivable,Collections Agent,72606.99,LOW,DEBT_COLLECTION
Routine bi-weekly supplier invoice settlement for inventory batch #9515,Payout Agent,359792.6,HIGH,SUPPLIER_SETTLEMENT
Collection agency recovery contingency disbursement,Collections Agent,53015.64,CRITICAL,DEBT_COLLECTION
Payment for Q3 vendor invoices regarding cloud infrastructure,Payout Agent,546832.95,MEDIUM,SUPPLIER_SETTLEMENT
Full refund for returned defective electronic unit #5276,Refund Agent,127786.14,CRITICAL,CUSTOMER_REFUND
Brand awareness campaign media buying for Q4,Growth Agent,172380.14,LOW,GROWTH_INVESTMENT
Double charge correction and dispute refund for transaction #2785,Refund Agent,24156.17,MEDIUM,CUSTOMER_REFUND
Escrow account setup for disputed receivable recovery,Collections Agent,43618.69,HIGH,DEBT_COLLECTION
Merchant store credit conversion to original payment refund,Refund Agent,70038.64,LOW,CUSTOMER_REFUND
Disbursement for logistics partner freight clearing,Payout Agent,669790.02,LOW,SUPPLIER_SETTLEMENT
Partial refund due to discount coupon error at checkout,Refund Agent,14590.72,MEDIUM,CUSTOMER_REFUND
Affiliate partner commission prepayment for festival sprint,Growth Agent,72027.78,HIGH,GROWTH_INVESTMENT
Paid acquisition ad spend top-up on Meta and LinkedIn,Growth Agent,478443.47,CRITICAL,GROWTH_INVESTMENT
Short-term liquid mutual fund redemption to bolster working cash,Treasury Agent,746860.55,MEDIUM,LIQUIDITY_REBALANCE
Payment for Q3 vendor invoices regarding cloud infrastructure,Payout Agent,672779.25,MEDIUM,SUPPLIER_SETTLEMENT
Goodwill refund for delayed order delivery breach SLA,Refund Agent,56463.72,LOW,CUSTOMER_REFUND
Hedging collateral deposit for forex currency fluctuations,Treasury Agent,130520.26,LOW,LIQUIDITY_REBALANCE
Merchant store credit conversion to original payment refund,Refund Agent,14704.82,HIGH,CUSTOMER_REFUND
Payment for Q3 vendor invoices regarding cloud infrastructure,Payout Agent,87978.28,CRITICAL,SUPPLIER_SETTLEMENT
Escrow account setup for disputed receivable recovery,Collections Agent,41359.3,CRITICAL,DEBT_COLLECTION
Partial refund due to discount coupon error at checkout,Refund Agent,136337.33,HIGH,CUSTOMER_REFUND
Customer referral bonus pool allocation,Growth Agent,65592.25,MEDIUM,GROWTH_INVESTMENT
Customer referral bonus pool allocation,Growth Agent,447250.36,CRITICAL,GROWTH_INVESTMENT
Settlement of raw material invoice #5583 to primary vendor,Payout Agent,337261.46,CRITICAL,SUPPLIER_SETTLEMENT
Goodwill refund for delayed order delivery breach SLA,Refund Agent,119432.09,CRITICAL,CUSTOMER_REFUND
Customer referral bonus pool allocation,Growth Agent,401645.8,HIGH,GROWTH_INVESTMENT
Treasury rebalancing to maintain regulatory statutory reserve buffer,Treasury Agent,478609.96,LOW,LIQUIDITY_REBALANCE
Search engine marketing budget expansion for high-intent keywords,Growth Agent,453094.15,HIGH,GROWTH_INVESTMENT
Payment of hardware maintenance contract for warehouse 9674,Payout Agent,318074.67,MEDIUM,SUPPLIER_SETTLEMENT
Subscription cancellation charge reversal requested by user,Refund Agent,98872.8,HIGH,CUSTOMER_REFUND
Yield optimization sweep of idle float to overnight liquid funds,Treasury Agent,905968.95,CRITICAL,LIQUIDITY_REBALANCE
Paid acquisition ad spend top-up on Meta and LinkedIn,Growth Agent,156448.01,HIGH,GROWTH_INVESTMENT
Performance marketing ad spend allocation on Google Ads,Growth Agent,476401.43,MEDIUM,GROWTH_INVESTMENT
Short-term liquid mutual fund redemption to bolster working cash,Treasury Agent,858974.44,MEDIUM,LIQUIDITY_REBALANCE
Early settlement discount incentive to collect overdue receivable,Collections Agent,10335.96,MEDIUM,DEBT_COLLECTION
Payment of hardware maintenance contract for warehouse 1011,Payout Agent,298800.5,MEDIUM,SUPPLIER_SETTLEMENT
Partial refund due to discount coupon error at checkout,Refund Agent,137898.34,HIGH,CUSTOMER_REFUND
Payment for Q3 vendor invoices regarding cloud infrastructure,Payout Agent,489956.88,MEDIUM,SUPPLIER_SETTLEMENT
Urgent payment to critical supplier to release pending shipment,Payout Agent,330193.09,CRITICAL,SUPPLIER_SETTLEMENT
Replenishment of working capital escrow reserve buffer,Treasury Agent,522471.22,MEDIUM,LIQUIDITY_REBALANCE
Chargeback resolution and customer refund reconciliation,Refund Agent,97727.86,MEDIUM,CUSTOMER_REFUND
Treasury rebalancing to maintain regulatory statutory reserve buffer,Treasury Agent,1031744.34,MEDIUM,LIQUIDITY_REBALANCE
Receivable discount fee for accelerated factoring liquidation,Collections Agent,17098.09,LOW,DEBT_COLLECTION
Liquidity pool re-allocation across multi-banking nodal accounts,Treasury Agent,354914.46,HIGH,LIQUIDITY_REBALANCE
Short-term liquid mutual fund redemption to bolster working cash,Treasury Agent,1411362.91,MEDIUM,LIQUIDITY_REBALANCE
Influencer campaign budget deposit for festive season launch,Growth Agent,206064.56,HIGH,GROWTH_INVESTMENT
Subscription cancellation charge reversal requested by user,Refund Agent,67547.86,HIGH,CUSTOMER_REFUND
Goodwill refund for delayed order delivery breach SLA,Refund Agent,53221.69,LOW,CUSTOMER_REFUND
Payment for Q3 vendor invoices regarding cloud infrastructure,Payout Agent,378665.11,CRITICAL,SUPPLIER_SETTLEMENT
Chargeback resolution and customer refund reconciliation,Refund Agent,132383.83,HIGH,CUSTOMER_REFUND
Liquidity pool re-allocation across multi-banking nodal accounts,Treasury Agent,1260329.77,MEDIUM,LIQUIDITY_REBALANCE
Merchant store credit conversion to original payment refund,Refund Agent,120079.99,LOW,CUSTOMER_REFUND
Performance marketing ad spend allocation on Google Ads,Growth Agent,167507.47,LOW,GROWTH_INVESTMENT
Urgent payment to critical supplier to release pending shipment,Payout Agent,715948.45,MEDIUM,SUPPLIER_SETTLEMENT
Settlement of raw material invoice #6536 to primary vendor,Payout Agent,495522.91,CRITICAL,SUPPLIER_SETTLEMENT
Quarterly supplier retention bonus and milestone settlement,Payout Agent,505488.22,CRITICAL,SUPPLIER_SETTLEMENT
Customer refund for damaged shipment order #2659,Refund Agent,50333.09,MEDIUM,CUSTOMER_REFUND
Receivable discount fee for accelerated factoring liquidation,Collections Agent,33253.06,LOW,DEBT_COLLECTION
Quarterly supplier retention bonus and milestone settlement,Payout Agent,165192.45,HIGH,SUPPLIER_SETTLEMENT
Quarterly supplier retention bonus and milestone settlement,Payout Agent,270912.09,CRITICAL,SUPPLIER_SETTLEMENT
Subscription cancellation charge reversal requested by user,Refund Agent,31835.99,HIGH,CUSTOMER_REFUND
Payment of hardware maintenance contract for warehouse 2892,Payout Agent,281265.05,CRITICAL,SUPPLIER_SETTLEMENT
Escrow account setup for disputed receivable recovery,Collections Agent,13658.0,CRITICAL,DEBT_COLLECTION
Partial refund due to discount coupon error at checkout,Refund Agent,56040.85,CRITICAL,CUSTOMER_REFUND
Vendor payout for contract software engineering services,Payout Agent,398793.47,MEDIUM,SUPPLIER_SETTLEMENT
Performance marketing ad spend allocation on Google Ads,Growth Agent,388505.81,LOW,GROWTH_INVESTMENT
Urgent payment to critical supplier to release pending shipment,Payout Agent,360489.99,MEDIUM,SUPPLIER_SETTLEMENT
Yield optimization sweep of idle float to overnight liquid funds,Treasury Agent,1245767.3,CRITICAL,LIQUIDITY_REBALANCE
Emergency reserve replenishment following high outflow cycle,Treasury Agent,766767.19,LOW,LIQUIDITY_REBALANCE
Early settlement discount incentive to collect overdue receivable,Collections Agent,59265.89,MEDIUM,DEBT_COLLECTION
Payment of hardware maintenance contract for warehouse 3832,Payout Agent,761796.11,MEDIUM,SUPPLIER_SETTLEMENT
Goodwill refund for delayed order delivery breach SLA,Refund Agent,7358.71,LOW,CUSTOMER_REFUND
Legal notice issuance fee for delinquent enterprise account #3422,Collections Agent,84240.27,HIGH,DEBT_COLLECTION
Influencer campaign budget deposit for festive season launch,Growth Agent,224644.62,CRITICAL,GROWTH_INVESTMENT
Treasury rebalancing to maintain regulatory statutory reserve buffer,Treasury Agent,827563.45,LOW,LIQUIDITY_REBALANCE
Liquidity pool re-allocation across multi-banking nodal accounts,Treasury Agent,680219.36,MEDIUM,LIQUIDITY_REBALANCE
Replenishment of working capital escrow reserve buffer,Treasury Agent,887757.26,LOW,LIQUIDITY_REBALANCE
Brand awareness campaign media buying for Q4,Growth Agent,168861.48,CRITICAL,GROWTH_INVESTMENT
Emergency reserve replenishment following high outflow cycle,Treasury Agent,341079.62,CRITICAL,LIQUIDITY_REBALANCE
Chargeback resolution and customer refund reconciliation,Refund Agent,59973.12,HIGH,CUSTOMER_REFUND
Customer refund for damaged shipment order #8785,Refund Agent,138204.41,HIGH,CUSTOMER_REFUND
Urgent payment to critical supplier to release pending shipment,Payout Agent,283211.97,CRITICAL,SUPPLIER_SETTLEMENT
Routine bi-weekly supplier invoice settlement for inventory batch #3201,Payout Agent,275360.34,CRITICAL,SUPPLIER_SETTLEMENT
Sponsorship fee for national fintech developer conference,Growth Agent,322240.61,LOW,GROWTH_INVESTMENT
Merchant store credit conversion to original payment refund,Refund Agent,137101.49,CRITICAL,CUSTOMER_REFUND
Follow-up collection workflow trigger with dynamic discount #1920,Collections Agent,53950.62,MEDIUM,DEBT_COLLECTION
Vendor payout for contract software engineering services,Payout Agent,352538.86,LOW,SUPPLIER_SETTLEMENT
Goodwill refund for delayed order delivery breach SLA,Refund Agent,125709.52,MEDIUM,CUSTOMER_REFUND
Payment of hardware maintenance contract for warehouse 1828,Payout Agent,738523.3,MEDIUM,SUPPLIER_SETTLEMENT
Brand awareness campaign media buying for Q4,Growth Agent,277306.87,LOW,GROWTH_INVESTMENT
Routine bi-weekly supplier invoice settlement for inventory batch #7102,Payout Agent,416590.05,CRITICAL,SUPPLIER_SETTLEMENT
Merchant store credit conversion to original payment refund,Refund Agent,52293.1,HIGH,CUSTOMER_REFUND
Vendor payout for contract software engineering services,Payout Agent,339924.25,MEDIUM,SUPPLIER_SETTLEMENT
Short-term liquid mutual fund redemption to bolster working cash,Treasury Agent,1006331.85,MEDIUM,LIQUIDITY_REBALANCE
Affiliate partner commission prepayment for festival sprint,Growth Agent,59023.56,LOW,GROWTH_INVESTMENT
Automated payment gateway collection retry incentive,Collections Agent,62108.49,LOW,DEBT_COLLECTION
Full refund for returned defective electronic unit #6004,Refund Agent,107198.33,HIGH,CUSTOMER_REFUND
Settlement waiver allocation for 90-day overdue merchant balance,Collections Agent,48604.81,MEDIUM,DEBT_COLLECTION
Receivable discount fee for accelerated factoring liquidation,Collections Agent,83309.53,CRITICAL,DEBT_COLLECTION
Replenishment of working capital escrow reserve buffer,Treasury Agent,816119.2,HIGH,LIQUIDITY_REBALANCE
Hedging collateral deposit for forex currency fluctuations,Treasury Agent,1058178.39,CRITICAL,LIQUIDITY_REBALANCE
Urgent payment to critical supplier to release pending shipment,Payout Agent,530446.06,HIGH,SUPPLIER_SETTLEMENT
Sponsorship fee for national fintech developer conference,Growth Agent,117468.18,MEDIUM,GROWTH_INVESTMENT
Quarterly supplier retention bonus and milestone settlement,Payout Agent,560566.81,LOW,SUPPLIER_SETTLEMENT
Receivable discount fee for accelerated factoring liquidation,Collections Agent,91156.6,CRITICAL,DEBT_COLLECTION
Early settlement discount incentive to collect overdue receivable,Collections Agent,37600.87,MEDIUM,DEBT_COLLECTION
Emergency reserve replenishment following high outflow cycle,Treasury Agent,810240.8,MEDIUM,LIQUIDITY_REBALANCE
Inter-account treasury transfer from primary current to payroll reserve,Treasury Agent,236644.29,MEDIUM,LIQUIDITY_REBALANCE
Paid acquisition ad spend top-up on Meta and LinkedIn,Growth Agent,344495.59,MEDIUM,GROWTH_INVESTMENT
Search engine marketing budget expansion for high-intent keywords,Growth Agent,239212.66,HIGH,GROWTH_INVESTMENT
Sponsorship fee for national fintech developer conference,Growth Agent,258692.28,LOW,GROWTH_INVESTMENT
Early settlement discount incentive to collect overdue receivable,Collections Agent,49860.87,MEDIUM,DEBT_COLLECTION
Replenishment of working capital escrow reserve buffer,Treasury Agent,841773.91,CRITICAL,LIQUIDITY_REBALANCE
Disbursement for logistics partner freight clearing,Payout Agent,794260.89,HIGH,SUPPLIER_SETTLEMENT
Escrow account setup for disputed receivable recovery,Collections Agent,35056.43,MEDIUM,DEBT_COLLECTION
Payment of hardware maintenance contract for warehouse 6449,Payout Agent,523274.58,MEDIUM,SUPPLIER_SETTLEMENT
Performance marketing ad spend allocation on Google Ads,Growth Agent,253423.95,MEDIUM,GROWTH_INVESTMENT
Double charge correction and dispute refund for transaction #9021,Refund Agent,117996.42,LOW,CUSTOMER_REFUND
Chargeback resolution and customer refund reconciliation,Refund Agent,61105.63,CRITICAL,CUSTOMER_REFUND
Early settlement discount incentive to collect overdue receivable,Collections Agent,55709.35,HIGH,DEBT_COLLECTION
Urgent payment to critical supplier to release pending shipment,Payout Agent,192932.53,LOW,SUPPLIER_SETTLEMENT
Goodwill refund for delayed order delivery breach SLA,Refund Agent,47501.75,LOW,CUSTOMER_REFUND
Receivable discount fee for accelerated factoring liquidation,Collections Agent,11202.27,LOW,DEBT_COLLECTION
Sponsorship fee for national fintech developer conference,Growth Agent,377524.36,HIGH,GROWTH_INVESTMENT
Automated payment gateway collection retry incentive,Collections Agent,99633.2,CRITICAL,DEBT_COLLECTION
Search engine marketing budget expansion for high-intent keywords,Growth Agent,476637.96,CRITICAL,GROWTH_INVESTMENT
Routine bi-weekly supplier invoice settlement for inventory batch #4675,Payout Agent,595376.62,MEDIUM,SUPPLIER_SETTLEMENT
Customer refund for damaged shipment order #9267,Refund Agent,26178.73,HIGH,CUSTOMER_REFUND
Quarterly supplier retention bonus and milestone settlement,Payout Agent,628437.25,LOW,SUPPLIER_SETTLEMENT
Yield optimization sweep of idle float to overnight liquid funds,Treasury Agent,1014994.67,LOW,LIQUIDITY_REBALANCE
Settlement of raw material invoice #7828 to primary vendor,Payout Agent,383235.72,LOW,SUPPLIER_SETTLEMENT
Hedging collateral deposit for forex currency fluctuations,Treasury Agent,1082615.5,MEDIUM,LIQUIDITY_REBALANCE
Vendor payout for contract software engineering services,Payout Agent,546248.43,HIGH,SUPPLIER_SETTLEMENT
Inter-account treasury transfer from primary current to payroll reserve,Treasury Agent,1262913.81,LOW,LIQUIDITY_REBALANCE
Replenishment of working capital escrow reserve buffer,Treasury Agent,259617.57,LOW,LIQUIDITY_REBALANCE
Legal notice issuance fee for delinquent enterprise account #4272,Collections Agent,78906.1,MEDIUM,DEBT_COLLECTION
Affiliate partner commission prepayment for festival sprint,Growth Agent,122168.12,CRITICAL,GROWTH_INVESTMENT
Merchant store credit conversion to original payment refund,Refund Agent,35941.28,LOW,CUSTOMER_REFUND
Settlement of raw material invoice #9095 to primary vendor,Payout Agent,161858.37,LOW,SUPPLIER_SETTLEMENT
Replenishment of working capital escrow reserve buffer,Treasury Agent,1366691.14,MEDIUM,LIQUIDITY_REBALANCE
Receivable discount fee for accelerated factoring liquidation,Collections Agent,49106.35,LOW,DEBT_COLLECTION
Customer refund for damaged shipment order #5760,Refund Agent,54671.98,HIGH,CUSTOMER_REFUND
Collection agency recovery contingency disbursement,Collections Agent,85868.36,LOW,DEBT_COLLECTION
Disbursement for logistics partner freight clearing,Payout Agent,296495.62,CRITICAL,SUPPLIER_SETTLEMENT
Hedging collateral deposit for forex currency fluctuations,Treasury Agent,621671.01,HIGH,LIQUIDITY_REBALANCE
Subscription cancellation charge reversal requested by user,Refund Agent,60637.28,CRITICAL,CUSTOMER_REFUND
Affiliate partner commission prepayment for festival sprint,Growth Agent,409954.59,MEDIUM,GROWTH_INVESTMENT
Disbursement for logistics partner freight clearing,Payout Agent,786176.88,MEDIUM,SUPPLIER_SETTLEMENT
Quarterly supplier retention bonus and milestone settlement,Payout Agent,651698.59,CRITICAL,SUPPLIER_SETTLEMENT
Chargeback resolution and customer refund reconciliation,Refund Agent,92092.4,MEDIUM,CUSTOMER_REFUND
Escrow account setup for disputed receivable recovery,Collections Agent,89321.42,CRITICAL,DEBT_COLLECTION
Settlement of raw material invoice #5286 to primary vendor,Payout Agent,541230.18,LOW,SUPPLIER_SETTLEMENT
Short-term liquid mutual fund redemption to bolster working cash,Treasury Agent,826739.55,LOW,LIQUIDITY_REBALANCE
Legal notice issuance fee for delinquent enterprise account #8895,Collections Agent,37846.2,CRITICAL,DEBT_COLLECTION
Customer refund for damaged shipment order #1190,Refund Agent,96866.41,MEDIUM,CUSTOMER_REFUND
Emergency reserve replenishment following high outflow cycle,Treasury Agent,1317181.89,LOW,LIQUIDITY_REBALANCE
Follow-up collection workflow trigger with dynamic discount #4946,Collections Agent,36435.01,HIGH,DEBT_COLLECTION
Routine bi-weekly supplier invoice settlement for inventory batch #7203,Payout Agent,352457.75,MEDIUM,SUPPLIER_SETTLEMENT
Payment of hardware maintenance contract for warehouse 8277,Payout Agent,650945.97,CRITICAL,SUPPLIER_SETTLEMENT
Payment of hardware maintenance contract for warehouse 8324,Payout Agent,287046.15,CRITICAL,SUPPLIER_SETTLEMENT
Settlement of raw material invoice #7609 to primary vendor,Payout Agent,359253.91,LOW,SUPPLIER_SETTLEMENT
Vendor payout for contract software engineering services,Payout Agent,471749.43,CRITICAL,SUPPLIER_SETTLEMENT
Brand awareness campaign media buying for Q4,Growth Agent,417464.91,CRITICAL,GROWTH_INVESTMENT
Customer referral bonus pool allocation,Growth Agent,372161.08,LOW,GROWTH_INVESTMENT
Routine bi-weekly supplier invoice settlement for inventory batch #1035,Payout Agent,306017.84,HIGH,SUPPLIER_SETTLEMENT
Treasury rebalancing to maintain regulatory statutory reserve buffer,Treasury Agent,164089.35,MEDIUM,LIQUIDITY_REBALANCE
Automated payment gateway collection retry incentive,Collections Agent,15161.34,MEDIUM,DEBT_COLLECTION
Subscription cancellation charge reversal requested by user,Refund Agent,33122.84,MEDIUM,CUSTOMER_REFUND
Influencer campaign budget deposit for festive season launch,Growth Agent,70925.16,LOW,GROWTH_INVESTMENT
Escrow account setup for disputed receivable recovery,Collections Agent,17790.42,CRITICAL,DEBT_COLLECTION
Payment for Q3 vendor invoices regarding cloud infrastructure,Payout Agent,679112.08,CRITICAL,SUPPLIER_SETTLEMENT
Inter-account treasury transfer from primary current to payroll reserve,Treasury Agent,1122692.53,MEDIUM,LIQUIDITY_REBALANCE
Quarterly supplier retention bonus and milestone settlement,Payout Agent,428082.59,CRITICAL,SUPPLIER_SETTLEMENT
Legal notice issuance fee for delinquent enterprise account #5482,Collections Agent,42797.65,HIGH,DEBT_COLLECTION
Customer referral bonus pool allocation,Growth Agent,112181.0,HIGH,GROWTH_INVESTMENT
Treasury rebalancing to maintain regulatory statutory reserve buffer,Treasury Agent,381244.72,HIGH,LIQUIDITY_REBALANCE
Paid acquisition ad spend top-up on Meta and LinkedIn,Growth Agent,276752.05,HIGH,GROWTH_INVESTMENT
Urgent payment to critical supplier to release pending shipment,Payout Agent,487104.7,CRITICAL,SUPPLIER_SETTLEMENT
Hedging collateral deposit for forex currency fluctuations,Treasury Agent,1231626.69,LOW,LIQUIDITY_REBALANCE
Quarterly supplier retention bonus and milestone settlement,Payout Agent,89798.75,LOW,SUPPLIER_SETTLEMENT
Full refund for returned defective electronic unit #3636,Refund Agent,147546.33,HIGH,CUSTOMER_REFUND
Customer refund for damaged shipment order #5835,Refund Agent,31396.13,LOW,CUSTOMER_REFUND
Customer referral bonus pool allocation,Growth Agent,327248.98,MEDIUM,GROWTH_INVESTMENT
Liquidity pool re-allocation across multi-banking nodal accounts,Treasury Agent,815291.23,HIGH,LIQUIDITY_REBALANCE
Quarterly supplier retention bonus and milestone settlement,Payout Agent,362424.68,HIGH,SUPPLIER_SETTLEMENT
Yield optimization sweep of idle float to overnight liquid funds,Treasury Agent,1141137.95,MEDIUM,LIQUIDITY_REBALANCE
Emergency reserve replenishment following high outflow cycle,Treasury Agent,1376080.93,HIGH,LIQUIDITY_REBALANCE
Short-term liquid mutual fund redemption to bolster working cash,Treasury Agent,511848.81,MEDIUM,LIQUIDITY_REBALANCE
Disbursement for logistics partner freight clearing,Payout Agent,601309.61,LOW,SUPPLIER_SETTLEMENT
Early settlement discount incentive to collect overdue receivable,Collections Agent,31515.66,HIGH,DEBT_COLLECTION
Double charge correction and dispute refund for transaction #5178,Refund Agent,1841.13,CRITICAL,CUSTOMER_REFUND
Customer refund for damaged shipment order #3518,Refund Agent,139365.61,LOW,CUSTOMER_REFUND
Hedging collateral deposit for forex currency fluctuations,Treasury Agent,1205871.46,HIGH,LIQUIDITY_REBALANCE
Urgent payment to critical supplier to release pending shipment,Payout Agent,214971.51,MEDIUM,SUPPLIER_SETTLEMENT
Replenishment of working capital escrow reserve buffer,Treasury Agent,323118.69,CRITICAL,LIQUIDITY_REBALANCE
Urgent payment to critical supplier to release pending shipment,Payout Agent,712547.55,HIGH,SUPPLIER_SETTLEMENT
Brand awareness campaign media buying for Q4,Growth Agent,148300.38,CRITICAL,GROWTH_INVESTMENT
Yield optimization sweep of idle float to overnight liquid funds,Treasury Agent,1036513.86,CRITICAL,LIQUIDITY_REBALANCE
Goodwill refund for delayed order delivery breach SLA,Refund Agent,102700.15,HIGH,CUSTOMER_REFUND
Collection agency recovery contingency disbursement,Collections Agent,29376.1,HIGH,DEBT_COLLECTION
Urgent payment to critical supplier to release pending shipment,Payout Agent,652112.55,CRITICAL,SUPPLIER_SETTLEMENT
Early settlement discount incentive to collect overdue receivable,Collections Agent,90336.75,MEDIUM,DEBT_COLLECTION
Influencer campaign budget deposit for festive season launch,Growth Agent,125327.66,LOW,GROWTH_INVESTMENT
Routine bi-weekly supplier invoice settlement for inventory batch #4492,Payout Agent,698713.14,CRITICAL,SUPPLIER_SETTLEMENT
Routine bi-weekly supplier invoice settlement for inventory batch #9810,Payout Agent,671561.5,CRITICAL,SUPPLIER_SETTLEMENT
Disbursement for logistics partner freight clearing,Payout Agent,394418.93,HIGH,SUPPLIER_SETTLEMENT
Settlement of raw material invoice #2200 to primary vendor,Payout Agent,90701.05,HIGH,SUPPLIER_SETTLEMENT
Replenishment of working capital escrow reserve buffer,Treasury Agent,1375381.2,CRITICAL,LIQUIDITY_REBALANCE
Escrow account setup for disputed receivable recovery,Collections Agent,46137.38,LOW,DEBT_COLLECTION
Collection agency recovery contingency disbursement,Collections Agent,5560.4,LOW,DEBT_COLLECTION
Yield optimization sweep of idle float to overnight liquid funds,Treasury Agent,600780.19,LOW,LIQUIDITY_REBALANCE
Sponsorship fee for national fintech developer conference,Growth Agent,176682.85,CRITICAL,GROWTH_INVESTMENT
Settlement waiver allocation for 90-day overdue merchant balance,Collections Agent,50028.83,MEDIUM,DEBT_COLLECTION
Chargeback resolution and customer refund reconciliation,Refund Agent,44951.79,MEDIUM,CUSTOMER_REFUND
Brand awareness campaign media buying for Q4,Growth Agent,299085.88,MEDIUM,GROWTH_INVESTMENT
Payment for Q3 vendor invoices regarding cloud infrastructure,Payout Agent,479538.95,CRITICAL,SUPPLIER_SETTLEMENT
Replenishment of working capital escrow reserve buffer,Treasury Agent,394074.05,HIGH,LIQUIDITY_REBALANCE
Chargeback resolution and customer refund reconciliation,Refund Agent,22225.81,MEDIUM,CUSTOMER_REFUND
Full refund for returned defective electronic unit #4183,Refund Agent,18078.76,LOW,CUSTOMER_REFUND
Emergency reserve replenishment following high outflow cycle,Treasury Agent,506913.73,LOW,LIQUIDITY_REBALANCE
Influencer campaign budget deposit for festive season launch,Growth Agent,376515.17,CRITICAL,GROWTH_INVESTMENT
Brand awareness campaign media buying for Q4,Growth Agent,352083.0,MEDIUM,GROWTH_INVESTMENT
Vendor payout for contract software engineering services,Payout Agent,725088.94,HIGH,SUPPLIER_SETTLEMENT
Escrow account setup for disputed receivable recovery,Collections Agent,63552.53,HIGH,DEBT_COLLECTION
Inter-account treasury transfer from primary current to payroll reserve,Treasury Agent,1230779.67,CRITICAL,LIQUIDITY_REBALANCE
Customer refund for damaged shipment order #6131,Refund Agent,37680.1,MEDIUM,CUSTOMER_REFUND
Receivable discount fee for accelerated factoring liquidation,Collections Agent,17759.05,HIGH,DEBT_COLLECTION
Escrow account setup for disputed receivable recovery,Collections Agent,39080.45,HIGH,DEBT_COLLECTION
Collection agency recovery contingency disbursement,Collections Agent,66327.4,LOW,DEBT_COLLECTION
Paid acquisition ad spend top-up on Meta and LinkedIn,Growth Agent,138394.37,LOW,GROWTH_INVESTMENT
Payment for Q3 vendor invoices regarding cloud infrastructure,Payout Agent,523719.87,CRITICAL,SUPPLIER_SETTLEMENT
Short-term liquid mutual fund redemption to bolster working cash,Treasury Agent,872231.6,CRITICAL,LIQUIDITY_REBALANCE
Partial refund due to discount coupon error at checkout,Refund Agent,34272.69,HIGH,CUSTOMER_REFUND
Merchant store credit conversion to original payment refund,Refund Agent,77051.39,CRITICAL,CUSTOMER_REFUND
Performance marketing ad spend allocation on Google Ads,Growth Agent,431591.83,MEDIUM,GROWTH_INVESTMENT
Inter-account treasury transfer from primary current to payroll reserve,Treasury Agent,322911.39,MEDIUM,LIQUIDITY_REBALANCE
Follow-up collection workflow trigger with dynamic discount #1662,Collections Agent,25787.82,CRITICAL,DEBT_COLLECTION
Subscription cancellation charge reversal requested by user,Refund Agent,56045.84,LOW,CUSTOMER_REFUND
Partial refund due to discount coupon error at checkout,Refund Agent,70981.46,CRITICAL,CUSTOMER_REFUND
Payment for Q3 vendor invoices regarding cloud infrastructure,Payout Agent,127418.76,HIGH,SUPPLIER_SETTLEMENT
Paid acquisition ad spend top-up on Meta and LinkedIn,Growth Agent,344153.89,HIGH,GROWTH_INVESTMENT
Replenishment of working capital escrow reserve buffer,Treasury Agent,452220.97,MEDIUM,LIQUIDITY_REBALANCE
Liquidity pool re-allocation across multi-banking nodal accounts,Treasury Agent,1244131.47,HIGH,LIQUIDITY_REBALANCE
Escrow account setup for disputed receivable recovery,Collections Agent,52674.51,MEDIUM,DEBT_COLLECTION
Automated payment gateway collection retry incentive,Collections Agent,12323.38,HIGH,DEBT_COLLECTION
Double charge correction and dispute refund for transaction #4062,Refund Agent,24446.25,LOW,CUSTOMER_REFUND
Chargeback resolution and customer refund reconciliation,Refund Agent,108318.09,CRITICAL,CUSTOMER_REFUND
Escrow account setup for disputed receivable recovery,Collections Agent,61125.14,CRITICAL,DEBT_COLLECTION
Routine bi-weekly supplier invoice settlement for inventory batch #1706,Payout Agent,145913.84,MEDIUM,SUPPLIER_SETTLEMENT
Customer refund for damaged shipment order #3406,Refund Agent,9330.89,HIGH,CUSTOMER_REFUND
Chargeback resolution and customer refund reconciliation,Refund Agent,131897.84,HIGH,CUSTOMER_REFUND
Routine bi-weekly supplier invoice settlement for inventory batch #8359,Payout Agent,504894.42,CRITICAL,SUPPLIER_SETTLEMENT
Automated payment gateway collection retry incentive,Collections Agent,83884.54,MEDIUM,DEBT_COLLECTION
Inter-account treasury transfer from primary current to payroll reserve,Treasury Agent,470328.98,HIGH,LIQUIDITY_REBALANCE
Collection agency recovery contingency disbursement,Collections Agent,40930.08,MEDIUM,DEBT_COLLECTION
Payment for Q3 vendor invoices regarding cloud infrastructure,Payout Agent,442033.51,CRITICAL,SUPPLIER_SETTLEMENT
Subscription cancellation charge reversal requested by user,Refund Agent,71904.51,LOW,CUSTOMER_REFUND
Replenishment of working capital escrow reserve buffer,Treasury Agent,775137.31,MEDIUM,LIQUIDITY_REBALANCE
Yield optimization sweep of idle float to overnight liquid funds,Treasury Agent,830861.92,HIGH,LIQUIDITY_REBALANCE
Quarterly supplier retention bonus and milestone settlement,Payout Agent,753816.22,CRITICAL,SUPPLIER_SETTLEMENT
Follow-up collection workflow trigger with dynamic discount #2600,Collections Agent,45421.49,HIGH,DEBT_COLLECTION
Legal notice issuance fee for delinquent enterprise account #2373,Collections Agent,31910.33,CRITICAL,DEBT_COLLECTION
Search engine marketing budget expansion for high-intent keywords,Growth Agent,369116.98,LOW,GROWTH_INVESTMENT
Replenishment of working capital escrow reserve buffer,Treasury Agent,110071.67,MEDIUM,LIQUIDITY_REBALANCE
Affiliate partner commission prepayment for festival sprint,Growth Agent,97962.45,CRITICAL,GROWTH_INVESTMENT
Hedging collateral deposit for forex currency fluctuations,Treasury Agent,1296967.7,CRITICAL,LIQUIDITY_REBALANCE
Treasury rebalancing to maintain regulatory statutory reserve buffer,Treasury Agent,1488518.14,CRITICAL,LIQUIDITY_REBALANCE
Chargeback resolution and customer refund reconciliation,Refund Agent,27629.22,CRITICAL,CUSTOMER_REFUND
Sponsorship fee for national fintech developer conference,Growth Agent,398387.52,CRITICAL,GROWTH_INVESTMENT
Subscription cancellation charge reversal requested by user,Refund Agent,67542.64,MEDIUM,CUSTOMER_REFUND
Routine bi-weekly supplier invoice settlement for inventory batch #9328,Payout Agent,350420.68,HIGH,SUPPLIER_SETTLEMENT
Yield optimization sweep of idle float to overnight liquid funds,Treasury Agent,644745.15,LOW,LIQUIDITY_REBALANCE
Disbursement for logistics partner freight clearing,Payout Agent,744396.34,CRITICAL,SUPPLIER_SETTLEMENT
Settlement of raw material invoice #5310 to primary vendor,Payout Agent,216327.68,LOW,SUPPLIER_SETTLEMENT
Yield optimization sweep of idle float to overnight liquid funds,Treasury Agent,1402958.99,CRITICAL,LIQUIDITY_REBALANCE
Hedging collateral deposit for forex currency fluctuations,Treasury Agent,1424002.2,MEDIUM,LIQUIDITY_REBALANCE
Escrow account setup for disputed receivable recovery,Collections Agent,24162.19,HIGH,DEBT_COLLECTION
Customer refund for damaged shipment order #9364,Refund Agent,77856.23,MEDIUM,CUSTOMER_REFUND
Inter-account treasury transfer from primary current to payroll reserve,Treasury Agent,603636.0,LOW,LIQUIDITY_REBALANCE
Subscription cancellation charge reversal requested by user,Refund Agent,117171.26,HIGH,CUSTOMER_REFUND
Settlement waiver allocation for 90-day overdue merchant balance,Collections Agent,54185.56,LOW,DEBT_COLLECTION
Vendor payout for contract software engineering services,Payout Agent,310606.32,HIGH,SUPPLIER_SETTLEMENT
Goodwill refund for delayed order delivery breach SLA,Refund Agent,139527.36,LOW,CUSTOMER_REFUND
Paid acquisition ad spend top-up on Meta and LinkedIn,Growth Agent,277807.14,LOW,GROWTH_INVESTMENT
Hedging collateral deposit for forex currency fluctuations,Treasury Agent,1425821.65,HIGH,LIQUIDITY_REBALANCE
Hedging collateral deposit for forex currency fluctuations,Treasury Agent,1452477.64,CRITICAL,LIQUIDITY_REBALANCE
Partial refund due to discount coupon error at checkout,Refund Agent,102557.61,LOW,CUSTOMER_REFUND
Collection agency recovery contingency disbursement,Collections Agent,11417.65,MEDIUM,DEBT_COLLECTION
Partial refund due to discount coupon error at checkout,Refund Agent,143361.41,LOW,CUSTOMER_REFUND
Search engine marketing budget expansion for high-intent keywords,Growth Agent,91854.24,HIGH,GROWTH_INVESTMENT
Disbursement for logistics partner freight clearing,Payout Agent,285404.58,MEDIUM,SUPPLIER_SETTLEMENT
Hedging collateral deposit for forex currency fluctuations,Treasury Agent,1425965.35,MEDIUM,LIQUIDITY_REBALANCE
Legal notice issuance fee for delinquent enterprise account #4847,Collections Agent,74865.76,HIGH,DEBT_COLLECTION
Goodwill refund for delayed order delivery breach SLA,Refund Agent,125406.13,HIGH,CUSTOMER_REFUND
Subscription cancellation charge reversal requested by user,Refund Agent,138108.03,CRITICAL,CUSTOMER_REFUND
Yield optimization sweep of idle float to overnight liquid funds,Treasury Agent,1441190.33,CRITICAL,LIQUIDITY_REBALANCE
Brand awareness campaign media buying for Q4,Growth Agent,454154.54,HIGH,GROWTH_INVESTMENT
Automated payment gateway collection retry incentive,Collections Agent,31625.33,MEDIUM,DEBT_COLLECTION
Inter-account treasury transfer from primary current to payroll reserve,Treasury Agent,836029.62,CRITICAL,LIQUIDITY_REBALANCE
Early settlement discount incentive to collect overdue receivable,Collections Agent,37992.45,MEDIUM,DEBT_COLLECTION
Collection agency recovery contingency disbursement,Collections Agent,48706.71,LOW,DEBT_COLLECTION
Routine bi-weekly supplier invoice settlement for inventory batch #7216,Payout Agent,485756.16,HIGH,SUPPLIER_SETTLEMENT
Sponsorship fee for national fintech developer conference,Growth Agent,296853.53,MEDIUM,GROWTH_INVESTMENT
Customer referral bonus pool allocation,Growth Agent,214665.87,CRITICAL,GROWTH_INVESTMENT
Legal notice issuance fee for delinquent enterprise account #7866,Collections Agent,71567.7,HIGH,DEBT_COLLECTION
Affiliate partner commission prepayment for festival sprint,Growth Agent,252828.05,MEDIUM,GROWTH_INVESTMENT
Short-term liquid mutual fund redemption to bolster working cash,Treasury Agent,1109141.64,MEDIUM,LIQUIDITY_REBALANCE
Liquidity pool re-allocation across multi-banking nodal accounts,Treasury Agent,374488.5,MEDIUM,LIQUIDITY_REBALANCE
Early settlement discount incentive to collect overdue receivable,Collections Agent,45044.46,MEDIUM,DEBT_COLLECTION
Treasury rebalancing to maintain regulatory statutory reserve buffer,Treasury Agent,520047.86,LOW,LIQUIDITY_REBALANCE
Collection agency recovery contingency disbursement,Collections Agent,10703.46,HIGH,DEBT_COLLECTION
Collection agency recovery contingency disbursement,Collections Agent,75736.36,HIGH,DEBT_COLLECTION
Brand awareness campaign media buying for Q4,Growth Agent,204863.12,CRITICAL,GROWTH_INVESTMENT
Urgent payment to critical supplier to release pending shipment,Payout Agent,482640.32,MEDIUM,SUPPLIER_SETTLEMENT
Brand awareness campaign media buying for Q4,Growth Agent,352936.78,CRITICAL,GROWTH_INVESTMENT
Collection agency recovery contingency disbursement,Collections Agent,63298.06,CRITICAL,DEBT_COLLECTION
Double charge correction and dispute refund for transaction #6527,Refund Agent,63850.66,CRITICAL,CUSTOMER_REFUND
Settlement of raw material invoice #3654 to primary vendor,Payout Agent,307719.12,HIGH,SUPPLIER_SETTLEMENT
Sponsorship fee for national fintech developer conference,Growth Agent,322423.24,CRITICAL,GROWTH_INVESTMENT
Customer referral bonus pool allocation,Growth Agent,386552.97,CRITICAL,GROWTH_INVESTMENT
Automated payment gateway collection retry incentive,Collections Agent,86150.13,MEDIUM,DEBT_COLLECTION
Full refund for returned defective electronic unit #2311,Refund Agent,32375.15,CRITICAL,CUSTOMER_REFUND
Settlement of raw material invoice #2045 to primary vendor,Payout Agent,752595.25,CRITICAL,SUPPLIER_SETTLEMENT
Yield optimization sweep of idle float to overnight liquid funds,Treasury Agent,1179307.19,LOW,LIQUIDITY_REBALANCE
Vendor payout for contract software engineering services,Payout Agent,113233.45,CRITICAL,SUPPLIER_SETTLEMENT
Search engine marketing budget expansion for high-intent keywords,Growth Agent,381916.95,CRITICAL,GROWTH_INVESTMENT
Double charge correction and dispute refund for transaction #9630,Refund Agent,125939.15,LOW,CUSTOMER_REFUND
Urgent payment to critical supplier to release pending shipment,Payout Agent,698180.86,CRITICAL,SUPPLIER_SETTLEMENT
Hedging collateral deposit for forex currency fluctuations,Treasury Agent,722782.91,MEDIUM,LIQUIDITY_REBALANCE
Emergency reserve replenishment following high outflow cycle,Treasury Agent,832843.73,HIGH,LIQUIDITY_REBALANCE
Customer referral bonus pool allocation,Growth Agent,152207.8,LOW,GROWTH_INVESTMENT
Receivable discount fee for accelerated factoring liquidation,Collections Agent,44159.36,MEDIUM,DEBT_COLLECTION
Performance marketing ad spend allocation on Google Ads,Growth Agent,285492.31,MEDIUM,GROWTH_INVESTMENT
Sponsorship fee for national fintech developer conference,Growth Agent,290794.5,CRITICAL,GROWTH_INVESTMENT
Receivable discount fee for accelerated factoring liquidation,Collections Agent,77757.57,HIGH,DEBT_COLLECTION
Short-term liquid mutual fund redemption to bolster working cash,Treasury Agent,867497.07,MEDIUM,LIQUIDITY_REBALANCE
Settlement waiver allocation for 90-day overdue merchant balance,Collections Agent,28740.13,CRITICAL,DEBT_COLLECTION
Legal notice issuance fee for delinquent enterprise account #5308,Collections Agent,12524.92,MEDIUM,DEBT_COLLECTION
Hedging collateral deposit for forex currency fluctuations,Treasury Agent,1007839.86,HIGH,LIQUIDITY_REBALANCE
Legal notice issuance fee for delinquent enterprise account #2121,Collections Agent,22328.68,HIGH,DEBT_COLLECTION
Payment of hardware maintenance contract for warehouse 8418,Payout Agent,254100.6,CRITICAL,SUPPLIER_SETTLEMENT
Partial refund due to discount coupon error at checkout,Refund Agent,23670.25,LOW,CUSTOMER_REFUND
Subscription cancellation charge reversal requested by user,Refund Agent,41110.07,CRITICAL,CUSTOMER_REFUND
Routine bi-weekly supplier invoice settlement for inventory batch #2477,Payout Agent,163012.77,CRITICAL,SUPPLIER_SETTLEMENT
Partial refund due to discount coupon error at checkout,Refund Agent,47424.93,CRITICAL,CUSTOMER_REFUND
Customer referral bonus pool allocation,Growth Agent,198611.89,MEDIUM,GROWTH_INVESTMENT
Vendor payout for contract software engineering services,Payout Agent,103538.52,CRITICAL,SUPPLIER_SETTLEMENT
Goodwill refund for delayed order delivery breach SLA,Refund Agent,122770.36,LOW,CUSTOMER_REFUND
Routine bi-weekly supplier invoice settlement for inventory batch #7304,Payout Agent,628419.0,CRITICAL,SUPPLIER_SETTLEMENT
Customer refund for damaged shipment order #4263,Refund Agent,69664.36,LOW,CUSTOMER_REFUND
Short-term liquid mutual fund redemption to bolster working cash,Treasury Agent,644772.14,HIGH,LIQUIDITY_REBALANCE
Paid acquisition ad spend top-up on Meta and LinkedIn,Growth Agent,385126.06,LOW,GROWTH_INVESTMENT
Customer referral bonus pool allocation,Growth Agent,139425.63,LOW,GROWTH_INVESTMENT
Subscription cancellation charge reversal requested by user,Refund Agent,95303.44,HIGH,CUSTOMER_REFUND
Disbursement for logistics partner freight clearing,Payout Agent,488522.65,CRITICAL,SUPPLIER_SETTLEMENT
Customer refund for damaged shipment order #1688,Refund Agent,87580.48,CRITICAL,CUSTOMER_REFUND
Inter-account treasury transfer from primary current to payroll reserve,Treasury Agent,1179115.8,MEDIUM,LIQUIDITY_REBALANCE
Merchant store credit conversion to original payment refund,Refund Agent,103205.75,HIGH,CUSTOMER_REFUND
Payment for Q3 vendor invoices regarding cloud infrastructure,Payout Agent,533431.17,LOW,SUPPLIER_SETTLEMENT
Merchant store credit conversion to original payment refund,Refund Agent,48194.19,HIGH,CUSTOMER_REFUND
Legal notice issuance fee for delinquent enterprise account #1349,Collections Agent,70478.75,HIGH,DEBT_COLLECTION
Full refund for returned defective electronic unit #1646,Refund Agent,73310.02,CRITICAL,CUSTOMER_REFUND
Hedging collateral deposit for forex currency fluctuations,Treasury Agent,1075852.88,MEDIUM,LIQUIDITY_REBALANCE
Inter-account treasury transfer from primary current to payroll reserve,Treasury Agent,586730.55,CRITICAL,LIQUIDITY_REBALANCE
Paid acquisition ad spend top-up on Meta and LinkedIn,Growth Agent,289011.84,CRITICAL,GROWTH_INVESTMENT
Sponsorship fee for national fintech developer conference,Growth Agent,215200.72,LOW,GROWTH_INVESTMENT
Liquidity pool re-allocation across multi-banking nodal accounts,Treasury Agent,1336105.32,HIGH,LIQUIDITY_REBALANCE
Short-term liquid mutual fund redemption to bolster working cash,Treasury Agent,1109404.99,CRITICAL,LIQUIDITY_REBALANCE
Merchant store credit conversion to original payment refund,Refund Agent,92342.85,HIGH,CUSTOMER_REFUND
Follow-up collection workflow trigger with dynamic discount #2809,Collections Agent,14144.35,LOW,DEBT_COLLECTION
Disbursement for logistics partner freight clearing,Payout Agent,705119.58,MEDIUM,SUPPLIER_SETTLEMENT
Payment of hardware maintenance contract for warehouse 4139,Payout Agent,124065.19,CRITICAL,SUPPLIER_SETTLEMENT
Receivable discount fee for accelerated factoring liquidation,Collections Agent,39803.63,LOW,DEBT_COLLECTION
Routine bi-weekly supplier invoice settlement for inventory batch #9051,Payout Agent,746302.79,LOW,SUPPLIER_SETTLEMENT
Early settlement discount incentive to collect overdue receivable,Collections Agent,58011.89,CRITICAL,DEBT_COLLECTION
Performance marketing ad spend allocation on Google Ads,Growth Agent,288059.37,LOW,GROWTH_INVESTMENT
Influencer campaign budget deposit for festive season launch,Growth Agent,482264.04,LOW,GROWTH_INVESTMENT
Routine bi-weekly supplier invoice settlement for inventory batch #9710,Payout Agent,338998.32,MEDIUM,SUPPLIER_SETTLEMENT
Short-term liquid mutual fund redemption to bolster working cash,Treasury Agent,881792.87,CRITICAL,LIQUIDITY_REBALANCE
Urgent payment to critical supplier to release pending shipment,Payout Agent,576912.81,CRITICAL,SUPPLIER_SETTLEMENT
Disbursement for logistics partner freight clearing,Payout Agent,462474.1,HIGH,SUPPLIER_SETTLEMENT
Merchant store credit conversion to original payment refund,Refund Agent,135470.26,HIGH,CUSTOMER_REFUND
Affiliate partner commission prepayment for festival sprint,Growth Agent,421769.74,HIGH,GROWTH_INVESTMENT
Short-term liquid mutual fund redemption to bolster working cash,Treasury Agent,399499.39,HIGH,LIQUIDITY_REBALANCE
Customer referral bonus pool allocation,Growth Agent,481920.99,LOW,GROWTH_INVESTMENT
Vendor payout for contract software engineering services,Payout Agent,438207.02,HIGH,SUPPLIER_SETTLEMENT
Vendor payout for contract software engineering services,Payout Agent,211117.11,HIGH,SUPPLIER_SETTLEMENT
Vendor payout for contract software engineering services,Payout Agent,467242.31,MEDIUM,SUPPLIER_SETTLEMENT
Payment for Q3 vendor invoices regarding cloud infrastructure,Payout Agent,316741.81,MEDIUM,SUPPLIER_SETTLEMENT
Brand awareness campaign media buying for Q4,Growth Agent,154847.37,HIGH,GROWTH_INVESTMENT
Quarterly supplier retention bonus and milestone settlement,Payout Agent,600699.47,HIGH,SUPPLIER_SETTLEMENT
Automated payment gateway collection retry incentive,Collections Agent,83442.0,LOW,DEBT_COLLECTION
Hedging collateral deposit for forex currency fluctuations,Treasury Agent,1123105.11,CRITICAL,LIQUIDITY_REBALANCE
Payment for Q3 vendor invoices regarding cloud infrastructure,Payout Agent,310947.66,CRITICAL,SUPPLIER_SETTLEMENT
Collection agency recovery contingency disbursement,Collections Agent,76029.47,LOW,DEBT_COLLECTION
Early settlement discount incentive to collect overdue receivable,Collections Agent,54816.42,HIGH,DEBT_COLLECTION
Inter-account treasury transfer from primary current to payroll reserve,Treasury Agent,803362.25,MEDIUM,LIQUIDITY_REBALANCE
Customer refund for damaged shipment order #7436,Refund Agent,145685.0,LOW,CUSTOMER_REFUND
Chargeback resolution and customer refund reconciliation,Refund Agent,118168.88,MEDIUM,CUSTOMER_REFUND
Partial refund due to discount coupon error at checkout,Refund Agent,71902.34,LOW,CUSTOMER_REFUND
Liquidity pool re-allocation across multi-banking nodal accounts,Treasury Agent,219110.58,CRITICAL,LIQUIDITY_REBALANCE
Double charge correction and dispute refund for transaction #8879,Refund Agent,84335.13,CRITICAL,CUSTOMER_REFUND
Legal notice issuance fee for delinquent enterprise account #9589,Collections Agent,28393.35,LOW,DEBT_COLLECTION
Affiliate partner commission prepayment for festival sprint,Growth Agent,358132.09,LOW,GROWTH_INVESTMENT
Quarterly supplier retention bonus and milestone settlement,Payout Agent,323950.73,MEDIUM,SUPPLIER_SETTLEMENT
Brand awareness campaign media buying for Q4,Growth Agent,396356.58,MEDIUM,GROWTH_INVESTMENT
Customer referral bonus pool allocation,Growth Agent,248208.54,MEDIUM,GROWTH_INVESTMENT
Partial refund due to discount coupon error at checkout,Refund Agent,113902.33,LOW,CUSTOMER_REFUND
Payment for Q3 vendor invoices regarding cloud infrastructure,Payout Agent,761705.69,MEDIUM,SUPPLIER_SETTLEMENT
Performance marketing ad spend allocation on Google Ads,Growth Agent,362207.85,LOW,GROWTH_INVESTMENT
Customer referral bonus pool allocation,Growth Agent,60236.65,MEDIUM,GROWTH_INVESTMENT
Short-term liquid mutual fund redemption to bolster working cash,Treasury Agent,864993.9,HIGH,LIQUIDITY_REBALANCE
Emergency reserve replenishment following high outflow cycle,Treasury Agent,1073099.6,LOW,LIQUIDITY_REBALANCE
Early settlement discount incentive to collect overdue receivable,Collections Agent,21180.37,HIGH,DEBT_COLLECTION
Full refund for returned defective electronic unit #1869,Refund Agent,70279.16,LOW,CUSTOMER_REFUND
Quarterly supplier retention bonus and milestone settlement,Payout Agent,547236.23,HIGH,SUPPLIER_SETTLEMENT
Payment for Q3 vendor invoices regarding cloud infrastructure,Payout Agent,700557.83,CRITICAL,SUPPLIER_SETTLEMENT
Chargeback resolution and customer refund reconciliation,Refund Agent,146515.18,LOW,CUSTOMER_REFUND
Customer referral bonus pool allocation,Growth Agent,89609.3,MEDIUM,GROWTH_INVESTMENT
Emergency reserve replenishment following high outflow cycle,Treasury Agent,155653.36,HIGH,LIQUIDITY_REBALANCE
Customer referral bonus pool allocation,Growth Agent,384975.82,LOW,GROWTH_INVESTMENT
Brand awareness campaign media buying for Q4,Growth Agent,331353.94,MEDIUM,GROWTH_INVESTMENT
Hedging collateral deposit for forex currency fluctuations,Treasury Agent,976109.31,CRITICAL,LIQUIDITY_REBALANCE
Vendor payout for contract software engineering services,Payout Agent,163781.14,CRITICAL,SUPPLIER_SETTLEMENT
Subscription cancellation charge reversal requested by user,Refund Agent,78586.96,MEDIUM,CUSTOMER_REFUND
Legal notice issuance fee for delinquent enterprise account #3502,Collections Agent,45514.17,HIGH,DEBT_COLLECTION
Treasury rebalancing to maintain regulatory statutory reserve buffer,Treasury Agent,859127.25,MEDIUM,LIQUIDITY_REBALANCE
Goodwill refund for delayed order delivery breach SLA,Refund Agent,47040.76,MEDIUM,CUSTOMER_REFUND
Automated payment gateway collection retry incentive,Collections Agent,35162.14,LOW,DEBT_COLLECTION
Partial refund due to discount coupon error at checkout,Refund Agent,109334.85,HIGH,CUSTOMER_REFUND
Settlement waiver allocation for 90-day overdue merchant balance,Collections Agent,47085.43,HIGH,DEBT_COLLECTION
Goodwill refund for delayed order delivery breach SLA,Refund Agent,20600.34,LOW,CUSTOMER_REFUND
Hedging collateral deposit for forex currency fluctuations,Treasury Agent,934904.97,MEDIUM,LIQUIDITY_REBALANCE
Urgent payment to critical supplier to release pending shipment,Payout Agent,566105.96,CRITICAL,SUPPLIER_SETTLEMENT
Merchant store credit conversion to original payment refund,Refund Agent,28412.5,CRITICAL,CUSTOMER_REFUND
Escrow account setup for disputed receivable recovery,Collections Agent,20559.71,MEDIUM,DEBT_COLLECTION
Quarterly supplier retention bonus and milestone settlement,Payout Agent,744076.31,CRITICAL,SUPPLIER_SETTLEMENT
Goodwill refund for delayed order delivery breach SLA,Refund Agent,10854.31,CRITICAL,CUSTOMER_REFUND
Emergency reserve replenishment following high outflow cycle,Treasury Agent,1313484.87,MEDIUM,LIQUIDITY_REBALANCE
Settlement waiver allocation for 90-day overdue merchant balance,Collections Agent,62753.35,CRITICAL,DEBT_COLLECTION
Affiliate partner commission prepayment for festival sprint,Growth Agent,286353.74,LOW,GROWTH_INVESTMENT
Replenishment of working capital escrow reserve buffer,Treasury Agent,739660.59,LOW,LIQUIDITY_REBALANCE
Chargeback resolution and customer refund reconciliation,Refund Agent,84097.44,LOW,CUSTOMER_REFUND
Full refund for returned defective electronic unit #8201,Refund Agent,60307.94,HIGH,CUSTOMER_REFUND
Customer referral bonus pool allocation,Growth Agent,240107.98,LOW,GROWTH_INVESTMENT
Inter-account treasury transfer from primary current to payroll reserve,Treasury Agent,1261850.91,CRITICAL,LIQUIDITY_REBALANCE
Settlement of raw material invoice #3945 to primary vendor,Payout Agent,634048.36,MEDIUM,SUPPLIER_SETTLEMENT
Settlement waiver allocation for 90-day overdue merchant balance,Collections Agent,47834.16,MEDIUM,DEBT_COLLECTION
Legal notice issuance fee for delinquent enterprise account #8449,Collections Agent,13567.07,HIGH,DEBT_COLLECTION
Subscription cancellation charge reversal requested by user,Refund Agent,18010.58,CRITICAL,CUSTOMER_REFUND
Influencer campaign budget deposit for festive season launch,Growth Agent,368275.6,MEDIUM,GROWTH_INVESTMENT
Settlement waiver allocation for 90-day overdue merchant balance,Collections Agent,77984.73,HIGH,DEBT_COLLECTION
Inter-account treasury transfer from primary current to payroll reserve,Treasury Agent,1316345.95,MEDIUM,LIQUIDITY_REBALANCE
Quarterly supplier retention bonus and milestone settlement,Payout Agent,282138.73,CRITICAL,SUPPLIER_SETTLEMENT
Paid acquisition ad spend top-up on Meta and LinkedIn,Growth Agent,454343.86,MEDIUM,GROWTH_INVESTMENT
Vendor payout for contract software engineering services,Payout Agent,393981.99,CRITICAL,SUPPLIER_SETTLEMENT
Yield optimization sweep of idle float to overnight liquid funds,Treasury Agent,433029.7,CRITICAL,LIQUIDITY_REBALANCE
Settlement waiver allocation for 90-day overdue merchant balance,Collections Agent,12543.47,LOW,DEBT_COLLECTION
Full refund for returned defective electronic unit #4401,Refund Agent,8288.9,MEDIUM,CUSTOMER_REFUND
Urgent payment to critical supplier to release pending shipment,Payout Agent,159030.81,LOW,SUPPLIER_SETTLEMENT
Hedging collateral deposit for forex currency fluctuations,Treasury Agent,1388538.58,LOW,LIQUIDITY_REBALANCE
Quarterly supplier retention bonus and milestone settlement,Payout Agent,171001.42,HIGH,SUPPLIER_SETTLEMENT
Inter-account treasury transfer from primary current to payroll reserve,Treasury Agent,1149068.73,HIGH,LIQUIDITY_REBALANCE
Settlement of raw material invoice #5903 to primary vendor,Payout Agent,292116.39,CRITICAL,SUPPLIER_SETTLEMENT
Quarterly supplier retention bonus and milestone settlement,Payout Agent,269624.54,MEDIUM,SUPPLIER_SETTLEMENT
Vendor payout for contract software engineering services,Payout Agent,445289.55,MEDIUM,SUPPLIER_SETTLEMENT
Customer refund for damaged shipment order #2790,Refund Agent,86133.69,LOW,CUSTOMER_REFUND
Receivable discount fee for accelerated factoring liquidation,Collections Agent,62840.24,HIGH,DEBT_COLLECTION
Brand awareness campaign media buying for Q4,Growth Agent,326430.49,CRITICAL,GROWTH_INVESTMENT
Emergency reserve replenishment following high outflow cycle,Treasury Agent,1231172.5,MEDIUM,LIQUIDITY_REBALANCE
Search engine marketing budget expansion for high-intent keywords,Growth Agent,103193.21,CRITICAL,GROWTH_INVESTMENT
Routine bi-weekly supplier invoice settlement for inventory batch #7793,Payout Agent,360530.85,HIGH,SUPPLIER_SETTLEMENT
Search engine marketing budget expansion for high-intent keywords,Growth Agent,338278.24,HIGH,GROWTH_INVESTMENT
Influencer campaign budget deposit for festive season launch,Growth Agent,185127.8,HIGH,GROWTH_INVESTMENT
Settlement of raw material invoice #6460 to primary vendor,Payout Agent,306021.19,LOW,SUPPLIER_SETTLEMENT
Goodwill refund for delayed order delivery breach SLA,Refund Agent,125239.97,CRITICAL,CUSTOMER_REFUND
Early settlement discount incentive to collect overdue receivable,Collections Agent,50742.07,CRITICAL,DEBT_COLLECTION
Treasury rebalancing to maintain regulatory statutory reserve buffer,Treasury Agent,1197584.65,CRITICAL,LIQUIDITY_REBALANCE
Vendor payout for contract software engineering services,Payout Agent,466382.91,LOW,SUPPLIER_SETTLEMENT
Partial refund due to discount coupon error at checkout,Refund Agent,10865.74,MEDIUM,CUSTOMER_REFUND
Performance marketing ad spend allocation on Google Ads,Growth Agent,492628.45,MEDIUM,GROWTH_INVESTMENT
Liquidity pool re-allocation across multi-banking nodal accounts,Treasury Agent,933268.61,HIGH,LIQUIDITY_REBALANCE
Performance marketing ad spend allocation on Google Ads,Growth Agent,236241.31,CRITICAL,GROWTH_INVESTMENT
Partial refund due to discount coupon error at checkout,Refund Agent,124589.16,HIGH,CUSTOMER_REFUND
Full refund for returned defective electronic unit #3867,Refund Agent,17722.46,LOW,CUSTOMER_REFUND
Subscription cancellation charge reversal requested by user,Refund Agent,76393.21,CRITICAL,CUSTOMER_REFUND
Inter-account treasury transfer from primary current to payroll reserve,Treasury Agent,576162.27,CRITICAL,LIQUIDITY_REBALANCE
Hedging collateral deposit for forex currency fluctuations,Treasury Agent,300613.07,LOW,LIQUIDITY_REBALANCE
Inter-account treasury transfer from primary current to payroll reserve,Treasury Agent,1114398.89,CRITICAL,LIQUIDITY_REBALANCE
Collection agency recovery contingency disbursement,Collections Agent,34543.23,LOW,DEBT_COLLECTION
Replenishment of working capital escrow reserve buffer,Treasury Agent,753626.26,LOW,LIQUIDITY_REBALANCE
Vendor payout for contract software engineering services,Payout Agent,483169.88,HIGH,SUPPLIER_SETTLEMENT
Partial refund due to discount coupon error at checkout,Refund Agent,29689.3,HIGH,CUSTOMER_REFUND
Treasury rebalancing to maintain regulatory statutory reserve buffer,Treasury Agent,1039573.66,HIGH,LIQUIDITY_REBALANCE
Double charge correction and dispute refund for transaction #5483,Refund Agent,18054.6,LOW,CUSTOMER_REFUND
Partial refund due to discount coupon error at checkout,Refund Agent,41386.76,HIGH,CUSTOMER_REFUND
Short-term liquid mutual fund redemption to bolster working cash,Treasury Agent,199740.02,HIGH,LIQUIDITY_REBALANCE
Emergency reserve replenishment following high outflow cycle,Treasury Agent,282103.6,CRITICAL,LIQUIDITY_REBALANCE
Settlement of raw material invoice #7284 to primary vendor,Payout Agent,90349.91,CRITICAL,SUPPLIER_SETTLEMENT
Automated payment gateway collection retry incentive,Collections Agent,63549.96,HIGH,DEBT_COLLECTION
Search engine marketing budget expansion for high-intent keywords,Growth Agent,85345.52,CRITICAL,GROWTH_INVESTMENT
Inter-account treasury transfer from primary current to payroll reserve,Treasury Agent,1237991.42,CRITICAL,LIQUIDITY_REBALANCE
Payment of hardware maintenance contract for warehouse 6085,Payout Agent,563358.48,CRITICAL,SUPPLIER_SETTLEMENT
Legal notice issuance fee for delinquent enterprise account #4666,Collections Agent,18653.56,HIGH,DEBT_COLLECTION
Affiliate partner commission prepayment for festival sprint,Growth Agent,364826.58,HIGH,GROWTH_INVESTMENT
Customer referral bonus pool allocation,Growth Agent,63618.86,CRITICAL,GROWTH_INVESTMENT
Urgent payment to critical supplier to release pending shipment,Payout Agent,395931.26,MEDIUM,SUPPLIER_SETTLEMENT
Brand awareness campaign media buying for Q4,Growth Agent,278577.35,CRITICAL,GROWTH_INVESTMENT
Urgent payment to critical supplier to release pending shipment,Payout Agent,644323.2,CRITICAL,SUPPLIER_SETTLEMENT
Settlement waiver allocation for 90-day overdue merchant balance,Collections Agent,63983.11,MEDIUM,DEBT_COLLECTION
Settlement waiver allocation for 90-day overdue merchant balance,Collections Agent,37367.85,CRITICAL,DEBT_COLLECTION
Follow-up collection workflow trigger with dynamic discount #9921,Collections Agent,70942.65,MEDIUM,DEBT_COLLECTION
Payment of hardware maintenance contract for warehouse 2873,Payout Agent,494122.35,CRITICAL,SUPPLIER_SETTLEMENT
Influencer campaign budget deposit for festive season launch,Growth Agent,129278.3,CRITICAL,GROWTH_INVESTMENT
Settlement of raw material invoice #7208 to primary vendor,Payout Agent,295556.18,LOW,SUPPLIER_SETTLEMENT
Routine bi-weekly supplier invoice settlement for inventory batch #3276,Payout Agent,715446.15,LOW,SUPPLIER_SETTLEMENT
Double charge correction and dispute refund for transaction #8421,Refund Agent,80157.12,CRITICAL,CUSTOMER_REFUND
Emergency reserve replenishment following high outflow cycle,Treasury Agent,387926.35,HIGH,LIQUIDITY_REBALANCE
Sponsorship fee for national fintech developer conference,Growth Agent,373006.05,HIGH,GROWTH_INVESTMENT
Payment for Q3 vendor invoices regarding cloud infrastructure,Payout Agent,353148.06,MEDIUM,SUPPLIER_SETTLEMENT
Performance marketing ad spend allocation on Google Ads,Growth Agent,455484.06,LOW,GROWTH_INVESTMENT
Urgent payment to critical supplier to release pending shipment,Payout Agent,695935.88,LOW,SUPPLIER_SETTLEMENT
Chargeback resolution and customer refund reconciliation,Refund Agent,94156.93,CRITICAL,CUSTOMER_REFUND
Settlement waiver allocation for 90-day overdue merchant balance,Collections Agent,56786.28,MEDIUM,DEBT_COLLECTION
Automated payment gateway collection retry incentive,Collections Agent,57765.05,HIGH,DEBT_COLLECTION
Automated payment gateway collection retry incentive,Collections Agent,99758.32,MEDIUM,DEBT_COLLECTION
Customer refund for damaged shipment order #2175,Refund Agent,97610.0,MEDIUM,CUSTOMER_REFUND
Settlement waiver allocation for 90-day overdue merchant balance,Collections Agent,13043.03,CRITICAL,DEBT_COLLECTION
Settlement waiver allocation for 90-day overdue merchant balance,Collections Agent,48167.46,CRITICAL,DEBT_COLLECTION
Emergency reserve replenishment following high outflow cycle,Treasury Agent,597430.12,MEDIUM,LIQUIDITY_REBALANCE
Early settlement discount incentive to collect overdue receivable,Collections Agent,85446.37,MEDIUM,DEBT_COLLECTION
Hedging collateral deposit for forex currency fluctuations,Treasury Agent,1397190.23,HIGH,LIQUIDITY_REBALANCE
Payment for Q3 vendor invoices regarding cloud infrastructure,Payout Agent,578661.91,LOW,SUPPLIER_SETTLEMENT
Emergency reserve replenishment following high outflow cycle,Treasury Agent,298922.47,HIGH,LIQUIDITY_REBALANCE
Collection agency recovery contingency disbursement,Collections Agent,89541.97,LOW,DEBT_COLLECTION
Merchant store credit conversion to original payment refund,Refund Agent,102927.03,HIGH,CUSTOMER_REFUND
Yield optimization sweep of idle float to overnight liquid funds,Treasury Agent,849046.57,LOW,LIQUIDITY_REBALANCE
Escrow account setup for disputed receivable recovery,Collections Agent,91075.23,HIGH,DEBT_COLLECTION
Follow-up collection workflow trigger with dynamic discount #5827,Collections Agent,32474.8,LOW,DEBT_COLLECTION
Hedging collateral deposit for forex currency fluctuations,Treasury Agent,185984.87,CRITICAL,LIQUIDITY_REBALANCE
Inter-account treasury transfer from primary current to payroll reserve,Treasury Agent,1018847.84,HIGH,LIQUIDITY_REBALANCE
Yield optimization sweep of idle float to overnight liquid funds,Treasury Agent,778664.26,MEDIUM,LIQUIDITY_REBALANCE
Replenishment of working capital escrow reserve buffer,Treasury Agent,452871.36,HIGH,LIQUIDITY_REBALANCE
Sponsorship fee for national fintech developer conference,Growth Agent,383643.12,MEDIUM,GROWTH_INVESTMENT
Inter-account treasury transfer from primary current to payroll reserve,Treasury Agent,617673.56,MEDIUM,LIQUIDITY_REBALANCE
Search engine marketing budget expansion for high-intent keywords,Growth Agent,131364.14,LOW,GROWTH_INVESTMENT
Influencer campaign budget deposit for festive season launch,Growth Agent,317994.84,MEDIUM,GROWTH_INVESTMENT
Settlement waiver allocation for 90-day overdue merchant balance,Collections Agent,27605.01,CRITICAL,DEBT_COLLECTION
Goodwill refund for delayed order delivery breach SLA,Refund Agent,9094.54,HIGH,CUSTOMER_REFUND
Payment for Q3 vendor invoices regarding cloud infrastructure,Payout Agent,398011.2,CRITICAL,SUPPLIER_SETTLEMENT
Customer referral bonus pool allocation,Growth Agent,155147.59,CRITICAL,GROWTH_INVESTMENT
Receivable discount fee for accelerated factoring liquidation,Collections Agent,55392.0,CRITICAL,DEBT_COLLECTION
Vendor payout for contract software engineering services,Payout Agent,336503.07,HIGH,SUPPLIER_SETTLEMENT
Yield optimization sweep of idle float to overnight liquid funds,Treasury Agent,1384797.0,HIGH,LIQUIDITY_REBALANCE
Receivable discount fee for accelerated factoring liquidation,Collections Agent,30680.98,LOW,DEBT_COLLECTION
Affiliate partner commission prepayment for festival sprint,Growth Agent,397917.96,MEDIUM,GROWTH_INVESTMENT
Short-term liquid mutual fund redemption to bolster working cash,Treasury Agent,572369.24,MEDIUM,LIQUIDITY_REBALANCE
Performance marketing ad spend allocation on Google Ads,Growth Agent,424260.27,LOW,GROWTH_INVESTMENT
Collection agency recovery contingency disbursement,Collections Agent,14871.19,CRITICAL,DEBT_COLLECTION
Search engine marketing budget expansion for high-intent keywords,Growth Agent,163353.25,LOW,GROWTH_INVESTMENT
Settlement of raw material invoice #1931 to primary vendor,Payout Agent,753879.1,MEDIUM,SUPPLIER_SETTLEMENT
Replenishment of working capital escrow reserve buffer,Treasury Agent,220940.92,MEDIUM,LIQUIDITY_REBALANCE
Automated payment gateway collection retry incentive,Collections Agent,71087.1,HIGH,DEBT_COLLECTION
Customer referral bonus pool allocation,Growth Agent,337451.23,HIGH,GROWTH_INVESTMENT
Follow-up collection workflow trigger with dynamic discount #5216,Collections Agent,20386.77,LOW,DEBT_COLLECTION
Performance marketing ad spend allocation on Google Ads,Growth Agent,224865.69,LOW,GROWTH_INVESTMENT
Sponsorship fee for national fintech developer conference,Growth Agent,248258.67,CRITICAL,GROWTH_INVESTMENT
Chargeback resolution and customer refund reconciliation,Refund Agent,97176.99,LOW,CUSTOMER_REFUND
Chargeback resolution and customer refund reconciliation,Refund Agent,92480.98,LOW,CUSTOMER_REFUND
Receivable discount fee for accelerated factoring liquidation,Collections Agent,8311.78,LOW,DEBT_COLLECTION
Hedging collateral deposit for forex currency fluctuations,Treasury Agent,126270.71,CRITICAL,LIQUIDITY_REBALANCE
Customer refund for damaged shipment order #1619,Refund Agent,100026.27,HIGH,CUSTOMER_REFUND
Partial refund due to discount coupon error at checkout,Refund Agent,86621.4,CRITICAL,CUSTOMER_REFUND
Settlement waiver allocation for 90-day overdue merchant balance,Collections Agent,85184.67,LOW,DEBT_COLLECTION
Short-term liquid mutual fund redemption to bolster working cash,Treasury Agent,638193.42,CRITICAL,LIQUIDITY_REBALANCE
Urgent payment to critical supplier to release pending shipment,Payout Agent,561376.8,CRITICAL,SUPPLIER_SETTLEMENT
Settlement of raw material invoice #6985 to primary vendor,Payout Agent,450969.72,HIGH,SUPPLIER_SETTLEMENT
Payment of hardware maintenance contract for warehouse 5750,Payout Agent,535844.43,MEDIUM,SUPPLIER_SETTLEMENT
Yield optimization sweep of idle float to overnight liquid funds,Treasury Agent,1025027.72,HIGH,LIQUIDITY_REBALANCE
Collection agency recovery contingency disbursement,Collections Agent,51217.84,CRITICAL,DEBT_COLLECTION
Double charge correction and dispute refund for transaction #1584,Refund Agent,29770.82,MEDIUM,CUSTOMER_REFUND
Settlement waiver allocation for 90-day overdue merchant balance,Collections Agent,80310.22,HIGH,DEBT_COLLECTION
Escrow account setup for disputed receivable recovery,Collections Agent,8519.05,LOW,DEBT_COLLECTION
Performance marketing ad spend allocation on Google Ads,Growth Agent,103184.2,CRITICAL,GROWTH_INVESTMENT
Inter-account treasury transfer from primary current to payroll reserve,Treasury Agent,1394742.14,LOW,LIQUIDITY_REBALANCE
Merchant store credit conversion to original payment refund,Refund Agent,71211.73,LOW,CUSTOMER_REFUND
Double charge correction and dispute refund for transaction #1235,Refund Agent,26665.1,LOW,CUSTOMER_REFUND
Influencer campaign budget deposit for festive season launch,Growth Agent,325051.65,LOW,GROWTH_INVESTMENT
Settlement of raw material invoice #9145 to primary vendor,Payout Agent,496233.06,MEDIUM,SUPPLIER_SETTLEMENT
Routine bi-weekly supplier invoice settlement for inventory batch #7983,Payout Agent,303007.33,CRITICAL,SUPPLIER_SETTLEMENT
Influencer campaign budget deposit for festive season launch,Growth Agent,111798.23,MEDIUM,GROWTH_INVESTMENT
Disbursement for logistics partner freight clearing,Payout Agent,97416.42,HIGH,SUPPLIER_SETTLEMENT
Chargeback resolution and customer refund reconciliation,Refund Agent,104748.07,MEDIUM,CUSTOMER_REFUND
Legal notice issuance fee for delinquent enterprise account #1666,Collections Agent,17670.23,CRITICAL,DEBT_COLLECTION
Customer refund for damaged shipment order #8978,Refund Agent,13027.67,LOW,CUSTOMER_REFUND
Subscription cancellation charge reversal requested by user,Refund Agent,63017.11,CRITICAL,CUSTOMER_REFUND
Goodwill refund for delayed order delivery breach SLA,Refund Agent,96334.03,CRITICAL,CUSTOMER_REFUND
Legal notice issuance fee for delinquent enterprise account #3859,Collections Agent,63001.11,LOW,DEBT_COLLECTION
Inter-account treasury transfer from primary current to payroll reserve,Treasury Agent,956869.74,LOW,LIQUIDITY_REBALANCE
Brand awareness campaign media buying for Q4,Growth Agent,52056.52,MEDIUM,GROWTH_INVESTMENT
Subscription cancellation charge reversal requested by user,Refund Agent,146541.93,HIGH,CUSTOMER_REFUND
Short-term liquid mutual fund redemption to bolster working cash,Treasury Agent,1178463.8,MEDIUM,LIQUIDITY_REBALANCE
Performance marketing ad spend allocation on Google Ads,Growth Agent,100705.61,MEDIUM,GROWTH_INVESTMENT
Escrow account setup for disputed receivable recovery,Collections Agent,20177.16,LOW,DEBT_COLLECTION
Urgent payment to critical supplier to release pending shipment,Payout Agent,207192.31,HIGH,SUPPLIER_SETTLEMENT
Customer referral bonus pool allocation,Growth Agent,96989.49,LOW,GROWTH_INVESTMENT
Inter-account treasury transfer from primary current to payroll reserve,Treasury Agent,1199688.83,CRITICAL,LIQUIDITY_REBALANCE
Replenishment of working capital escrow reserve buffer,Treasury Agent,1353110.84,CRITICAL,LIQUIDITY_REBALANCE
Treasury rebalancing to maintain regulatory statutory reserve buffer,Treasury Agent,378251.95,HIGH,LIQUIDITY_REBALANCE
Subscription cancellation charge reversal requested by user,Refund Agent,34939.53,MEDIUM,CUSTOMER_REFUND
Legal notice issuance fee for delinquent enterprise account #7152,Collections Agent,89679.69,LOW,DEBT_COLLECTION
Escrow account setup for disputed receivable recovery,Collections Agent,89596.44,MEDIUM,DEBT_COLLECTION
Merchant store credit conversion to original payment refund,Refund Agent,58712.22,MEDIUM,CUSTOMER_REFUND
Legal notice issuance fee for delinquent enterprise account #6875,Collections Agent,97677.81,MEDIUM,DEBT_COLLECTION
Paid acquisition ad spend top-up on Meta and LinkedIn,Growth Agent,361494.74,LOW,GROWTH_INVESTMENT
Paid acquisition ad spend top-up on Meta and LinkedIn,Growth Agent,433243.11,CRITICAL,GROWTH_INVESTMENT
Automated payment gateway collection retry incentive,Collections Agent,25886.09,HIGH,DEBT_COLLECTION
Inter-account treasury transfer from primary current to payroll reserve,Treasury Agent,909370.02,MEDIUM,LIQUIDITY_REBALANCE
Quarterly supplier retention bonus and milestone settlement,Payout Agent,416910.05,MEDIUM,SUPPLIER_SETTLEMENT
Emergency reserve replenishment following high outflow cycle,Treasury Agent,490839.23,CRITICAL,LIQUIDITY_REBALANCE
Goodwill refund for delayed order delivery breach SLA,Refund Agent,65703.06,MEDIUM,CUSTOMER_REFUND
Inter-account treasury transfer from primary current to payroll reserve,Treasury Agent,684880.59,LOW,LIQUIDITY_REBALANCE
Payment of hardware maintenance contract for warehouse 9261,Payout Agent,75215.42,CRITICAL,SUPPLIER_SETTLEMENT
Collection agency recovery contingency disbursement,Collections Agent,52052.08,LOW,DEBT_COLLECTION
Yield optimization sweep of idle float to overnight liquid funds,Treasury Agent,1429907.45,MEDIUM,LIQUIDITY_REBALANCE
Sponsorship fee for national fintech developer conference,Growth Agent,341438.09,LOW,GROWTH_INVESTMENT
Payment of hardware maintenance contract for warehouse 5994,Payout Agent,171352.13,CRITICAL,SUPPLIER_SETTLEMENT
Yield optimization sweep of idle float to overnight liquid funds,Treasury Agent,749264.9,MEDIUM,LIQUIDITY_REBALANCE
Automated payment gateway collection retry incentive,Collections Agent,64547.04,LOW,DEBT_COLLECTION
Quarterly supplier retention bonus and milestone settlement,Payout Agent,448190.25,HIGH,SUPPLIER_SETTLEMENT
Receivable discount fee for accelerated factoring liquidation,Collections Agent,59646.79,MEDIUM,DEBT_COLLECTION
Urgent payment to critical supplier to release pending shipment,Payout Agent,436052.36,HIGH,SUPPLIER_SETTLEMENT
Settlement of raw material invoice #7274 to primary vendor,Payout Agent,324193.14,LOW,SUPPLIER_SETTLEMENT
Brand awareness campaign media buying for Q4,Growth Agent,341677.7,LOW,GROWTH_INVESTMENT
Short-term liquid mutual fund redemption to bolster working cash,Treasury Agent,1473752.27,MEDIUM,LIQUIDITY_REBALANCE
Replenishment of working capital escrow reserve buffer,Treasury Agent,1132332.09,MEDIUM,LIQUIDITY_REBALANCE
Partial refund due to discount coupon error at checkout,Refund Agent,134792.02,CRITICAL,CUSTOMER_REFUND
Performance marketing ad spend allocation on Google Ads,Growth Agent,217766.2,CRITICAL,GROWTH_INVESTMENT
Collection agency recovery contingency disbursement,Collections Agent,72433.4,HIGH,DEBT_COLLECTION
Follow-up collection workflow trigger with dynamic discount #2075,Collections Agent,22893.59,CRITICAL,DEBT_COLLECTION
Settlement of raw material invoice #7400 to primary vendor,Payout Agent,723459.39,HIGH,SUPPLIER_SETTLEMENT
Settlement of raw material invoice #3699 to primary vendor,Payout Agent,256957.05,MEDIUM,SUPPLIER_SETTLEMENT
Automated payment gateway collection retry incentive,Collections Agent,54465.33,LOW,DEBT_COLLECTION
Affiliate partner commission prepayment for festival sprint,Growth Agent,469274.66,CRITICAL,GROWTH_INVESTMENT
Affiliate partner commission prepayment for festival sprint,Growth Agent,381969.16,LOW,GROWTH_INVESTMENT
Search engine marketing budget expansion for high-intent keywords,Growth Agent,59916.48,MEDIUM,GROWTH_INVESTMENT
Treasury rebalancing to maintain regulatory statutory reserve buffer,Treasury Agent,910186.45,HIGH,LIQUIDITY_REBALANCE
Escrow account setup for disputed receivable recovery,Collections Agent,33887.82,MEDIUM,DEBT_COLLECTION
Paid acquisition ad spend top-up on Meta and LinkedIn,Growth Agent,152051.87,HIGH,GROWTH_INVESTMENT
Performance marketing ad spend allocation on Google Ads,Growth Agent,208904.4,CRITICAL,GROWTH_INVESTMENT
Double charge correction and dispute refund for transaction #9770,Refund Agent,43501.74,MEDIUM,CUSTOMER_REFUND
Double charge correction and dispute refund for transaction #4897,Refund Agent,18420.68,HIGH,CUSTOMER_REFUND
Inter-account treasury transfer from primary current to payroll reserve,Treasury Agent,464570.08,MEDIUM,LIQUIDITY_REBALANCE
Customer refund for damaged shipment order #6192,Refund Agent,146725.36,MEDIUM,CUSTOMER_REFUND
Customer referral bonus pool allocation,Growth Agent,488959.56,HIGH,GROWTH_INVESTMENT
Payment for Q3 vendor invoices regarding cloud infrastructure,Payout Agent,748301.69,MEDIUM,SUPPLIER_SETTLEMENT
Follow-up collection workflow trigger with dynamic discount #3556,Collections Agent,5407.96,HIGH,DEBT_COLLECTION
Customer referral bonus pool allocation,Growth Agent,486322.5,MEDIUM,GROWTH_INVESTMENT
Emergency reserve replenishment following high outflow cycle,Treasury Agent,1064805.77,CRITICAL,LIQUIDITY_REBALANCE
Disbursement for logistics partner freight clearing,Payout Agent,281061.65,CRITICAL,SUPPLIER_SETTLEMENT
Short-term liquid mutual fund redemption to bolster working cash,Treasury Agent,600350.97,HIGH,LIQUIDITY_REBALANCE
Routine bi-weekly supplier invoice settlement for inventory batch #9625,Payout Agent,216607.89,HIGH,SUPPLIER_SETTLEMENT
Customer refund for damaged shipment order #2369,Refund Agent,81223.43,CRITICAL,CUSTOMER_REFUND
Quarterly supplier retention bonus and milestone settlement,Payout Agent,417849.02,LOW,SUPPLIER_SETTLEMENT
Affiliate partner commission prepayment for festival sprint,Growth Agent,372183.7,CRITICAL,GROWTH_INVESTMENT
Affiliate partner commission prepayment for festival sprint,Growth Agent,55485.86,HIGH,GROWTH_INVESTMENT
Sponsorship fee for national fintech developer conference,Growth Agent,443435.78,LOW,GROWTH_INVESTMENT
Merchant store credit conversion to original payment refund,Refund Agent,120749.14,HIGH,CUSTOMER_REFUND
Chargeback resolution and customer refund reconciliation,Refund Agent,21795.59,LOW,CUSTOMER_REFUND
Goodwill refund for delayed order delivery breach SLA,Refund Agent,71717.36,HIGH,CUSTOMER_REFUND
Quarterly supplier retention bonus and milestone settlement,Payout Agent,54964.15,HIGH,SUPPLIER_SETTLEMENT
Automated payment gateway collection retry incentive,Collections Agent,72473.47,MEDIUM,DEBT_COLLECTION
Double charge correction and dispute refund for transaction #7254,Refund Agent,44130.01,CRITICAL,CUSTOMER_REFUND
Vendor payout for contract software engineering services,Payout Agent,420575.36,CRITICAL,SUPPLIER_SETTLEMENT
Customer refund for damaged shipment order #1040,Refund Agent,23949.57,HIGH,CUSTOMER_REFUND
Collection agency recovery contingency disbursement,Collections Agent,44629.89,CRITICAL,DEBT_COLLECTION
Customer refund for damaged shipment order #2955,Refund Agent,114943.04,CRITICAL,CUSTOMER_REFUND
Urgent payment to critical supplier to release pending shipment,Payout Agent,474180.94,HIGH,SUPPLIER_SETTLEMENT
Collection agency recovery contingency disbursement,Collections Agent,53689.96,LOW,DEBT_COLLECTION
Paid acquisition ad spend top-up on Meta and LinkedIn,Growth Agent,115761.7,CRITICAL,GROWTH_INVESTMENT
Partial refund due to discount coupon error at checkout,Refund Agent,8880.36,HIGH,CUSTOMER_REFUND
Follow-up collection workflow trigger with dynamic discount #1798,Collections Agent,32536.34,LOW,DEBT_COLLECTION
Short-term liquid mutual fund redemption to bolster working cash,Treasury Agent,1170565.13,MEDIUM,LIQUIDITY_REBALANCE
Treasury rebalancing to maintain regulatory statutory reserve buffer,Treasury Agent,1257550.8,HIGH,LIQUIDITY_REBALANCE
Brand awareness campaign media buying for Q4,Growth Agent,290489.15,HIGH,GROWTH_INVESTMENT
Customer refund for damaged shipment order #3243,Refund Agent,78207.44,HIGH,CUSTOMER_REFUND
Settlement waiver allocation for 90-day overdue merchant balance,Collections Agent,92486.2,MEDIUM,DEBT_COLLECTION
Routine bi-weekly supplier invoice settlement for inventory batch #3532,Payout Agent,427537.17,MEDIUM,SUPPLIER_SETTLEMENT
Replenishment of working capital escrow reserve buffer,Treasury Agent,744687.9,LOW,LIQUIDITY_REBALANCE
Disbursement for logistics partner freight clearing,Payout Agent,409638.67,HIGH,SUPPLIER_SETTLEMENT
Paid acquisition ad spend top-up on Meta and LinkedIn,Growth Agent,450376.87,HIGH,GROWTH_INVESTMENT
Full refund for returned defective electronic unit #1471,Refund Agent,111924.57,LOW,CUSTOMER_REFUND
Double charge correction and dispute refund for transaction #3332,Refund Agent,103519.03,HIGH,CUSTOMER_REFUND
Goodwill refund for delayed order delivery breach SLA,Refund Agent,147185.33,CRITICAL,CUSTOMER_REFUND
Settlement of raw material invoice #1308 to primary vendor,Payout Agent,631019.23,CRITICAL,SUPPLIER_SETTLEMENT
Routine bi-weekly supplier invoice settlement for inventory batch #2766,Payout Agent,74594.54,LOW,SUPPLIER_SETTLEMENT
Collection agency recovery contingency disbursement,Collections Agent,9111.74,HIGH,DEBT_COLLECTION
Settlement of raw material invoice #3028 to primary vendor,Payout Agent,740073.55,MEDIUM,SUPPLIER_SETTLEMENT
Short-term liquid mutual fund redemption to bolster working cash,Treasury Agent,1038840.91,LOW,LIQUIDITY_REBALANCE
Disbursement for logistics partner freight clearing,Payout Agent,761593.7,HIGH,SUPPLIER_SETTLEMENT
Paid acquisition ad spend top-up on Meta and LinkedIn,Growth Agent,401360.96,MEDIUM,GROWTH_INVESTMENT
Replenishment of working capital escrow reserve buffer,Treasury Agent,1247421.11,LOW,LIQUIDITY_REBALANCE
Short-term liquid mutual fund redemption to bolster working cash,Treasury Agent,1449969.32,MEDIUM,LIQUIDITY_REBALANCE
Yield optimization sweep of idle float to overnight liquid funds,Treasury Agent,1393924.94,CRITICAL,LIQUIDITY_REBALANCE
Paid acquisition ad spend top-up on Meta and LinkedIn,Growth Agent,353086.56,LOW,GROWTH_INVESTMENT
Partial refund due to discount coupon error at checkout,Refund Agent,64189.69,MEDIUM,CUSTOMER_REFUND
Collection agency recovery contingency disbursement,Collections Agent,16743.46,LOW,DEBT_COLLECTION
Inter-account treasury transfer from primary current to payroll reserve,Treasury Agent,1167183.15,HIGH,LIQUIDITY_REBALANCE
Yield optimization sweep of idle float to overnight liquid funds,Treasury Agent,559361.57,LOW,LIQUIDITY_REBALANCE
Receivable discount fee for accelerated factoring liquidation,Collections Agent,62037.0,HIGH,DEBT_COLLECTION
Legal notice issuance fee for delinquent enterprise account #7672,Collections Agent,32605.99,CRITICAL,DEBT_COLLECTION
Subscription cancellation charge reversal requested by user,Refund Agent,140923.22,HIGH,CUSTOMER_REFUND
Customer refund for damaged shipment order #9055,Refund Agent,101142.23,CRITICAL,CUSTOMER_REFUND
Collection agency recovery contingency disbursement,Collections Agent,18619.92,CRITICAL,DEBT_COLLECTION
Replenishment of working capital escrow reserve buffer,Treasury Agent,190594.58,MEDIUM,LIQUIDITY_REBALANCE
Search engine marketing budget expansion for high-intent keywords,Growth Agent,105242.98,CRITICAL,GROWTH_INVESTMENT
Receivable discount fee for accelerated factoring liquidation,Collections Agent,76848.78,CRITICAL,DEBT_COLLECTION
Customer referral bonus pool allocation,Growth Agent,494385.44,HIGH,GROWTH_INVESTMENT
Merchant store credit conversion to original payment refund,Refund Agent,19206.32,CRITICAL,CUSTOMER_REFUND
Legal notice issuance fee for delinquent enterprise account #3205,Collections Agent,7823.73,LOW,DEBT_COLLECTION
Payment of hardware maintenance contract for warehouse 1438,Payout Agent,779054.41,CRITICAL,SUPPLIER_SETTLEMENT
Treasury rebalancing to maintain regulatory statutory reserve buffer,Treasury Agent,523853.66,LOW,LIQUIDITY_REBALANCE
Payment of hardware maintenance contract for warehouse 8635,Payout Agent,201448.82,CRITICAL,SUPPLIER_SETTLEMENT
Receivable discount fee for accelerated factoring liquidation,Collections Agent,37643.49,LOW,DEBT_COLLECTION
Quarterly supplier retention bonus and milestone settlement,Payout Agent,337722.41,HIGH,SUPPLIER_SETTLEMENT
Escrow account setup for disputed receivable recovery,Collections Agent,8418.21,MEDIUM,DEBT_COLLECTION
Hedging collateral deposit for forex currency fluctuations,Treasury Agent,788071.45,MEDIUM,LIQUIDITY_REBALANCE
Affiliate partner commission prepayment for festival sprint,Growth Agent,393805.01,CRITICAL,GROWTH_INVESTMENT
Emergency reserve replenishment following high outflow cycle,Treasury Agent,887157.58,MEDIUM,LIQUIDITY_REBALANCE
Yield optimization sweep of idle float to overnight liquid funds,Treasury Agent,468747.38,CRITICAL,LIQUIDITY_REBALANCE
Treasury rebalancing to maintain regulatory statutory reserve buffer,Treasury Agent,548675.9,LOW,LIQUIDITY_REBALANCE
Yield optimization sweep of idle float to overnight liquid funds,Treasury Agent,1271707.81,HIGH,LIQUIDITY_REBALANCE
Yield optimization sweep of idle float to overnight liquid funds,Treasury Agent,632802.73,CRITICAL,LIQUIDITY_REBALANCE
Brand awareness campaign media buying for Q4,Growth Agent,208071.17,MEDIUM,GROWTH_INVESTMENT
Goodwill refund for delayed order delivery breach SLA,Refund Agent,89287.22,LOW,CUSTOMER_REFUND
Influencer campaign budget deposit for festive season launch,Growth Agent,126400.66,HIGH,GROWTH_INVESTMENT
Payment of hardware maintenance contract for warehouse 7921,Payout Agent,476037.05,CRITICAL,SUPPLIER_SETTLEMENT
Performance marketing ad spend allocation on Google Ads,Growth Agent,314595.16,HIGH,GROWTH_INVESTMENT
Settlement waiver allocation for 90-day overdue merchant balance,Collections Agent,59391.17,CRITICAL,DEBT_COLLECTION
Routine bi-weekly supplier invoice settlement for inventory batch #6504,Payout Agent,422548.55,HIGH,SUPPLIER_SETTLEMENT
Full refund for returned defective electronic unit #6952,Refund Agent,145444.74,MEDIUM,CUSTOMER_REFUND
Collection agency recovery contingency disbursement,Collections Agent,25337.61,HIGH,DEBT_COLLECTION
Vendor payout for contract software engineering services,Payout Agent,653452.26,LOW,SUPPLIER_SETTLEMENT
Replenishment of working capital escrow reserve buffer,Treasury Agent,482710.9,CRITICAL,LIQUIDITY_REBALANCE
Legal notice issuance fee for delinquent enterprise account #6690,Collections Agent,80586.92,HIGH,DEBT_COLLECTION
Hedging collateral deposit for forex currency fluctuations,Treasury Agent,1028839.38,HIGH,LIQUIDITY_REBALANCE
Chargeback resolution and customer refund reconciliation,Refund Agent,38438.45,CRITICAL,CUSTOMER_REFUND
Inter-account treasury transfer from primary current to payroll reserve,Treasury Agent,978981.51,MEDIUM,LIQUIDITY_REBALANCE
Emergency reserve replenishment following high outflow cycle,Treasury Agent,1025128.7,CRITICAL,LIQUIDITY_REBALANCE
Affiliate partner commission prepayment for festival sprint,Growth Agent,285021.31,HIGH,GROWTH_INVESTMENT
Automated payment gateway collection retry incentive,Collections Agent,19294.9,HIGH,DEBT_COLLECTION
Settlement waiver allocation for 90-day overdue merchant balance,Collections Agent,86717.67,LOW,DEBT_COLLECTION
Chargeback resolution and customer refund reconciliation,Refund Agent,123732.89,MEDIUM,CUSTOMER_REFUND
Search engine marketing budget expansion for high-intent keywords,Growth Agent,157317.54,MEDIUM,GROWTH_INVESTMENT
Customer refund for damaged shipment order #5023,Refund Agent,119759.67,HIGH,CUSTOMER_REFUND
Escrow account setup for disputed receivable recovery,Collections Agent,45091.82,LOW,DEBT_COLLECTION
Double charge correction and dispute refund for transaction #5468,Refund Agent,21328.16,HIGH,CUSTOMER_REFUND
Paid acquisition ad spend top-up on Meta and LinkedIn,Growth Agent,483704.1,CRITICAL,GROWTH_INVESTMENT
Payment for Q3 vendor invoices regarding cloud infrastructure,Payout Agent,285428.58,HIGH,SUPPLIER_SETTLEMENT
Quarterly supplier retention bonus and milestone settlement,Payout Agent,553754.06,LOW,SUPPLIER_SETTLEMENT
Automated payment gateway collection retry incentive,Collections Agent,15633.57,LOW,DEBT_COLLECTION
Hedging collateral deposit for forex currency fluctuations,Treasury Agent,1338390.81,MEDIUM,LIQUIDITY_REBALANCE
Replenishment of working capital escrow reserve buffer,Treasury Agent,561000.28,CRITICAL,LIQUIDITY_REBALANCE
Chargeback resolution and customer refund reconciliation,Refund Agent,22497.41,MEDIUM,CUSTOMER_REFUND
Full refund for returned defective electronic unit #8200,Refund Agent,61847.96,LOW,CUSTOMER_REFUND
Follow-up collection workflow trigger with dynamic discount #2850,Collections Agent,35066.54,CRITICAL,DEBT_COLLECTION
Legal notice issuance fee for delinquent enterprise account #5550,Collections Agent,88546.19,MEDIUM,DEBT_COLLECTION
Customer referral bonus pool allocation,Growth Agent,419614.41,LOW,GROWTH_INVESTMENT
Yield optimization sweep of idle float to overnight liquid funds,Treasury Agent,1066955.44,MEDIUM,LIQUIDITY_REBALANCE
Affiliate partner commission prepayment for festival sprint,Growth Agent,337527.08,HIGH,GROWTH_INVESTMENT
Routine bi-weekly supplier invoice settlement for inventory batch #8248,Payout Agent,341353.26,CRITICAL,SUPPLIER_SETTLEMENT
Sponsorship fee for national fintech developer conference,Growth Agent,471345.08,MEDIUM,GROWTH_INVESTMENT
Search engine marketing budget expansion for high-intent keywords,Growth Agent,462150.86,HIGH,GROWTH_INVESTMENT
Early settlement discount incentive to collect overdue receivable,Collections Agent,87312.24,CRITICAL,DEBT_COLLECTION
Settlement waiver allocation for 90-day overdue merchant balance,Collections Agent,73151.67,LOW,DEBT_COLLECTION
Full refund for returned defective electronic unit #9295,Refund Agent,10888.72,CRITICAL,CUSTOMER_REFUND
Treasury rebalancing to maintain regulatory statutory reserve buffer,Treasury Agent,1073294.14,LOW,LIQUIDITY_REBALANCE
Merchant store credit conversion to original payment refund,Refund Agent,1458.29,MEDIUM,CUSTOMER_REFUND
Brand awareness campaign media buying for Q4,Growth Agent,99872.69,MEDIUM,GROWTH_INVESTMENT
Inter-account treasury transfer from primary current to payroll reserve,Treasury Agent,1209699.21,HIGH,LIQUIDITY_REBALANCE
Escrow account setup for disputed receivable recovery,Collections Agent,29764.59,HIGH,DEBT_COLLECTION
Search engine marketing budget expansion for high-intent keywords,Growth Agent,236523.39,MEDIUM,GROWTH_INVESTMENT
Settlement waiver allocation for 90-day overdue merchant balance,Collections Agent,6969.79,LOW,DEBT_COLLECTION
Short-term liquid mutual fund redemption to bolster working cash,Treasury Agent,1463778.6,MEDIUM,LIQUIDITY_REBALANCE
Paid acquisition ad spend top-up on Meta and LinkedIn,Growth Agent,230465.71,CRITICAL,GROWTH_INVESTMENT
Hedging collateral deposit for forex currency fluctuations,Treasury Agent,224685.77,HIGH,LIQUIDITY_REBALANCE
Subscription cancellation charge reversal requested by user,Refund Agent,108068.93,CRITICAL,CUSTOMER_REFUND
Escrow account setup for disputed receivable recovery,Collections Agent,26325.98,MEDIUM,DEBT_COLLECTION
Full refund for returned defective electronic unit #5717,Refund Agent,112220.01,CRITICAL,CUSTOMER_REFUND
Chargeback resolution and customer refund reconciliation,Refund Agent,90412.34,HIGH,CUSTOMER_REFUND
Chargeback resolution and customer refund reconciliation,Refund Agent,61870.09,MEDIUM,CUSTOMER_REFUND
Vendor payout for contract software engineering services,Payout Agent,226614.22,CRITICAL,SUPPLIER_SETTLEMENT
Partial refund due to discount coupon error at checkout,Refund Agent,13775.06,CRITICAL,CUSTOMER_REFUND
Partial refund due to discount coupon error at checkout,Refund Agent,103341.01,CRITICAL,CUSTOMER_REFUND
Receivable discount fee for accelerated factoring liquidation,Collections Agent,14051.55,LOW,DEBT_COLLECTION
Urgent payment to critical supplier to release pending shipment,Payout Agent,403199.32,HIGH,SUPPLIER_SETTLEMENT
Yield optimization sweep of idle float to overnight liquid funds,Treasury Agent,455119.64,CRITICAL,LIQUIDITY_REBALANCE
Affiliate partner commission prepayment for festival sprint,Growth Agent,109507.21,LOW,GROWTH_INVESTMENT
Inter-account treasury transfer from primary current to payroll reserve,Treasury Agent,337813.1,CRITICAL,LIQUIDITY_REBALANCE
Customer referral bonus pool allocation,Growth Agent,90341.59,CRITICAL,GROWTH_INVESTMENT
Full refund for returned defective electronic unit #2914,Refund Agent,47677.17,MEDIUM,CUSTOMER_REFUND
Receivable discount fee for accelerated factoring liquidation,Collections Agent,92992.52,HIGH,DEBT_COLLECTION
Sponsorship fee for national fintech developer conference,Growth Agent,190854.64,MEDIUM,GROWTH_INVESTMENT
Customer referral bonus pool allocation,Growth Agent,300053.62,CRITICAL,GROWTH_INVESTMENT
Routine bi-weekly supplier invoice settlement for inventory batch #3435,Payout Agent,90925.38,MEDIUM,SUPPLIER_SETTLEMENT
Payment of hardware maintenance contract for warehouse 5263,Payout Agent,172666.22,CRITICAL,SUPPLIER_SETTLEMENT
Collection agency recovery contingency disbursement,Collections Agent,8875.21,HIGH,DEBT_COLLECTION
Emergency reserve replenishment following high outflow cycle,Treasury Agent,790183.97,MEDIUM,LIQUIDITY_REBALANCE
Urgent payment to critical supplier to release pending shipment,Payout Agent,202800.28,HIGH,SUPPLIER_SETTLEMENT
Double charge correction and dispute refund for transaction #9335,Refund Agent,123563.19,MEDIUM,CUSTOMER_REFUND
Yield optimization sweep of idle float to overnight liquid funds,Treasury Agent,1173586.68,MEDIUM,LIQUIDITY_REBALANCE
Collection agency recovery contingency disbursement,Collections Agent,77984.08,LOW,DEBT_COLLECTION
Performance marketing ad spend allocation on Google Ads,Growth Agent,356590.56,LOW,GROWTH_INVESTMENT
Follow-up collection workflow trigger with dynamic discount #2737,Collections Agent,84512.83,MEDIUM,DEBT_COLLECTION
Settlement of raw material invoice #8540 to primary vendor,Payout Agent,673024.42,CRITICAL,SUPPLIER_SETTLEMENT
Receivable discount fee for accelerated factoring liquidation,Collections Agent,36295.56,LOW,DEBT_COLLECTION
Emergency reserve replenishment following high outflow cycle,Treasury Agent,1426385.76,MEDIUM,LIQUIDITY_REBALANCE
Customer refund for damaged shipment order #5635,Refund Agent,49152.46,LOW,CUSTOMER_REFUND
Quarterly supplier retention bonus and milestone settlement,Payout Agent,349143.87,MEDIUM,SUPPLIER_SETTLEMENT
Chargeback resolution and customer refund reconciliation,Refund Agent,4056.29,MEDIUM,CUSTOMER_REFUND
Chargeback resolution and customer refund reconciliation,Refund Agent,43455.45,MEDIUM,CUSTOMER_REFUND
Vendor payout for contract software engineering services,Payout Agent,650825.32,HIGH,SUPPLIER_SETTLEMENT
Inter-account treasury transfer from primary current to payroll reserve,Treasury Agent,1031728.41,HIGH,LIQUIDITY_REBALANCE
Short-term liquid mutual fund redemption to bolster working cash,Treasury Agent,723619.38,CRITICAL,LIQUIDITY_REBALANCE
Receivable discount fee for accelerated factoring liquidation,Collections Agent,13571.12,CRITICAL,DEBT_COLLECTION
Paid acquisition ad spend top-up on Meta and LinkedIn,Growth Agent,333808.82,LOW,GROWTH_INVESTMENT
Urgent payment to critical supplier to release pending shipment,Payout Agent,557330.02,MEDIUM,SUPPLIER_SETTLEMENT
Collection agency recovery contingency disbursement,Collections Agent,49480.82,LOW,DEBT_COLLECTION
Receivable discount fee for accelerated factoring liquidation,Collections Agent,98497.69,HIGH,DEBT_COLLECTION
Chargeback resolution and customer refund reconciliation,Refund Agent,85711.82,LOW,CUSTOMER_REFUND
Settlement of raw material invoice #9366 to primary vendor,Payout Agent,368685.14,LOW,SUPPLIER_SETTLEMENT
Receivable discount fee for accelerated factoring liquidation,Collections Agent,29211.72,LOW,DEBT_COLLECTION
Yield optimization sweep of idle float to overnight liquid funds,Treasury Agent,1136722.64,CRITICAL,LIQUIDITY_REBALANCE
Double charge correction and dispute refund for transaction #7438,Refund Agent,7743.55,CRITICAL,CUSTOMER_REFUND
Brand awareness campaign media buying for Q4,Growth Agent,390809.42,CRITICAL,GROWTH_INVESTMENT
Hedging collateral deposit for forex currency fluctuations,Treasury Agent,1453407.48,MEDIUM,LIQUIDITY_REBALANCE
Double charge correction and dispute refund for transaction #2281,Refund Agent,112307.37,HIGH,CUSTOMER_REFUND
Quarterly supplier retention bonus and milestone settlement,Payout Agent,63436.41,CRITICAL,SUPPLIER_SETTLEMENT
Payment for Q3 vendor invoices regarding cloud infrastructure,Payout Agent,541850.73,CRITICAL,SUPPLIER_SETTLEMENT
Escrow account setup for disputed receivable recovery,Collections Agent,63757.44,HIGH,DEBT_COLLECTION
Receivable discount fee for accelerated factoring liquidation,Collections Agent,16883.5,LOW,DEBT_COLLECTION
Subscription cancellation charge reversal requested by user,Refund Agent,104708.83,MEDIUM,CUSTOMER_REFUND
Routine bi-weekly supplier invoice settlement for inventory batch #8882,Payout Agent,536467.42,MEDIUM,SUPPLIER_SETTLEMENT
Legal notice issuance fee for delinquent enterprise account #2410,Collections Agent,33587.2,CRITICAL,DEBT_COLLECTION
Merchant store credit conversion to original payment refund,Refund Agent,4250.71,MEDIUM,CUSTOMER_REFUND
Merchant store credit conversion to original payment refund,Refund Agent,71251.89,CRITICAL,CUSTOMER_REFUND
Short-term liquid mutual fund redemption to bolster working cash,Treasury Agent,512763.97,CRITICAL,LIQUIDITY_REBALANCE
Urgent payment to critical supplier to release pending shipment,Payout Agent,126997.64,CRITICAL,SUPPLIER_SETTLEMENT
Escrow account setup for disputed receivable recovery,Collections Agent,8516.64,CRITICAL,DEBT_COLLECTION
Escrow account setup for disputed receivable recovery,Collections Agent,72857.58,LOW,DEBT_COLLECTION
Follow-up collection workflow trigger with dynamic discount #2040,Collections Agent,30445.64,CRITICAL,DEBT_COLLECTION
Collection agency recovery contingency disbursement,Collections Agent,64156.19,HIGH,DEBT_COLLECTION
Settlement waiver allocation for 90-day overdue merchant balance,Collections Agent,20326.68,MEDIUM,DEBT_COLLECTION
Follow-up collection workflow trigger with dynamic discount #8178,Collections Agent,27049.8,MEDIUM,DEBT_COLLECTION
Treasury rebalancing to maintain regulatory statutory reserve buffer,Treasury Agent,283621.99,HIGH,LIQUIDITY_REBALANCE
Settlement waiver allocation for 90-day overdue merchant balance,Collections Agent,80617.4,MEDIUM,DEBT_COLLECTION
Short-term liquid mutual fund redemption to bolster working cash,Treasury Agent,1066976.57,LOW,LIQUIDITY_REBALANCE
Automated payment gateway collection retry incentive,Collections Agent,23951.0,CRITICAL,DEBT_COLLECTION
Quarterly supplier retention bonus and milestone settlement,Payout Agent,277738.92,MEDIUM,SUPPLIER_SETTLEMENT
Yield optimization sweep of idle float to overnight liquid funds,Treasury Agent,602301.45,HIGH,LIQUIDITY_REBALANCE
Paid acquisition ad spend top-up on Meta and LinkedIn,Growth Agent,422576.91,LOW,GROWTH_INVESTMENT
Urgent payment to critical supplier to release pending shipment,Payout Agent,135476.97,MEDIUM,SUPPLIER_SETTLEMENT
Routine bi-weekly supplier invoice settlement for inventory batch #8968,Payout Agent,243366.61,HIGH,SUPPLIER_SETTLEMENT
Performance marketing ad spend allocation on Google Ads,Growth Agent,453342.96,LOW,GROWTH_INVESTMENT
Payment of hardware maintenance contract for warehouse 8489,Payout Agent,771985.33,LOW,SUPPLIER_SETTLEMENT
Settlement of raw material invoice #1687 to primary vendor,Payout Agent,430479.3,MEDIUM,SUPPLIER_SETTLEMENT
Routine bi-weekly supplier invoice settlement for inventory batch #6925,Payout Agent,167774.41,HIGH,SUPPLIER_SETTLEMENT
Escrow account setup for disputed receivable recovery,Collections Agent,19658.09,HIGH,DEBT_COLLECTION
Paid acquisition ad spend top-up on Meta and LinkedIn,Growth Agent,431867.79,CRITICAL,GROWTH_INVESTMENT
Early settlement discount incentive to collect overdue receivable,Collections Agent,84307.27,CRITICAL,DEBT_COLLECTION
Sponsorship fee for national fintech developer conference,Growth Agent,127067.81,HIGH,GROWTH_INVESTMENT
Affiliate partner commission prepayment for festival sprint,Growth Agent,333248.18,MEDIUM,GROWTH_INVESTMENT
Chargeback resolution and customer refund reconciliation,Refund Agent,21561.16,CRITICAL,CUSTOMER_REFUND
Settlement waiver allocation for 90-day overdue merchant balance,Collections Agent,95424.85,HIGH,DEBT_COLLECTION
Payment of hardware maintenance contract for warehouse 3385,Payout Agent,627613.9,LOW,SUPPLIER_SETTLEMENT
Urgent payment to critical supplier to release pending shipment,Payout Agent,351238.15,MEDIUM,SUPPLIER_SETTLEMENT
Early settlement discount incentive to collect overdue receivable,Collections Agent,77123.28,MEDIUM,DEBT_COLLECTION
Yield optimization sweep of idle float to overnight liquid funds,Treasury Agent,1461725.61,CRITICAL,LIQUIDITY_REBALANCE
Receivable discount fee for accelerated factoring liquidation,Collections Agent,91376.93,LOW,DEBT_COLLECTION
Paid acquisition ad spend top-up on Meta and LinkedIn,Growth Agent,250785.07,MEDIUM,GROWTH_INVESTMENT
Emergency reserve replenishment following high outflow cycle,Treasury Agent,1342744.86,CRITICAL,LIQUIDITY_REBALANCE
Full refund for returned defective electronic unit #2380,Refund Agent,6508.56,HIGH,CUSTOMER_REFUND
Automated payment gateway collection retry incentive,Collections Agent,99232.78,HIGH,DEBT_COLLECTION
Subscription cancellation charge reversal requested by user,Refund Agent,83216.09,HIGH,CUSTOMER_REFUND
Customer refund for damaged shipment order #1456,Refund Agent,133657.58,HIGH,CUSTOMER_REFUND
Full refund for returned defective electronic unit #7926,Refund Agent,148056.25,LOW,CUSTOMER_REFUND
Urgent payment to critical supplier to release pending shipment,Payout Agent,520242.15,HIGH,SUPPLIER_SETTLEMENT
Payment for Q3 vendor invoices regarding cloud infrastructure,Payout Agent,386552.66,LOW,SUPPLIER_SETTLEMENT
Follow-up collection workflow trigger with dynamic discount #4868,Collections Agent,81511.82,MEDIUM,DEBT_COLLECTION
Sponsorship fee for national fintech developer conference,Growth Agent,350115.07,MEDIUM,GROWTH_INVESTMENT
Legal notice issuance fee for delinquent enterprise account #2724,Collections Agent,36145.46,MEDIUM,DEBT_COLLECTION
Customer referral bonus pool allocation,Growth Agent,115948.96,CRITICAL,GROWTH_INVESTMENT
Collection agency recovery contingency disbursement,Collections Agent,10908.4,MEDIUM,DEBT_COLLECTION
Legal notice issuance fee for delinquent enterprise account #8309,Collections Agent,12416.91,CRITICAL,DEBT_COLLECTION
Liquidity pool re-allocation across multi-banking nodal accounts,Treasury Agent,918025.29,CRITICAL,LIQUIDITY_REBALANCE
Escrow account setup for disputed receivable recovery,Collections Agent,83262.12,MEDIUM,DEBT_COLLECTION
Inter-account treasury transfer from primary current to payroll reserve,Treasury Agent,1095610.79,MEDIUM,LIQUIDITY_REBALANCE
Replenishment of working capital escrow reserve buffer,Treasury Agent,737605.32,LOW,LIQUIDITY_REBALANCE
Partial refund due to discount coupon error at checkout,Refund Agent,90638.43,CRITICAL,CUSTOMER_REFUND
Settlement of raw material invoice #7055 to primary vendor,Payout Agent,478823.57,LOW,SUPPLIER_SETTLEMENT
Inter-account treasury transfer from primary current to payroll reserve,Treasury Agent,620054.3,HIGH,LIQUIDITY_REBALANCE
Sponsorship fee for national fintech developer conference,Growth Agent,62590.0,MEDIUM,GROWTH_INVESTMENT
Chargeback resolution and customer refund reconciliation,Refund Agent,140586.28,HIGH,CUSTOMER_REFUND
Search engine marketing budget expansion for high-intent keywords,Growth Agent,418606.28,CRITICAL,GROWTH_INVESTMENT
Settlement of raw material invoice #9970 to primary vendor,Payout Agent,311486.71,LOW,SUPPLIER_SETTLEMENT
Escrow account setup for disputed receivable recovery,Collections Agent,58747.58,HIGH,DEBT_COLLECTION
Escrow account setup for disputed receivable recovery,Collections Agent,77385.37,CRITICAL,DEBT_COLLECTION
Escrow account setup for disputed receivable recovery,Collections Agent,87302.83,HIGH,DEBT_COLLECTION
Quarterly supplier retention bonus and milestone settlement,Payout Agent,224616.71,CRITICAL,SUPPLIER_SETTLEMENT
Performance marketing ad spend allocation on Google Ads,Growth Agent,381160.76,LOW,GROWTH_INVESTMENT
Customer refund for damaged shipment order #6060,Refund Agent,84595.61,LOW,CUSTOMER_REFUND
Replenishment of working capital escrow reserve buffer,Treasury Agent,1437235.66,LOW,LIQUIDITY_REBALANCE
Short-term liquid mutual fund redemption to bolster working cash,Treasury Agent,803694.32,LOW,LIQUIDITY_REBALANCE
Disbursement for logistics partner freight clearing,Payout Agent,256221.9,MEDIUM,SUPPLIER_SETTLEMENT
Merchant store credit conversion to original payment refund,Refund Agent,121231.23,HIGH,CUSTOMER_REFUND
Early settlement discount incentive to collect overdue receivable,Collections Agent,86887.56,LOW,DEBT_COLLECTION
Affiliate partner commission prepayment for festival sprint,Growth Agent,236721.39,HIGH,GROWTH_INVESTMENT
Receivable discount fee for accelerated factoring liquidation,Collections Agent,15891.24,LOW,DEBT_COLLECTION
Inter-account treasury transfer from primary current to payroll reserve,Treasury Agent,301647.95,HIGH,LIQUIDITY_REBALANCE
Disbursement for logistics partner freight clearing,Payout Agent,764123.55,MEDIUM,SUPPLIER_SETTLEMENT
Urgent payment to critical supplier to release pending shipment,Payout Agent,70378.39,LOW,SUPPLIER_SETTLEMENT
Affiliate partner commission prepayment for festival sprint,Growth Agent,194018.66,CRITICAL,GROWTH_INVESTMENT
Sponsorship fee for national fintech developer conference,Growth Agent,473709.88,LOW,GROWTH_INVESTMENT
Routine bi-weekly supplier invoice settlement for inventory batch #4925,Payout Agent,614100.3,MEDIUM,SUPPLIER_SETTLEMENT
Settlement waiver allocation for 90-day overdue merchant balance,Collections Agent,30582.32,HIGH,DEBT_COLLECTION
Settlement waiver allocation for 90-day overdue merchant balance,Collections Agent,50996.29,CRITICAL,DEBT_COLLECTION
Customer refund for damaged shipment order #5409,Refund Agent,83557.21,LOW,CUSTOMER_REFUND
Double charge correction and dispute refund for transaction #5990,Refund Agent,85668.6,CRITICAL,CUSTOMER_REFUND
Routine bi-weekly supplier invoice settlement for inventory batch #3332,Payout Agent,329978.92,MEDIUM,SUPPLIER_SETTLEMENT
Chargeback resolution and customer refund reconciliation,Refund Agent,7227.02,CRITICAL,CUSTOMER_REFUND
Hedging collateral deposit for forex currency fluctuations,Treasury Agent,100760.1,CRITICAL,LIQUIDITY_REBALANCE
Sponsorship fee for national fintech developer conference,Growth Agent,499658.84,MEDIUM,GROWTH_INVESTMENT
Hedging collateral deposit for forex currency fluctuations,Treasury Agent,325982.83,LOW,LIQUIDITY_REBALANCE
Influencer campaign budget deposit for festive season launch,Growth Agent,364293.19,MEDIUM,GROWTH_INVESTMENT
Hedging collateral deposit for forex currency fluctuations,Treasury Agent,395190.25,HIGH,LIQUIDITY_REBALANCE
Sponsorship fee for national fintech developer conference,Growth Agent,172855.91,HIGH,GROWTH_INVESTMENT
Search engine marketing budget expansion for high-intent keywords,Growth Agent,481546.71,HIGH,GROWTH_INVESTMENT
Disbursement for logistics partner freight clearing,Payout Agent,506590.06,LOW,SUPPLIER_SETTLEMENT
Disbursement for logistics partner freight clearing,Payout Agent,466842.99,CRITICAL,SUPPLIER_SETTLEMENT
Collection agency recovery contingency disbursement,Collections Agent,56171.69,CRITICAL,DEBT_COLLECTION
Urgent payment to critical supplier to release pending shipment,Payout Agent,670600.13,HIGH,SUPPLIER_SETTLEMENT
Automated payment gateway collection retry incentive,Collections Agent,16852.57,HIGH,DEBT_COLLECTION
Merchant store credit conversion to original payment refund,Refund Agent,34006.59,LOW,CUSTOMER_REFUND
Brand awareness campaign media buying for Q4,Growth Agent,90484.93,HIGH,GROWTH_INVESTMENT
Goodwill refund for delayed order delivery breach SLA,Refund Agent,145127.18,LOW,CUSTOMER_REFUND
Customer referral bonus pool allocation,Growth Agent,53210.93,CRITICAL,GROWTH_INVESTMENT
Vendor payout for contract software engineering services,Payout Agent,420508.49,MEDIUM,SUPPLIER_SETTLEMENT
Inter-account treasury transfer from primary current to payroll reserve,Treasury Agent,923430.42,LOW,LIQUIDITY_REBALANCE
Full refund for returned defective electronic unit #4734,Refund Agent,132269.46,HIGH,CUSTOMER_REFUND
Customer refund for damaged shipment order #9731,Refund Agent,92554.03,CRITICAL,CUSTOMER_REFUND
Quarterly supplier retention bonus and milestone settlement,Payout Agent,690394.86,HIGH,SUPPLIER_SETTLEMENT
Settlement waiver allocation for 90-day overdue merchant balance,Collections Agent,16563.18,CRITICAL,DEBT_COLLECTION
Follow-up collection workflow trigger with dynamic discount #9474,Collections Agent,77107.06,MEDIUM,DEBT_COLLECTION
Vendor payout for contract software engineering services,Payout Agent,449307.71,HIGH,SUPPLIER_SETTLEMENT
Quarterly supplier retention bonus and milestone settlement,Payout Agent,301029.36,LOW,SUPPLIER_SETTLEMENT
Chargeback resolution and customer refund reconciliation,Refund Agent,137632.29,MEDIUM,CUSTOMER_REFUND
Partial refund due to discount coupon error at checkout,Refund Agent,10363.77,LOW,CUSTOMER_REFUND
Payment of hardware maintenance contract for warehouse 8077,Payout Agent,656044.31,HIGH,SUPPLIER_SETTLEMENT
Search engine marketing budget expansion for high-intent keywords,Growth Agent,263109.44,HIGH,GROWTH_INVESTMENT
Urgent payment to critical supplier to release pending shipment,Payout Agent,645583.34,LOW,SUPPLIER_SETTLEMENT
Emergency reserve replenishment following high outflow cycle,Treasury Agent,975488.26,LOW,LIQUIDITY_REBALANCE
Payment for Q3 vendor invoices regarding cloud infrastructure,Payout Agent,333046.35,LOW,SUPPLIER_SETTLEMENT
Customer refund for damaged shipment order #8240,Refund Agent,9163.54,CRITICAL,CUSTOMER_REFUND
Settlement of raw material invoice #1914 to primary vendor,Payout Agent,469443.54,HIGH,SUPPLIER_SETTLEMENT
Settlement waiver allocation for 90-day overdue merchant balance,Collections Agent,63643.69,CRITICAL,DEBT_COLLECTION
Customer refund for damaged shipment order #8428,Refund Agent,58204.08,CRITICAL,CUSTOMER_REFUND
Replenishment of working capital escrow reserve buffer,Treasury Agent,1011290.0,LOW,LIQUIDITY_REBALANCE
Follow-up collection workflow trigger with dynamic discount #4153,Collections Agent,15260.63,LOW,DEBT_COLLECTION
Replenishment of working capital escrow reserve buffer,Treasury Agent,1366117.99,MEDIUM,LIQUIDITY_REBALANCE
Hedging collateral deposit for forex currency fluctuations,Treasury Agent,689409.8,CRITICAL,LIQUIDITY_REBALANCE
Goodwill refund for delayed order delivery breach SLA,Refund Agent,119756.81,LOW,CUSTOMER_REFUND
Full refund for returned defective electronic unit #8140,Refund Agent,77455.74,HIGH,CUSTOMER_REFUND
Paid acquisition ad spend top-up on Meta and LinkedIn,Growth Agent,261285.69,HIGH,GROWTH_INVESTMENT
Brand awareness campaign media buying for Q4,Growth Agent,282956.27,MEDIUM,GROWTH_INVESTMENT
Routine bi-weekly supplier invoice settlement for inventory batch #9308,Payout Agent,664387.84,LOW,SUPPLIER_SETTLEMENT
Follow-up collection workflow trigger with dynamic discount #4201,Collections Agent,97768.52,MEDIUM,DEBT_COLLECTION
Urgent payment to critical supplier to release pending shipment,Payout Agent,550895.1,CRITICAL,SUPPLIER_SETTLEMENT
Treasury rebalancing to maintain regulatory statutory reserve buffer,Treasury Agent,962544.39,CRITICAL,LIQUIDITY_REBALANCE
Paid acquisition ad spend top-up on Meta and LinkedIn,Growth Agent,254435.94,LOW,GROWTH_INVESTMENT
Legal notice issuance fee for delinquent enterprise account #1060,Collections Agent,65682.87,MEDIUM,DEBT_COLLECTION
Legal notice issuance fee for delinquent enterprise account #4916,Collections Agent,50670.89,HIGH,DEBT_COLLECTION
Legal notice issuance fee for delinquent enterprise account #7558,Collections Agent,22503.23,LOW,DEBT_COLLECTION
Performance marketing ad spend allocation on Google Ads,Growth Agent,211049.0,LOW,GROWTH_INVESTMENT
Full refund for returned defective electronic unit #8215,Refund Agent,29966.11,HIGH,CUSTOMER_REFUND
Payment for Q3 vendor invoices regarding cloud infrastructure,Payout Agent,198368.75,MEDIUM,SUPPLIER_SETTLEMENT
Full refund for returned defective electronic unit #3855,Refund Agent,51632.81,MEDIUM,CUSTOMER_REFUND
Goodwill refund for delayed order delivery breach SLA,Refund Agent,27235.54,HIGH,CUSTOMER_REFUND
Payment for Q3 vendor invoices regarding cloud infrastructure,Payout Agent,334192.07,LOW,SUPPLIER_SETTLEMENT
Search engine marketing budget expansion for high-intent keywords,Growth Agent,255291.66,HIGH,GROWTH_INVESTMENT
Paid acquisition ad spend top-up on Meta and LinkedIn,Growth Agent,489695.83,CRITICAL,GROWTH_INVESTMENT
Settlement of raw material invoice #3366 to primary vendor,Payout Agent,712042.34,MEDIUM,SUPPLIER_SETTLEMENT
Goodwill refund for delayed order delivery breach SLA,Refund Agent,57351.13,HIGH,CUSTOMER_REFUND
Affiliate partner commission prepayment for festival sprint,Growth Agent,464456.12,MEDIUM,GROWTH_INVESTMENT
Hedging collateral deposit for forex currency fluctuations,Treasury Agent,558752.85,LOW,LIQUIDITY_REBALANCE
Paid acquisition ad spend top-up on Meta and LinkedIn,Growth Agent,485772.94,CRITICAL,GROWTH_INVESTMENT
Subscription cancellation charge reversal requested by user,Refund Agent,118858.59,LOW,CUSTOMER_REFUND
Chargeback resolution and customer refund reconciliation,Refund Agent,56765.65,CRITICAL,CUSTOMER_REFUND
Partial refund due to discount coupon error at checkout,Refund Agent,79295.87,CRITICAL,CUSTOMER_REFUND
Escrow account setup for disputed receivable recovery,Collections Agent,60212.74,LOW,DEBT_COLLECTION
Goodwill refund for delayed order delivery breach SLA,Refund Agent,68359.93,MEDIUM,CUSTOMER_REFUND
Legal notice issuance fee for delinquent enterprise account #6013,Collections Agent,45377.17,CRITICAL,DEBT_COLLECTION
Inter-account treasury transfer from primary current to payroll reserve,Treasury Agent,456340.94,LOW,LIQUIDITY_REBALANCE
Subscription cancellation charge reversal requested by user,Refund Agent,67231.29,HIGH,CUSTOMER_REFUND
Customer refund for damaged shipment order #8622,Refund Agent,77327.05,HIGH,CUSTOMER_REFUND
Escrow account setup for disputed receivable recovery,Collections Agent,46088.04,HIGH,DEBT_COLLECTION
Follow-up collection workflow trigger with dynamic discount #5473,Collections Agent,41325.24,MEDIUM,DEBT_COLLECTION
Legal notice issuance fee for delinquent enterprise account #5351,Collections Agent,66308.71,HIGH,DEBT_COLLECTION
Vendor payout for contract software engineering services,Payout Agent,434593.24,LOW,SUPPLIER_SETTLEMENT
Search engine marketing budget expansion for high-intent keywords,Growth Agent,103364.55,HIGH,GROWTH_INVESTMENT
Routine bi-weekly supplier invoice settlement for inventory batch #6468,Payout Agent,197484.74,HIGH,SUPPLIER_SETTLEMENT
Sponsorship fee for national fintech developer conference,Growth Agent,135789.1,MEDIUM,GROWTH_INVESTMENT
Hedging collateral deposit for forex currency fluctuations,Treasury Agent,1178106.53,HIGH,LIQUIDITY_REBALANCE
Affiliate partner commission prepayment for festival sprint,Growth Agent,419837.59,LOW,GROWTH_INVESTMENT
Automated payment gateway collection retry incentive,Collections Agent,26619.96,MEDIUM,DEBT_COLLECTION
Legal notice issuance fee for delinquent enterprise account #9451,Collections Agent,60765.35,CRITICAL,DEBT_COLLECTION
Follow-up collection workflow trigger with dynamic discount #2406,Collections Agent,34742.11,MEDIUM,DEBT_COLLECTION
Settlement waiver allocation for 90-day overdue merchant balance,Collections Agent,46674.68,LOW,DEBT_COLLECTION
Paid acquisition ad spend top-up on Meta and LinkedIn,Growth Agent,187507.37,LOW,GROWTH_INVESTMENT
Follow-up collection workflow trigger with dynamic discount #6567,Collections Agent,26421.61,CRITICAL,DEBT_COLLECTION
Receivable discount fee for accelerated factoring liquidation,Collections Agent,60760.73,LOW,DEBT_COLLECTION
Double charge correction and dispute refund for transaction #6410,Refund Agent,85660.44,CRITICAL,CUSTOMER_REFUND
Legal notice issuance fee for delinquent enterprise account #7400,Collections Agent,11052.38,CRITICAL,DEBT_COLLECTION
Merchant store credit conversion to original payment refund,Refund Agent,49997.36,CRITICAL,CUSTOMER_REFUND
Influencer campaign budget deposit for festive season launch,Growth Agent,96940.93,MEDIUM,GROWTH_INVESTMENT
Payment of hardware maintenance contract for warehouse 1439,Payout Agent,190019.08,LOW,SUPPLIER_SETTLEMENT
Receivable discount fee for accelerated factoring liquidation,Collections Agent,27138.75,LOW,DEBT_COLLECTION
Early settlement discount incentive to collect overdue receivable,Collections Agent,54260.51,MEDIUM,DEBT_COLLECTION
Affiliate partner commission prepayment for festival sprint,Growth Agent,120665.95,LOW,GROWTH_INVESTMENT
Chargeback resolution and customer refund reconciliation,Refund Agent,111728.27,CRITICAL,CUSTOMER_REFUND
Double charge correction and dispute refund for transaction #4369,Refund Agent,47153.82,CRITICAL,CUSTOMER_REFUND
Full refund for returned defective electronic unit #4325,Refund Agent,75868.78,CRITICAL,CUSTOMER_REFUND
Search engine marketing budget expansion for high-intent keywords,Growth Agent,495988.3,CRITICAL,GROWTH_INVESTMENT
Quarterly supplier retention bonus and milestone settlement,Payout Agent,444392.38,CRITICAL,SUPPLIER_SETTLEMENT
Escrow account setup for disputed receivable recovery,Collections Agent,75042.62,HIGH,DEBT_COLLECTION
Follow-up collection workflow trigger with dynamic discount #5873,Collections Agent,42153.58,MEDIUM,DEBT_COLLECTION
Legal notice issuance fee for delinquent enterprise account #3942,Collections Agent,90496.64,CRITICAL,DEBT_COLLECTION
Settlement waiver allocation for 90-day overdue merchant balance,Collections Agent,71359.59,LOW,DEBT_COLLECTION
Early settlement discount incentive to collect overdue receivable,Collections Agent,89126.47,MEDIUM,DEBT_COLLECTION
Sponsorship fee for national fintech developer conference,Growth Agent,364119.8,MEDIUM,GROWTH_INVESTMENT
Settlement waiver allocation for 90-day overdue merchant balance,Collections Agent,99555.06,LOW,DEBT_COLLECTION
Urgent payment to critical supplier to release pending shipment,Payout Agent,388201.99,HIGH,SUPPLIER_SETTLEMENT
Customer refund for damaged shipment order #8572,Refund Agent,4980.96,CRITICAL,CUSTOMER_REFUND
Follow-up collection workflow trigger with dynamic discount #7542,Collections Agent,86298.45,CRITICAL,DEBT_COLLECTION
Payment for Q3 vendor invoices regarding cloud infrastructure,Payout Agent,136012.04,MEDIUM,SUPPLIER_SETTLEMENT
Customer referral bonus pool allocation,Growth Agent,257610.65,LOW,GROWTH_INVESTMENT
Short-term liquid mutual fund redemption to bolster working cash,Treasury Agent,296358.06,HIGH,LIQUIDITY_REBALANCE
Double charge correction and dispute refund for transaction #1295,Refund Agent,91441.3,MEDIUM,CUSTOMER_REFUND
Influencer campaign budget deposit for festive season launch,Growth Agent,383650.92,MEDIUM,GROWTH_INVESTMENT
Payment for Q3 vendor invoices regarding cloud infrastructure,Payout Agent,165122.36,HIGH,SUPPLIER_SETTLEMENT
Goodwill refund for delayed order delivery breach SLA,Refund Agent,134010.47,MEDIUM,CUSTOMER_REFUND
Early settlement discount incentive to collect overdue receivable,Collections Agent,65896.16,LOW,DEBT_COLLECTION
Receivable discount fee for accelerated factoring liquidation,Collections Agent,9979.45,LOW,DEBT_COLLECTION
Quarterly supplier retention bonus and milestone settlement,Payout Agent,746615.41,HIGH,SUPPLIER_SETTLEMENT
Goodwill refund for delayed order delivery breach SLA,Refund Agent,3389.73,LOW,CUSTOMER_REFUND
Urgent payment to critical supplier to release pending shipment,Payout Agent,559969.64,LOW,SUPPLIER_SETTLEMENT
Subscription cancellation charge reversal requested by user,Refund Agent,108877.71,LOW,CUSTOMER_REFUND
Collection agency recovery contingency disbursement,Collections Agent,35654.56,MEDIUM,DEBT_COLLECTION
Short-term liquid mutual fund redemption to bolster working cash,Treasury Agent,653089.49,CRITICAL,LIQUIDITY_REBALANCE
Routine bi-weekly supplier invoice settlement for inventory batch #4502,Payout Agent,129413.99,HIGH,SUPPLIER_SETTLEMENT
Customer refund for damaged shipment order #7588,Refund Agent,98444.92,LOW,CUSTOMER_REFUND
Legal notice issuance fee for delinquent enterprise account #8516,Collections Agent,25909.14,HIGH,DEBT_COLLECTION
Treasury rebalancing to maintain regulatory statutory reserve buffer,Treasury Agent,194263.78,MEDIUM,LIQUIDITY_REBALANCE
Receivable discount fee for accelerated factoring liquidation,Collections Agent,98394.74,LOW,DEBT_COLLECTION
Inter-account treasury transfer from primary current to payroll reserve,Treasury Agent,1442648.59,HIGH,LIQUIDITY_REBALANCE
Automated payment gateway collection retry incentive,Collections Agent,21656.45,HIGH,DEBT_COLLECTION
Collection agency recovery contingency disbursement,Collections Agent,6676.64,CRITICAL,DEBT_COLLECTION
Legal notice issuance fee for delinquent enterprise account #9248,Collections Agent,60809.51,LOW,DEBT_COLLECTION
Customer refund for damaged shipment order #3032,Refund Agent,47018.45,CRITICAL,CUSTOMER_REFUND
Subscription cancellation charge reversal requested by user,Refund Agent,21495.77,CRITICAL,CUSTOMER_REFUND
Search engine marketing budget expansion for high-intent keywords,Growth Agent,219086.57,LOW,GROWTH_INVESTMENT
Merchant store credit conversion to original payment refund,Refund Agent,21005.78,HIGH,CUSTOMER_REFUND
Quarterly supplier retention bonus and milestone settlement,Payout Agent,612913.18,MEDIUM,SUPPLIER_SETTLEMENT
Brand awareness campaign media buying for Q4,Growth Agent,142617.85,LOW,GROWTH_INVESTMENT
Goodwill refund for delayed order delivery breach SLA,Refund Agent,78699.32,MEDIUM,CUSTOMER_REFUND
Early settlement discount incentive to collect overdue receivable,Collections Agent,87637.34,LOW,DEBT_COLLECTION
Customer refund for damaged shipment order #3318,Refund Agent,140802.9,MEDIUM,CUSTOMER_REFUND
Disbursement for logistics partner freight clearing,Payout Agent,673415.66,MEDIUM,SUPPLIER_SETTLEMENT
Subscription cancellation charge reversal requested by user,Refund Agent,109023.38,HIGH,CUSTOMER_REFUND
Goodwill refund for delayed order delivery breach SLA,Refund Agent,64178.5,MEDIUM,CUSTOMER_REFUND
Sponsorship fee for national fintech developer conference,Growth Agent,485476.61,MEDIUM,GROWTH_INVESTMENT
Customer referral bonus pool allocation,Growth Agent,477955.94,HIGH,GROWTH_INVESTMENT
Settlement waiver allocation for 90-day overdue merchant balance,Collections Agent,49717.78,CRITICAL,DEBT_COLLECTION
Liquidity pool re-allocation across multi-banking nodal accounts,Treasury Agent,1247445.33,CRITICAL,LIQUIDITY_REBALANCE
Quarterly supplier retention bonus and milestone settlement,Payout Agent,690531.66,HIGH,SUPPLIER_SETTLEMENT
Inter-account treasury transfer from primary current to payroll reserve,Treasury Agent,460208.41,CRITICAL,LIQUIDITY_REBALANCE
Customer referral bonus pool allocation,Growth Agent,218816.1,CRITICAL,GROWTH_INVESTMENT
Urgent payment to critical supplier to release pending shipment,Payout Agent,586147.53,MEDIUM,SUPPLIER_SETTLEMENT
Goodwill refund for delayed order delivery breach SLA,Refund Agent,2912.31,HIGH,CUSTOMER_REFUND
Settlement waiver allocation for 90-day overdue merchant balance,Collections Agent,94327.07,HIGH,DEBT_COLLECTION
Escrow account setup for disputed receivable recovery,Collections Agent,65899.63,LOW,DEBT_COLLECTION
Early settlement discount incentive to collect overdue receivable,Collections Agent,41558.47,MEDIUM,DEBT_COLLECTION
Chargeback resolution and customer refund reconciliation,Refund Agent,115919.29,HIGH,CUSTOMER_REFUND
Emergency reserve replenishment following high outflow cycle,Treasury Agent,1075037.58,CRITICAL,LIQUIDITY_REBALANCE
Legal notice issuance fee for delinquent enterprise account #4970,Collections Agent,50383.93,HIGH,DEBT_COLLECTION
Disbursement for logistics partner freight clearing,Payout Agent,504076.73,MEDIUM,SUPPLIER_SETTLEMENT
Search engine marketing budget expansion for high-intent keywords,Growth Agent,55551.82,LOW,GROWTH_INVESTMENT
Settlement waiver allocation for 90-day overdue merchant balance,Collections Agent,54261.02,MEDIUM,DEBT_COLLECTION
Automated payment gateway collection retry incentive,Collections Agent,29022.77,HIGH,DEBT_COLLECTION
Liquidity pool re-allocation across multi-banking nodal accounts,Treasury Agent,1127506.81,LOW,LIQUIDITY_REBALANCE
Urgent payment to critical supplier to release pending shipment,Payout Agent,251766.0,MEDIUM,SUPPLIER_SETTLEMENT
Receivable discount fee for accelerated factoring liquidation,Collections Agent,98767.42,CRITICAL,DEBT_COLLECTION
Settlement of raw material invoice #2144 to primary vendor,Payout Agent,630307.73,CRITICAL,SUPPLIER_SETTLEMENT
Liquidity pool re-allocation across multi-banking nodal accounts,Treasury Agent,1126259.13,MEDIUM,LIQUIDITY_REBALANCE
Partial refund due to discount coupon error at checkout,Refund Agent,105903.03,MEDIUM,CUSTOMER_REFUND
Automated payment gateway collection retry incentive,Collections Agent,95105.91,CRITICAL,DEBT_COLLECTION
Short-term liquid mutual fund redemption to bolster working cash,Treasury Agent,381317.19,MEDIUM,LIQUIDITY_REBALANCE
Full refund for returned defective electronic unit #7697,Refund Agent,66668.84,LOW,CUSTOMER_REFUND
Subscription cancellation charge reversal requested by user,Refund Agent,13770.35,LOW,CUSTOMER_REFUND
Influencer campaign budget deposit for festive season launch,Growth Agent,63349.99,MEDIUM,GROWTH_INVESTMENT
Escrow account setup for disputed receivable recovery,Collections Agent,5903.12,HIGH,DEBT_COLLECTION
Payment for Q3 vendor invoices regarding cloud infrastructure,Payout Agent,208301.27,LOW,SUPPLIER_SETTLEMENT
Receivable discount fee for accelerated factoring liquidation,Collections Agent,49957.02,HIGH,DEBT_COLLECTION
Liquidity pool re-allocation across multi-banking nodal accounts,Treasury Agent,619099.17,HIGH,LIQUIDITY_REBALANCE
Search engine marketing budget expansion for high-intent keywords,Growth Agent,349285.23,CRITICAL,GROWTH_INVESTMENT
Yield optimization sweep of idle float to overnight liquid funds,Treasury Agent,1322308.41,LOW,LIQUIDITY_REBALANCE
Payment of hardware maintenance contract for warehouse 7583,Payout Agent,593915.14,MEDIUM,SUPPLIER_SETTLEMENT
Settlement of raw material invoice #9693 to primary vendor,Payout Agent,259600.65,MEDIUM,SUPPLIER_SETTLEMENT
Customer referral bonus pool allocation,Growth Agent,281711.3,MEDIUM,GROWTH_INVESTMENT
Urgent payment to critical supplier to release pending shipment,Payout Agent,525332.98,LOW,SUPPLIER_SETTLEMENT
Customer referral bonus pool allocation,Growth Agent,323043.36,CRITICAL,GROWTH_INVESTMENT
Replenishment of working capital escrow reserve buffer,Treasury Agent,699082.79,CRITICAL,LIQUIDITY_REBALANCE
Quarterly supplier retention bonus and milestone settlement,Payout Agent,505380.36,MEDIUM,SUPPLIER_SETTLEMENT
Yield optimization sweep of idle float to overnight liquid funds,Treasury Agent,797095.08,LOW,LIQUIDITY_REBALANCE
Customer referral bonus pool allocation,Growth Agent,453383.86,LOW,GROWTH_INVESTMENT
Legal notice issuance fee for delinquent enterprise account #4987,Collections Agent,25105.88,LOW,DEBT_COLLECTION
Quarterly supplier retention bonus and milestone settlement,Payout Agent,170176.46,HIGH,SUPPLIER_SETTLEMENT
Receivable discount fee for accelerated factoring liquidation,Collections Agent,73321.62,CRITICAL,DEBT_COLLECTION
Disbursement for logistics partner freight clearing,Payout Agent,525161.14,CRITICAL,SUPPLIER_SETTLEMENT
Urgent payment to critical supplier to release pending shipment,Payout Agent,748834.97,LOW,SUPPLIER_SETTLEMENT
Affiliate partner commission prepayment for festival sprint,Growth Agent,344263.84,CRITICAL,GROWTH_INVESTMENT
Goodwill refund for delayed order delivery breach SLA,Refund Agent,18237.8,LOW,CUSTOMER_REFUND
Settlement of raw material invoice #6574 to primary vendor,Payout Agent,605435.91,MEDIUM,SUPPLIER_SETTLEMENT
Urgent payment to critical supplier to release pending shipment,Payout Agent,689997.73,CRITICAL,SUPPLIER_SETTLEMENT
Yield optimization sweep of idle float to overnight liquid funds,Treasury Agent,186638.91,MEDIUM,LIQUIDITY_REBALANCE
Settlement waiver allocation for 90-day overdue merchant balance,Collections Agent,78271.69,MEDIUM,DEBT_COLLECTION
Short-term liquid mutual fund redemption to bolster working cash,Treasury Agent,653437.34,CRITICAL,LIQUIDITY_REBALANCE
Paid acquisition ad spend top-up on Meta and LinkedIn,Growth Agent,426747.49,CRITICAL,GROWTH_INVESTMENT
Automated payment gateway collection retry incentive,Collections Agent,18857.72,LOW,DEBT_COLLECTION
Treasury rebalancing to maintain regulatory statutory reserve buffer,Treasury Agent,803329.19,LOW,LIQUIDITY_REBALANCE
Customer referral bonus pool allocation,Growth Agent,272761.49,CRITICAL,GROWTH_INVESTMENT
Urgent payment to critical supplier to release pending shipment,Payout Agent,670913.52,MEDIUM,SUPPLIER_SETTLEMENT
Customer refund for damaged shipment order #3933,Refund Agent,128660.04,CRITICAL,CUSTOMER_REFUND
Paid acquisition ad spend top-up on Meta and LinkedIn,Growth Agent,296574.31,HIGH,GROWTH_INVESTMENT
Escrow account setup for disputed receivable recovery,Collections Agent,76982.85,CRITICAL,DEBT_COLLECTION
Vendor payout for contract software engineering services,Payout Agent,572282.24,MEDIUM,SUPPLIER_SETTLEMENT
Liquidity pool re-allocation across multi-banking nodal accounts,Treasury Agent,283260.96,LOW,LIQUIDITY_REBALANCE
Customer referral bonus pool allocation,Growth Agent,309720.83,CRITICAL,GROWTH_INVESTMENT
Receivable discount fee for accelerated factoring liquidation,Collections Agent,24927.8,MEDIUM,DEBT_COLLECTION
Urgent payment to critical supplier to release pending shipment,Payout Agent,558738.35,MEDIUM,SUPPLIER_SETTLEMENT
Settlement waiver allocation for 90-day overdue merchant balance,Collections Agent,92968.61,LOW,DEBT_COLLECTION
Customer referral bonus pool allocation,Growth Agent,475278.44,LOW,GROWTH_INVESTMENT
Treasury rebalancing to maintain regulatory statutory reserve buffer,Treasury Agent,1457617.76,CRITICAL,LIQUIDITY_REBALANCE
Customer refund for damaged shipment order #2946,Refund Agent,36887.46,CRITICAL,CUSTOMER_REFUND
Paid acquisition ad spend top-up on Meta and LinkedIn,Growth Agent,399132.41,LOW,GROWTH_INVESTMENT
Settlement waiver allocation for 90-day overdue merchant balance,Collections Agent,65071.68,CRITICAL,DEBT_COLLECTION
Performance marketing ad spend allocation on Google Ads,Growth Agent,102482.44,LOW,GROWTH_INVESTMENT
Legal notice issuance fee for delinquent enterprise account #1377,Collections Agent,60750.8,CRITICAL,DEBT_COLLECTION
Influencer campaign budget deposit for festive season launch,Growth Agent,222781.95,CRITICAL,GROWTH_INVESTMENT
Paid acquisition ad spend top-up on Meta and LinkedIn,Growth Agent,196353.04,MEDIUM,GROWTH_INVESTMENT
Early settlement discount incentive to collect overdue receivable,Collections Agent,57825.72,CRITICAL,DEBT_COLLECTION
Settlement of raw material invoice #4399 to primary vendor,Payout Agent,774260.78,LOW,SUPPLIER_SETTLEMENT
Double charge correction and dispute refund for transaction #1087,Refund Agent,83653.54,HIGH,CUSTOMER_REFUND
Payment for Q3 vendor invoices regarding cloud infrastructure,Payout Agent,481310.77,MEDIUM,SUPPLIER_SETTLEMENT
Vendor payout for contract software engineering services,Payout Agent,113457.75,LOW,SUPPLIER_SETTLEMENT
Hedging collateral deposit for forex currency fluctuations,Treasury Agent,1452786.63,MEDIUM,LIQUIDITY_REBALANCE
Early settlement discount incentive to collect overdue receivable,Collections Agent,33557.0,HIGH,DEBT_COLLECTION
Emergency reserve replenishment following high outflow cycle,Treasury Agent,907900.06,HIGH,LIQUIDITY_REBALANCE
Treasury rebalancing to maintain regulatory statutory reserve buffer,Treasury Agent,814826.48,LOW,LIQUIDITY_REBALANCE
Routine bi-weekly supplier invoice settlement for inventory batch #1601,Payout Agent,191055.24,HIGH,SUPPLIER_SETTLEMENT
Double charge correction and dispute refund for transaction #4539,Refund Agent,89175.69,HIGH,CUSTOMER_REFUND
Chargeback resolution and customer refund reconciliation,Refund Agent,82927.44,HIGH,CUSTOMER_REFUND
Automated payment gateway collection retry incentive,Collections Agent,48326.44,HIGH,DEBT_COLLECTION
Automated payment gateway collection retry incentive,Collections Agent,24357.48,HIGH,DEBT_COLLECTION
Partial refund due to discount coupon error at checkout,Refund Agent,91136.76,CRITICAL,CUSTOMER_REFUND
Partial refund due to discount coupon error at checkout,Refund Agent,57462.34,MEDIUM,CUSTOMER_REFUND
Vendor payout for contract software engineering services,Payout Agent,448602.62,CRITICAL,SUPPLIER_SETTLEMENT
Urgent payment to critical supplier to release pending shipment,Payout Agent,322114.61,HIGH,SUPPLIER_SETTLEMENT
Paid acquisition ad spend top-up on Meta and LinkedIn,Growth Agent,173141.05,LOW,GROWTH_INVESTMENT
Legal notice issuance fee for delinquent enterprise account #7203,Collections Agent,95419.37,LOW,DEBT_COLLECTION
Full refund for returned defective electronic unit #9021,Refund Agent,15235.54,HIGH,CUSTOMER_REFUND
Hedging collateral deposit for forex currency fluctuations,Treasury Agent,950453.72,LOW,LIQUIDITY_REBALANCE
Partial refund due to discount coupon error at checkout,Refund Agent,27920.2,CRITICAL,CUSTOMER_REFUND
Automated payment gateway collection retry incentive,Collections Agent,5902.26,MEDIUM,DEBT_COLLECTION
Double charge correction and dispute refund for transaction #7206,Refund Agent,85566.56,HIGH,CUSTOMER_REFUND
Urgent payment to critical supplier to release pending shipment,Payout Agent,558661.42,CRITICAL,SUPPLIER_SETTLEMENT
Automated payment gateway collection retry incentive,Collections Agent,98693.4,CRITICAL,DEBT_COLLECTION
Hedging collateral deposit for forex currency fluctuations,Treasury Agent,1433662.85,MEDIUM,LIQUIDITY_REBALANCE
Influencer campaign budget deposit for festive season launch,Growth Agent,232931.65,HIGH,GROWTH_INVESTMENT
Settlement of raw material invoice #2256 to primary vendor,Payout Agent,597464.77,LOW,SUPPLIER_SETTLEMENT
Customer refund for damaged shipment order #2385,Refund Agent,111768.01,CRITICAL,CUSTOMER_REFUND
Quarterly supplier retention bonus and milestone settlement,Payout Agent,749331.06,MEDIUM,SUPPLIER_SETTLEMENT
Escrow account setup for disputed receivable recovery,Collections Agent,70086.58,LOW,DEBT_COLLECTION
Early settlement discount incentive to collect overdue receivable,Collections Agent,91534.21,LOW,DEBT_COLLECTION
Follow-up collection workflow trigger with dynamic discount #5001,Collections Agent,99451.08,LOW,DEBT_COLLECTION
Emergency reserve replenishment following high outflow cycle,Treasury Agent,1044331.04,MEDIUM,LIQUIDITY_REBALANCE
Subscription cancellation charge reversal requested by user,Refund Agent,126071.93,HIGH,CUSTOMER_REFUND
Quarterly supplier retention bonus and milestone settlement,Payout Agent,334321.07,HIGH,SUPPLIER_SETTLEMENT
Urgent payment to critical supplier to release pending shipment,Payout Agent,673794.8,LOW,SUPPLIER_SETTLEMENT
Sponsorship fee for national fintech developer conference,Growth Agent,182095.27,MEDIUM,GROWTH_INVESTMENT
Quarterly supplier retention bonus and milestone settlement,Payout Agent,742292.27,LOW,SUPPLIER_SETTLEMENT
Escrow account setup for disputed receivable recovery,Collections Agent,38795.69,CRITICAL,DEBT_COLLECTION
Sponsorship fee for national fintech developer conference,Growth Agent,98223.82,HIGH,GROWTH_INVESTMENT
Chargeback resolution and customer refund reconciliation,Refund Agent,2320.7,CRITICAL,CUSTOMER_REFUND
Legal notice issuance fee for delinquent enterprise account #2388,Collections Agent,55264.17,MEDIUM,DEBT_COLLECTION
Collection agency recovery contingency disbursement,Collections Agent,5656.49,HIGH,DEBT_COLLECTION
Merchant store credit conversion to original payment refund,Refund Agent,56772.11,HIGH,CUSTOMER_REFUND
Automated payment gateway collection retry incentive,Collections Agent,82096.67,LOW,DEBT_COLLECTION
Escrow account setup for disputed receivable recovery,Collections Agent,18288.07,CRITICAL,DEBT_COLLECTION
Urgent payment to critical supplier to release pending shipment,Payout Agent,132999.23,HIGH,SUPPLIER_SETTLEMENT
Disbursement for logistics partner freight clearing,Payout Agent,365791.83,HIGH,SUPPLIER_SETTLEMENT
Disbursement for logistics partner freight clearing,Payout Agent,761281.88,HIGH,SUPPLIER_SETTLEMENT
Quarterly supplier retention bonus and milestone settlement,Payout Agent,462592.75,MEDIUM,SUPPLIER_SETTLEMENT
Affiliate partner commission prepayment for festival sprint,Growth Agent,376697.55,CRITICAL,GROWTH_INVESTMENT
Subscription cancellation charge reversal requested by user,Refund Agent,119114.23,MEDIUM,CUSTOMER_REFUND
Partial refund due to discount coupon error at checkout,Refund Agent,3033.69,MEDIUM,CUSTOMER_REFUND
Urgent payment to critical supplier to release pending shipment,Payout Agent,782328.9,LOW,SUPPLIER_SETTLEMENT
Escrow account setup for disputed receivable recovery,Collections Agent,31811.22,LOW,DEBT_COLLECTION
Legal notice issuance fee for delinquent enterprise account #3498,Collections Agent,74278.61,MEDIUM,DEBT_COLLECTION
Full refund for returned defective electronic unit #2884,Refund Agent,129760.85,MEDIUM,CUSTOMER_REFUND
Legal notice issuance fee for delinquent enterprise account #8764,Collections Agent,72113.79,LOW,DEBT_COLLECTION
Inter-account treasury transfer from primary current to payroll reserve,Treasury Agent,1489572.34,MEDIUM,LIQUIDITY_REBALANCE
Subscription cancellation charge reversal requested by user,Refund Agent,60791.19,HIGH,CUSTOMER_REFUND
Double charge correction and dispute refund for transaction #7984,Refund Agent,3631.54,MEDIUM,CUSTOMER_REFUND
Payment for Q3 vendor invoices regarding cloud infrastructure,Payout Agent,355472.89,HIGH,SUPPLIER_SETTLEMENT
Goodwill refund for delayed order delivery breach SLA,Refund Agent,64485.3,LOW,CUSTOMER_REFUND
Liquidity pool re-allocation across multi-banking nodal accounts,Treasury Agent,526005.99,HIGH,LIQUIDITY_REBALANCE
Sponsorship fee for national fintech developer conference,Growth Agent,370213.52,MEDIUM,GROWTH_INVESTMENT
Performance marketing ad spend allocation on Google Ads,Growth Agent,68400.11,LOW,GROWTH_INVESTMENT
Search engine marketing budget expansion for high-intent keywords,Growth Agent,262426.17,LOW,GROWTH_INVESTMENT
Automated payment gateway collection retry incentive,Collections Agent,95091.18,HIGH,DEBT_COLLECTION
Sponsorship fee for national fintech developer conference,Growth Agent,93599.25,LOW,GROWTH_INVESTMENT
Inter-account treasury transfer from primary current to payroll reserve,Treasury Agent,604796.19,HIGH,LIQUIDITY_REBALANCE
Treasury rebalancing to maintain regulatory statutory reserve buffer,Treasury Agent,1010347.68,MEDIUM,LIQUIDITY_REBALANCE
Liquidity pool re-allocation across multi-banking nodal accounts,Treasury Agent,1342071.32,MEDIUM,LIQUIDITY_REBALANCE
Replenishment of working capital escrow reserve buffer,Treasury Agent,921186.04,MEDIUM,LIQUIDITY_REBALANCE
Merchant store credit conversion to original payment refund,Refund Agent,12157.06,HIGH,CUSTOMER_REFUND
Customer referral bonus pool allocation,Growth Agent,290100.9,MEDIUM,GROWTH_INVESTMENT
Disbursement for logistics partner freight clearing,Payout Agent,363659.42,HIGH,SUPPLIER_SETTLEMENT
Treasury rebalancing to maintain regulatory statutory reserve buffer,Treasury Agent,727875.11,LOW,LIQUIDITY_REBALANCE
Collection agency recovery contingency disbursement,Collections Agent,44805.4,LOW,DEBT_COLLECTION
Full refund for returned defective electronic unit #3112,Refund Agent,44158.8,LOW,CUSTOMER_REFUND
Chargeback resolution and customer refund reconciliation,Refund Agent,103019.45,LOW,CUSTOMER_REFUND
Merchant store credit conversion to original payment refund,Refund Agent,58238.41,CRITICAL,CUSTOMER_REFUND
Receivable discount fee for accelerated factoring liquidation,Collections Agent,22486.3,MEDIUM,DEBT_COLLECTION
Short-term liquid mutual fund redemption to bolster working cash,Treasury Agent,1330817.02,CRITICAL,LIQUIDITY_REBALANCE
Hedging collateral deposit for forex currency fluctuations,Treasury Agent,1293465.11,HIGH,LIQUIDITY_REBALANCE
Influencer campaign budget deposit for festive season launch,Growth Agent,150768.25,MEDIUM,GROWTH_INVESTMENT
Performance marketing ad spend allocation on Google Ads,Growth Agent,473920.7,HIGH,GROWTH_INVESTMENT
Full refund for returned defective electronic unit #1844,Refund Agent,96719.56,MEDIUM,CUSTOMER_REFUND
Subscription cancellation charge reversal requested by user,Refund Agent,97648.18,HIGH,CUSTOMER_REFUND
Influencer campaign budget deposit for festive season launch,Growth Agent,168817.18,MEDIUM,GROWTH_INVESTMENT
Receivable discount fee for accelerated factoring liquidation,Collections Agent,98599.82,LOW,DEBT_COLLECTION
Search engine marketing budget expansion for high-intent keywords,Growth Agent,129530.86,LOW,GROWTH_INVESTMENT
Replenishment of working capital escrow reserve buffer,Treasury Agent,1423918.83,HIGH,LIQUIDITY_REBALANCE
Short-term liquid mutual fund redemption to bolster working cash,Treasury Agent,408894.65,HIGH,LIQUIDITY_REBALANCE
Chargeback resolution and customer refund reconciliation,Refund Agent,67462.33,CRITICAL,CUSTOMER_REFUND
Paid acquisition ad spend top-up on Meta and LinkedIn,Growth Agent,92160.98,MEDIUM,GROWTH_INVESTMENT
Automated payment gateway collection retry incentive,Collections Agent,22941.69,CRITICAL,DEBT_COLLECTION
Full refund for returned defective electronic unit #1344,Refund Agent,47213.87,MEDIUM,CUSTOMER_REFUND
Legal notice issuance fee for delinquent enterprise account #2137,Collections Agent,18634.62,CRITICAL,DEBT_COLLECTION
Merchant store credit conversion to original payment refund,Refund Agent,15934.84,MEDIUM,CUSTOMER_REFUND
Settlement of raw material invoice #7191 to primary vendor,Payout Agent,337992.91,LOW,SUPPLIER_SETTLEMENT
Payment for Q3 vendor invoices regarding cloud infrastructure,Payout Agent,236257.21,LOW,SUPPLIER_SETTLEMENT
Paid acquisition ad spend top-up on Meta and LinkedIn,Growth Agent,406580.2,LOW,GROWTH_INVESTMENT
Urgent payment to critical supplier to release pending shipment,Payout Agent,201741.23,CRITICAL,SUPPLIER_SETTLEMENT
Emergency reserve replenishment following high outflow cycle,Treasury Agent,530338.99,CRITICAL,LIQUIDITY_REBALANCE
Goodwill refund for delayed order delivery breach SLA,Refund Agent,81985.44,HIGH,CUSTOMER_REFUND
Replenishment of working capital escrow reserve buffer,Treasury Agent,1254894.86,LOW,LIQUIDITY_REBALANCE
Hedging collateral deposit for forex currency fluctuations,Treasury Agent,816159.38,CRITICAL,LIQUIDITY_REBALANCE
Customer refund for damaged shipment order #4675,Refund Agent,4576.13,CRITICAL,CUSTOMER_REFUND
Automated payment gateway collection retry incentive,Collections Agent,67259.64,MEDIUM,DEBT_COLLECTION
Collection agency recovery contingency disbursement,Collections Agent,21108.11,LOW,DEBT_COLLECTION
Subscription cancellation charge reversal requested by user,Refund Agent,54238.88,HIGH,CUSTOMER_REFUND
Urgent payment to critical supplier to release pending shipment,Payout Agent,721689.87,MEDIUM,SUPPLIER_SETTLEMENT
Chargeback resolution and customer refund reconciliation,Refund Agent,50891.77,MEDIUM,CUSTOMER_REFUND
Automated payment gateway collection retry incentive,Collections Agent,64352.04,HIGH,DEBT_COLLECTION
Influencer campaign budget deposit for festive season launch,Growth Agent,462305.46,HIGH,GROWTH_INVESTMENT
Influencer campaign budget deposit for festive season launch,Growth Agent,437771.29,MEDIUM,GROWTH_INVESTMENT
Partial refund due to discount coupon error at checkout,Refund Agent,59199.34,CRITICAL,CUSTOMER_REFUND
Settlement of raw material invoice #8003 to primary vendor,Payout Agent,769688.99,HIGH,SUPPLIER_SETTLEMENT
Subscription cancellation charge reversal requested by user,Refund Agent,149220.98,MEDIUM,CUSTOMER_REFUND
Follow-up collection workflow trigger with dynamic discount #6231,Collections Agent,51949.62,CRITICAL,DEBT_COLLECTION
Follow-up collection workflow trigger with dynamic discount #3264,Collections Agent,81203.39,MEDIUM,DEBT_COLLECTION
Settlement waiver allocation for 90-day overdue merchant balance,Collections Agent,56180.99,CRITICAL,DEBT_COLLECTION
Short-term liquid mutual fund redemption to bolster working cash,Treasury Agent,217064.81,CRITICAL,LIQUIDITY_REBALANCE
Short-term liquid mutual fund redemption to bolster working cash,Treasury Agent,429270.3,LOW,LIQUIDITY_REBALANCE
Customer refund for damaged shipment order #6937,Refund Agent,84197.8,MEDIUM,CUSTOMER_REFUND
Payment for Q3 vendor invoices regarding cloud infrastructure,Payout Agent,320643.9,MEDIUM,SUPPLIER_SETTLEMENT
Customer referral bonus pool allocation,Growth Agent,425863.55,CRITICAL,GROWTH_INVESTMENT
Goodwill refund for delayed order delivery breach SLA,Refund Agent,9323.98,MEDIUM,CUSTOMER_REFUND
Disbursement for logistics partner freight clearing,Payout Agent,599811.14,CRITICAL,SUPPLIER_SETTLEMENT
Performance marketing ad spend allocation on Google Ads,Growth Agent,348236.29,LOW,GROWTH_INVESTMENT
Automated payment gateway collection retry incentive,Collections Agent,18954.23,MEDIUM,DEBT_COLLECTION
Routine bi-weekly supplier invoice settlement for inventory batch #2262,Payout Agent,59358.28,CRITICAL,SUPPLIER_SETTLEMENT
Double charge correction and dispute refund for transaction #8696,Refund Agent,111790.13,HIGH,CUSTOMER_REFUND
Settlement waiver allocation for 90-day overdue merchant balance,Collections Agent,47177.5,LOW,DEBT_COLLECTION
Influencer campaign budget deposit for festive season launch,Growth Agent,77000.36,LOW,GROWTH_INVESTMENT
Inter-account treasury transfer from primary current to payroll reserve,Treasury Agent,324488.3,CRITICAL,LIQUIDITY_REBALANCE
Escrow account setup for disputed receivable recovery,Collections Agent,92319.27,HIGH,DEBT_COLLECTION
Chargeback resolution and customer refund reconciliation,Refund Agent,41502.31,LOW,CUSTOMER_REFUND
Liquidity pool re-allocation across multi-banking nodal accounts,Treasury Agent,1140388.63,CRITICAL,LIQUIDITY_REBALANCE
Yield optimization sweep of idle float to overnight liquid funds,Treasury Agent,649207.34,LOW,LIQUIDITY_REBALANCE
Escrow account setup for disputed receivable recovery,Collections Agent,67006.5,CRITICAL,DEBT_COLLECTION
Automated payment gateway collection retry incentive,Collections Agent,81317.23,CRITICAL,DEBT_COLLECTION
Full refund for returned defective electronic unit #2776,Refund Agent,16555.61,HIGH,CUSTOMER_REFUND
Treasury rebalancing to maintain regulatory statutory reserve buffer,Treasury Agent,435341.88,MEDIUM,LIQUIDITY_REBALANCE
Replenishment of working capital escrow reserve buffer,Treasury Agent,396673.93,LOW,LIQUIDITY_REBALANCE
Search engine marketing budget expansion for high-intent keywords,Growth Agent,337275.03,LOW,GROWTH_INVESTMENT
Full refund for returned defective electronic unit #2393,Refund Agent,146522.81,LOW,CUSTOMER_REFUND
Emergency reserve replenishment following high outflow cycle,Treasury Agent,167268.46,LOW,LIQUIDITY_REBALANCE
Performance marketing ad spend allocation on Google Ads,Growth Agent,388255.74,CRITICAL,GROWTH_INVESTMENT
Short-term liquid mutual fund redemption to bolster working cash,Treasury Agent,1152579.18,HIGH,LIQUIDITY_REBALANCE
Subscription cancellation charge reversal requested by user,Refund Agent,61685.7,LOW,CUSTOMER_REFUND
Inter-account treasury transfer from primary current to payroll reserve,Treasury Agent,922045.71,CRITICAL,LIQUIDITY_REBALANCE
Early settlement discount incentive to collect overdue receivable,Collections Agent,20316.19,CRITICAL,DEBT_COLLECTION
Settlement of raw material invoice #4794 to primary vendor,Payout Agent,713301.55,MEDIUM,SUPPLIER_SETTLEMENT
Partial refund due to discount coupon error at checkout,Refund Agent,118017.43,HIGH,CUSTOMER_REFUND
Brand awareness campaign media buying for Q4,Growth Agent,68005.81,CRITICAL,GROWTH_INVESTMENT
Goodwill refund for delayed order delivery breach SLA,Refund Agent,143744.33,CRITICAL,CUSTOMER_REFUND
Payment for Q3 vendor invoices regarding cloud infrastructure,Payout Agent,624737.99,HIGH,SUPPLIER_SETTLEMENT
Replenishment of working capital escrow reserve buffer,Treasury Agent,231759.59,HIGH,LIQUIDITY_REBALANCE
Full refund for returned defective electronic unit #3645,Refund Agent,11156.11,HIGH,CUSTOMER_REFUND
Influencer campaign budget deposit for festive season launch,Growth Agent,130633.81,CRITICAL,GROWTH_INVESTMENT
Customer referral bonus pool allocation,Growth Agent,393415.87,CRITICAL,GROWTH_INVESTMENT
Subscription cancellation charge reversal requested by user,Refund Agent,6899.3,HIGH,CUSTOMER_REFUND
Settlement waiver allocation for 90-day overdue merchant balance,Collections Agent,46878.63,HIGH,DEBT_COLLECTION
Influencer campaign budget deposit for festive season launch,Growth Agent,277674.09,HIGH,GROWTH_INVESTMENT
Payment for Q3 vendor invoices regarding cloud infrastructure,Payout Agent,574808.97,LOW,SUPPLIER_SETTLEMENT
Subscription cancellation charge reversal requested by user,Refund Agent,56997.43,CRITICAL,CUSTOMER_REFUND
Routine bi-weekly supplier invoice settlement for inventory batch #7360,Payout Agent,705619.16,LOW,SUPPLIER_SETTLEMENT
Customer referral bonus pool allocation,Growth Agent,339118.02,CRITICAL,GROWTH_INVESTMENT
Settlement of raw material invoice #3953 to primary vendor,Payout Agent,598833.59,CRITICAL,SUPPLIER_SETTLEMENT
Legal notice issuance fee for delinquent enterprise account #7578,Collections Agent,36228.46,HIGH,DEBT_COLLECTION
Customer referral bonus pool allocation,Growth Agent,366030.88,CRITICAL,GROWTH_INVESTMENT
Vendor payout for contract software engineering services,Payout Agent,78711.75,MEDIUM,SUPPLIER_SETTLEMENT
Automated payment gateway collection retry incentive,Collections Agent,35417.73,LOW,DEBT_COLLECTION
Liquidity pool re-allocation across multi-banking nodal accounts,Treasury Agent,1411043.53,HIGH,LIQUIDITY_REBALANCE
Escrow account setup for disputed receivable recovery,Collections Agent,10137.36,LOW,DEBT_COLLECTION
Receivable discount fee for accelerated factoring liquidation,Collections Agent,65390.29,LOW,DEBT_COLLECTION
Subscription cancellation charge reversal requested by user,Refund Agent,61355.2,HIGH,CUSTOMER_REFUND
Settlement waiver allocation for 90-day overdue merchant balance,Collections Agent,25339.97,HIGH,DEBT_COLLECTION
Customer refund for damaged shipment order #2514,Refund Agent,134348.53,CRITICAL,CUSTOMER_REFUND
Sponsorship fee for national fintech developer conference,Growth Agent,139372.39,CRITICAL,GROWTH_INVESTMENT
Escrow account setup for disputed receivable recovery,Collections Agent,70438.9,MEDIUM,DEBT_COLLECTION
Follow-up collection workflow trigger with dynamic discount #7375,Collections Agent,83186.49,MEDIUM,DEBT_COLLECTION
Disbursement for logistics partner freight clearing,Payout Agent,548047.2,HIGH,SUPPLIER_SETTLEMENT
Disbursement for logistics partner freight clearing,Payout Agent,750364.55,CRITICAL,SUPPLIER_SETTLEMENT
Influencer campaign budget deposit for festive season launch,Growth Agent,168261.21,LOW,GROWTH_INVESTMENT
Automated payment gateway collection retry incentive,Collections Agent,65697.06,LOW,DEBT_COLLECTION
Routine bi-weekly supplier invoice settlement for inventory batch #4074,Payout Agent,365132.08,MEDIUM,SUPPLIER_SETTLEMENT
Liquidity pool re-allocation across multi-banking nodal accounts,Treasury Agent,587319.78,MEDIUM,LIQUIDITY_REBALANCE
Yield optimization sweep of idle float to overnight liquid funds,Treasury Agent,1239291.09,LOW,LIQUIDITY_REBALANCE
Sponsorship fee for national fintech developer conference,Growth Agent,418573.18,LOW,GROWTH_INVESTMENT
Escrow account setup for disputed receivable recovery,Collections Agent,43986.75,HIGH,DEBT_COLLECTION
Liquidity pool re-allocation across multi-banking nodal accounts,Treasury Agent,1463698.22,HIGH,LIQUIDITY_REBALANCE
Disbursement for logistics partner freight clearing,Payout Agent,371287.71,MEDIUM,SUPPLIER_SETTLEMENT
Inter-account treasury transfer from primary current to payroll reserve,Treasury Agent,710226.63,HIGH,LIQUIDITY_REBALANCE
Receivable discount fee for accelerated factoring liquidation,Collections Agent,99559.51,LOW,DEBT_COLLECTION
Payment for Q3 vendor invoices regarding cloud infrastructure,Payout Agent,127756.48,LOW,SUPPLIER_SETTLEMENT
Early settlement discount incentive to collect overdue receivable,Collections Agent,85912.0,MEDIUM,DEBT_COLLECTION
Merchant store credit conversion to original payment refund,Refund Agent,18060.66,CRITICAL,CUSTOMER_REFUND
Urgent payment to critical supplier to release pending shipment,Payout Agent,359701.06,CRITICAL,SUPPLIER_SETTLEMENT
Urgent payment to critical supplier to release pending shipment,Payout Agent,430670.61,HIGH,SUPPLIER_SETTLEMENT
Sponsorship fee for national fintech developer conference,Growth Agent,352985.37,LOW,GROWTH_INVESTMENT
Early settlement discount incentive to collect overdue receivable,Collections Agent,7493.45,HIGH,DEBT_COLLECTION
Treasury rebalancing to maintain regulatory statutory reserve buffer,Treasury Agent,338575.05,CRITICAL,LIQUIDITY_REBALANCE
Chargeback resolution and customer refund reconciliation,Refund Agent,92823.92,CRITICAL,CUSTOMER_REFUND
Quarterly supplier retention bonus and milestone settlement,Payout Agent,754543.79,CRITICAL,SUPPLIER_SETTLEMENT
Chargeback resolution and customer refund reconciliation,Refund Agent,78074.28,CRITICAL,CUSTOMER_REFUND
Subscription cancellation charge reversal requested by user,Refund Agent,76134.3,CRITICAL,CUSTOMER_REFUND
Paid acquisition ad spend top-up on Meta and LinkedIn,Growth Agent,141693.16,LOW,GROWTH_INVESTMENT
Quarterly supplier retention bonus and milestone settlement,Payout Agent,521670.59,MEDIUM,SUPPLIER_SETTLEMENT
Settlement of raw material invoice #7265 to primary vendor,Payout Agent,68967.41,MEDIUM,SUPPLIER_SETTLEMENT
Follow-up collection workflow trigger with dynamic discount #4056,Collections Agent,27773.58,MEDIUM,DEBT_COLLECTION
Search engine marketing budget expansion for high-intent keywords,Growth Agent,428205.56,CRITICAL,GROWTH_INVESTMENT
Performance marketing ad spend allocation on Google Ads,Growth Agent,87333.52,MEDIUM,GROWTH_INVESTMENT
Settlement of raw material invoice #2817 to primary vendor,Payout Agent,394345.79,LOW,SUPPLIER_SETTLEMENT
Disbursement for logistics partner freight clearing,Payout Agent,246496.01,MEDIUM,SUPPLIER_SETTLEMENT
Settlement of raw material invoice #9097 to primary vendor,Payout Agent,683467.71,MEDIUM,SUPPLIER_SETTLEMENT
Collection agency recovery contingency disbursement,Collections Agent,80566.94,CRITICAL,DEBT_COLLECTION
Payment of hardware maintenance contract for warehouse 2250,Payout Agent,207721.98,CRITICAL,SUPPLIER_SETTLEMENT
Follow-up collection workflow trigger with dynamic discount #8387,Collections Agent,81812.16,MEDIUM,DEBT_COLLECTION
Performance marketing ad spend allocation on Google Ads,Growth Agent,346849.88,LOW,GROWTH_INVESTMENT
Urgent payment to critical supplier to release pending shipment,Payout Agent,412933.24,LOW,SUPPLIER_SETTLEMENT
Full refund for returned defective electronic unit #2992,Refund Agent,29733.94,LOW,CUSTOMER_REFUND
Yield optimization sweep of idle float to overnight liquid funds,Treasury Agent,816442.61,MEDIUM,LIQUIDITY_REBALANCE
Partial refund due to discount coupon error at checkout,Refund Agent,134887.28,LOW,CUSTOMER_REFUND
Paid acquisition ad spend top-up on Meta and LinkedIn,Growth Agent,87549.24,MEDIUM,GROWTH_INVESTMENT
Sponsorship fee for national fintech developer conference,Growth Agent,139656.89,LOW,GROWTH_INVESTMENT
Sponsorship fee for national fintech developer conference,Growth Agent,385337.51,CRITICAL,GROWTH_INVESTMENT
Settlement waiver allocation for 90-day overdue merchant balance,Collections Agent,28758.85,MEDIUM,DEBT_COLLECTION
Affiliate partner commission prepayment for festival sprint,Growth Agent,312641.71,HIGH,GROWTH_INVESTMENT
Goodwill refund for delayed order delivery breach SLA,Refund Agent,65587.28,CRITICAL,CUSTOMER_REFUND
Receivable discount fee for accelerated factoring liquidation,Collections Agent,64176.54,CRITICAL,DEBT_COLLECTION
Legal notice issuance fee for delinquent enterprise account #6782,Collections Agent,40526.25,LOW,DEBT_COLLECTION
Automated payment gateway collection retry incentive,Collections Agent,96019.26,HIGH,DEBT_COLLECTION
Liquidity pool re-allocation across multi-banking nodal accounts,Treasury Agent,945434.93,HIGH,LIQUIDITY_REBALANCE
Early settlement discount incentive to collect overdue receivable,Collections Agent,22090.9,HIGH,DEBT_COLLECTION
Automated payment gateway collection retry incentive,Collections Agent,28305.22,MEDIUM,DEBT_COLLECTION
Brand awareness campaign media buying for Q4,Growth Agent,400781.55,LOW,GROWTH_INVESTMENT
Urgent payment to critical supplier to release pending shipment,Payout Agent,587601.97,MEDIUM,SUPPLIER_SETTLEMENT
Follow-up collection workflow trigger with dynamic discount #4811,Collections Agent,58355.86,CRITICAL,DEBT_COLLECTION
Search engine marketing budget expansion for high-intent keywords,Growth Agent,147858.54,HIGH,GROWTH_INVESTMENT
Replenishment of working capital escrow reserve buffer,Treasury Agent,1054984.69,CRITICAL,LIQUIDITY_REBALANCE
Brand awareness campaign media buying for Q4,Growth Agent,138705.46,CRITICAL,GROWTH_INVESTMENT
Early settlement discount incentive to collect overdue receivable,Collections Agent,45017.54,LOW,DEBT_COLLECTION
Automated payment gateway collection retry incentive,Collections Agent,61161.25,MEDIUM,DEBT_COLLECTION
Yield optimization sweep of idle float to overnight liquid funds,Treasury Agent,124970.82,LOW,LIQUIDITY_REBALANCE
Receivable discount fee for accelerated factoring liquidation,Collections Agent,84956.07,CRITICAL,DEBT_COLLECTION
Payment for Q3 vendor invoices regarding cloud infrastructure,Payout Agent,533581.75,LOW,SUPPLIER_SETTLEMENT
Collection agency recovery contingency disbursement,Collections Agent,73709.1,HIGH,DEBT_COLLECTION
Brand awareness campaign media buying for Q4,Growth Agent,85895.24,HIGH,GROWTH_INVESTMENT
Early settlement discount incentive to collect overdue receivable,Collections Agent,33352.16,CRITICAL,DEBT_COLLECTION
Collection agency recovery contingency disbursement,Collections Agent,94081.86,LOW,DEBT_COLLECTION
Routine bi-weekly supplier invoice settlement for inventory batch #1783,Payout Agent,669092.4,MEDIUM,SUPPLIER_SETTLEMENT
Urgent payment to critical supplier to release pending shipment,Payout Agent,219755.94,LOW,SUPPLIER_SETTLEMENT
Partial refund due to discount coupon error at checkout,Refund Agent,148445.19,LOW,CUSTOMER_REFUND
Performance marketing ad spend allocation on Google Ads,Growth Agent,71601.53,HIGH,GROWTH_INVESTMENT
Vendor payout for contract software engineering services,Payout Agent,565941.2,CRITICAL,SUPPLIER_SETTLEMENT
Paid acquisition ad spend top-up on Meta and LinkedIn,Growth Agent,312553.94,LOW,GROWTH_INVESTMENT
Partial refund due to discount coupon error at checkout,Refund Agent,113202.19,CRITICAL,CUSTOMER_REFUND
Collection agency recovery contingency disbursement,Collections Agent,55120.95,CRITICAL,DEBT_COLLECTION
Receivable discount fee for accelerated factoring liquidation,Collections Agent,78401.18,CRITICAL,DEBT_COLLECTION
Subscription cancellation charge reversal requested by user,Refund Agent,115164.1,LOW,CUSTOMER_REFUND
Search engine marketing budget expansion for high-intent keywords,Growth Agent,362734.28,LOW,GROWTH_INVESTMENT
Early settlement discount incentive to collect overdue receivable,Collections Agent,6247.17,MEDIUM,DEBT_COLLECTION
Settlement waiver allocation for 90-day overdue merchant balance,Collections Agent,51326.33,HIGH,DEBT_COLLECTION
Partial refund due to discount coupon error at checkout,Refund Agent,106568.34,MEDIUM,CUSTOMER_REFUND
Replenishment of working capital escrow reserve buffer,Treasury Agent,406298.76,HIGH,LIQUIDITY_REBALANCE
Escrow account setup for disputed receivable recovery,Collections Agent,24286.97,CRITICAL,DEBT_COLLECTION
Subscription cancellation charge reversal requested by user,Refund Agent,64041.0,HIGH,CUSTOMER_REFUND
Replenishment of working capital escrow reserve buffer,Treasury Agent,745335.77,LOW,LIQUIDITY_REBALANCE
Routine bi-weekly supplier invoice settlement for inventory batch #1271,Payout Agent,720573.54,MEDIUM,SUPPLIER_SETTLEMENT
Performance marketing ad spend allocation on Google Ads,Growth Agent,347848.48,CRITICAL,GROWTH_INVESTMENT
Sponsorship fee for national fintech developer conference,Growth Agent,467117.47,LOW,GROWTH_INVESTMENT
Affiliate partner commission prepayment for festival sprint,Growth Agent,117779.02,CRITICAL,GROWTH_INVESTMENT
Treasury rebalancing to maintain regulatory statutory reserve buffer,Treasury Agent,717876.84,HIGH,LIQUIDITY_REBALANCE
Payment for Q3 vendor invoices regarding cloud infrastructure,Payout Agent,599001.21,CRITICAL,SUPPLIER_SETTLEMENT
Full refund for returned defective electronic unit #4103,Refund Agent,61001.12,HIGH,CUSTOMER_REFUND
Emergency reserve replenishment following high outflow cycle,Treasury Agent,706991.48,LOW,LIQUIDITY_REBALANCE
Subscription cancellation charge reversal requested by user,Refund Agent,18163.0,LOW,CUSTOMER_REFUND
Hedging collateral deposit for forex currency fluctuations,Treasury Agent,192186.34,LOW,LIQUIDITY_REBALANCE
Search engine marketing budget expansion for high-intent keywords,Growth Agent,226358.64,LOW,GROWTH_INVESTMENT
Full refund for returned defective electronic unit #9112,Refund Agent,31650.1,MEDIUM,CUSTOMER_REFUND
Sponsorship fee for national fintech developer conference,Growth Agent,380247.02,LOW,GROWTH_INVESTMENT
Merchant store credit conversion to original payment refund,Refund Agent,128032.03,MEDIUM,CUSTOMER_REFUND
Partial refund due to discount coupon error at checkout,Refund Agent,25830.17,HIGH,CUSTOMER_REFUND
Automated payment gateway collection retry incentive,Collections Agent,68272.98,CRITICAL,DEBT_COLLECTION
Performance marketing ad spend allocation on Google Ads,Growth Agent,488466.88,LOW,GROWTH_INVESTMENT
Customer refund for damaged shipment order #6769,Refund Agent,145461.69,LOW,CUSTOMER_REFUND
Legal notice issuance fee for delinquent enterprise account #8742,Collections Agent,15391.67,LOW,DEBT_COLLECTION
Hedging collateral deposit for forex currency fluctuations,Treasury Agent,835376.86,MEDIUM,LIQUIDITY_REBALANCE
Subscription cancellation charge reversal requested by user,Refund Agent,46385.74,HIGH,CUSTOMER_REFUND
Escrow account setup for disputed receivable recovery,Collections Agent,99030.35,HIGH,DEBT_COLLECTION
Receivable discount fee for accelerated factoring liquidation,Collections Agent,48581.32,HIGH,DEBT_COLLECTION
Brand awareness campaign media buying for Q4,Growth Agent,398536.83,CRITICAL,GROWTH_INVESTMENT
Vendor payout for contract software engineering services,Payout Agent,596161.66,LOW,SUPPLIER_SETTLEMENT
Chargeback resolution and customer refund reconciliation,Refund Agent,99245.67,MEDIUM,CUSTOMER_REFUND
Customer referral bonus pool allocation,Growth Agent,159965.51,CRITICAL,GROWTH_INVESTMENT
Search engine marketing budget expansion for high-intent keywords,Growth Agent,137228.95,CRITICAL,GROWTH_INVESTMENT
Vendor payout for contract software engineering services,Payout Agent,724416.04,CRITICAL,SUPPLIER_SETTLEMENT
Inter-account treasury transfer from primary current to payroll reserve,Treasury Agent,1374458.27,HIGH,LIQUIDITY_REBALANCE
Affiliate partner commission prepayment for festival sprint,Growth Agent,475369.93,HIGH,GROWTH_INVESTMENT
Search engine marketing budget expansion for high-intent keywords,Growth Agent,310782.57,HIGH,GROWTH_INVESTMENT
Replenishment of working capital escrow reserve buffer,Treasury Agent,1213466.07,HIGH,LIQUIDITY_REBALANCE
Influencer campaign budget deposit for festive season launch,Growth Agent,274517.16,MEDIUM,GROWTH_INVESTMENT
Automated payment gateway collection retry incentive,Collections Agent,96833.79,MEDIUM,DEBT_COLLECTION
Customer referral bonus pool allocation,Growth Agent,79077.42,HIGH,GROWTH_INVESTMENT
Payment of hardware maintenance contract for warehouse 1670,Payout Agent,212993.98,LOW,SUPPLIER_SETTLEMENT
Payment of hardware maintenance contract for warehouse 6010,Payout Agent,53817.69,HIGH,SUPPLIER_SETTLEMENT
Payment for Q3 vendor invoices regarding cloud infrastructure,Payout Agent,153289.09,HIGH,SUPPLIER_SETTLEMENT
Inter-account treasury transfer from primary current to payroll reserve,Treasury Agent,1098475.94,MEDIUM,LIQUIDITY_REBALANCE
Chargeback resolution and customer refund reconciliation,Refund Agent,44329.5,LOW,CUSTOMER_REFUND
Follow-up collection workflow trigger with dynamic discount #5075,Collections Agent,82112.36,CRITICAL,DEBT_COLLECTION
Settlement waiver allocation for 90-day overdue merchant balance,Collections Agent,89838.2,HIGH,DEBT_COLLECTION
Hedging collateral deposit for forex currency fluctuations,Treasury Agent,889470.66,HIGH,LIQUIDITY_REBALANCE
Inter-account treasury transfer from primary current to payroll reserve,Treasury Agent,450028.62,CRITICAL,LIQUIDITY_REBALANCE
Short-term liquid mutual fund redemption to bolster working cash,Treasury Agent,526994.53,HIGH,LIQUIDITY_REBALANCE
Emergency reserve replenishment following high outflow cycle,Treasury Agent,356721.04,CRITICAL,LIQUIDITY_REBALANCE
Disbursement for logistics partner freight clearing,Payout Agent,381426.0,HIGH,SUPPLIER_SETTLEMENT
Treasury rebalancing to maintain regulatory statutory reserve buffer,Treasury Agent,595871.39,CRITICAL,LIQUIDITY_REBALANCE
Settlement waiver allocation for 90-day overdue merchant balance,Collections Agent,7628.93,LOW,DEBT_COLLECTION
Collection agency recovery contingency disbursement,Collections Agent,63444.81,HIGH,DEBT_COLLECTION
Partial refund due to discount coupon error at checkout,Refund Agent,93512.57,HIGH,CUSTOMER_REFUND
Quarterly supplier retention bonus and milestone settlement,Payout Agent,352206.59,LOW,SUPPLIER_SETTLEMENT
Escrow account setup for disputed receivable recovery,Collections Agent,13042.61,HIGH,DEBT_COLLECTION
Urgent payment to critical supplier to release pending shipment,Payout Agent,666455.1,CRITICAL,SUPPLIER_SETTLEMENT
Performance marketing ad spend allocation on Google Ads,Growth Agent,383212.82,LOW,GROWTH_INVESTMENT
Double charge correction and dispute refund for transaction #9115,Refund Agent,21324.01,MEDIUM,CUSTOMER_REFUND
Sponsorship fee for national fintech developer conference,Growth Agent,412527.58,MEDIUM,GROWTH_INVESTMENT
Settlement of raw material invoice #1000 to primary vendor,Payout Agent,164766.56,LOW,SUPPLIER_SETTLEMENT
Replenishment of working capital escrow reserve buffer,Treasury Agent,386011.12,CRITICAL,LIQUIDITY_REBALANCE
Payment of hardware maintenance contract for warehouse 7401,Payout Agent,91739.87,LOW,SUPPLIER_SETTLEMENT
Affiliate partner commission prepayment for festival sprint,Growth Agent,492213.32,MEDIUM,GROWTH_INVESTMENT
Hedging collateral deposit for forex currency fluctuations,Treasury Agent,1303039.44,LOW,LIQUIDITY_REBALANCE
Automated payment gateway collection retry incentive,Collections Agent,22556.75,MEDIUM,DEBT_COLLECTION
Goodwill refund for delayed order delivery breach SLA,Refund Agent,72589.5,HIGH,CUSTOMER_REFUND
Payment of hardware maintenance contract for warehouse 7018,Payout Agent,550774.74,CRITICAL,SUPPLIER_SETTLEMENT
Collection agency recovery contingency disbursement,Collections Agent,44605.16,CRITICAL,DEBT_COLLECTION
Customer refund for damaged shipment order #5643,Refund Agent,69105.26,CRITICAL,CUSTOMER_REFUND
Vendor payout for contract software engineering services,Payout Agent,533831.74,CRITICAL,SUPPLIER_SETTLEMENT
Urgent payment to critical supplier to release pending shipment,Payout Agent,400930.33,CRITICAL,SUPPLIER_SETTLEMENT
Performance marketing ad spend allocation on Google Ads,Growth Agent,210986.45,MEDIUM,GROWTH_INVESTMENT
Affiliate partner commission prepayment for festival sprint,Growth Agent,78244.6,MEDIUM,GROWTH_INVESTMENT
Brand awareness campaign media buying for Q4,Growth Agent,371832.05,MEDIUM,GROWTH_INVESTMENT
Sponsorship fee for national fintech developer conference,Growth Agent,80694.55,CRITICAL,GROWTH_INVESTMENT
Escrow account setup for disputed receivable recovery,Collections Agent,59723.7,HIGH,DEBT_COLLECTION
Partial refund due to discount coupon error at checkout,Refund Agent,88089.49,CRITICAL,CUSTOMER_REFUND
Payment for Q3 vendor invoices regarding cloud infrastructure,Payout Agent,689023.39,MEDIUM,SUPPLIER_SETTLEMENT
Subscription cancellation charge reversal requested by user,Refund Agent,75415.65,CRITICAL,CUSTOMER_REFUND
Search engine marketing budget expansion for high-intent keywords,Growth Agent,97444.31,MEDIUM,GROWTH_INVESTMENT
Settlement waiver allocation for 90-day overdue merchant balance,Collections Agent,10883.03,HIGH,DEBT_COLLECTION
Payment for Q3 vendor invoices regarding cloud infrastructure,Payout Agent,381146.34,HIGH,SUPPLIER_SETTLEMENT
Yield optimization sweep of idle float to overnight liquid funds,Treasury Agent,549622.9,CRITICAL,LIQUIDITY_REBALANCE
Automated payment gateway collection retry incentive,Collections Agent,23593.21,CRITICAL,DEBT_COLLECTION
Receivable discount fee for accelerated factoring liquidation,Collections Agent,24113.31,MEDIUM,DEBT_COLLECTION
Legal notice issuance fee for delinquent enterprise account #2409,Collections Agent,60300.25,LOW,DEBT_COLLECTION
Customer refund for damaged shipment order #3302,Refund Agent,134100.36,HIGH,CUSTOMER_REFUND
Collection agency recovery contingency disbursement,Collections Agent,22603.91,CRITICAL,DEBT_COLLECTION
Goodwill refund for delayed order delivery breach SLA,Refund Agent,75626.69,HIGH,CUSTOMER_REFUND
Inter-account treasury transfer from primary current to payroll reserve,Treasury Agent,714429.29,CRITICAL,LIQUIDITY_REBALANCE
Settlement of raw material invoice #3083 to primary vendor,Payout Agent,636790.52,HIGH,SUPPLIER_SETTLEMENT
Settlement of raw material invoice #9170 to primary vendor,Payout Agent,222930.13,HIGH,SUPPLIER_SETTLEMENT
Routine bi-weekly supplier invoice settlement for inventory batch #5749,Payout Agent,741705.0,HIGH,SUPPLIER_SETTLEMENT
Follow-up collection workflow trigger with dynamic discount #2113,Collections Agent,87882.04,MEDIUM,DEBT_COLLECTION
Influencer campaign budget deposit for festive season launch,Growth Agent,308910.14,HIGH,GROWTH_INVESTMENT
Early settlement discount incentive to collect overdue receivable,Collections Agent,71264.2,LOW,DEBT_COLLECTION
Emergency reserve replenishment following high outflow cycle,Treasury Agent,1014524.8,LOW,LIQUIDITY_REBALANCE
Affiliate partner commission prepayment for festival sprint,Growth Agent,140230.07,LOW,GROWTH_INVESTMENT
Goodwill refund for delayed order delivery breach SLA,Refund Agent,122697.59,HIGH,CUSTOMER_REFUND
Routine bi-weekly supplier invoice settlement for inventory batch #9086,Payout Agent,104683.93,LOW,SUPPLIER_SETTLEMENT
Influencer campaign budget deposit for festive season launch,Growth Agent,319166.43,LOW,GROWTH_INVESTMENT
Emergency reserve replenishment following high outflow cycle,Treasury Agent,478711.77,LOW,LIQUIDITY_REBALANCE
Payment for Q3 vendor invoices regarding cloud infrastructure,Payout Agent,430703.2,HIGH,SUPPLIER_SETTLEMENT
Escrow account setup for disputed receivable recovery,Collections Agent,79246.47,MEDIUM,DEBT_COLLECTION
Payment for Q3 vendor invoices regarding cloud infrastructure,Payout Agent,630209.93,MEDIUM,SUPPLIER_SETTLEMENT
Liquidity pool re-allocation across multi-banking nodal accounts,Treasury Agent,873494.34,LOW,LIQUIDITY_REBALANCE
Settlement waiver allocation for 90-day overdue merchant balance,Collections Agent,45823.27,CRITICAL,DEBT_COLLECTION
Inter-account treasury transfer from primary current to payroll reserve,Treasury Agent,713134.0,HIGH,LIQUIDITY_REBALANCE
Search engine marketing budget expansion for high-intent keywords,Growth Agent,246436.17,LOW,GROWTH_INVESTMENT
Goodwill refund for delayed order delivery breach SLA,Refund Agent,88704.0,MEDIUM,CUSTOMER_REFUND
Early settlement discount incentive to collect overdue receivable,Collections Agent,87959.3,MEDIUM,DEBT_COLLECTION
Settlement of raw material invoice #1928 to primary vendor,Payout Agent,145036.92,MEDIUM,SUPPLIER_SETTLEMENT
Performance marketing ad spend allocation on Google Ads,Growth Agent,207350.36,MEDIUM,GROWTH_INVESTMENT
Paid acquisition ad spend top-up on Meta and LinkedIn,Growth Agent,265415.61,LOW,GROWTH_INVESTMENT
Settlement of raw material invoice #5099 to primary vendor,Payout Agent,753777.61,MEDIUM,SUPPLIER_SETTLEMENT
Follow-up collection workflow trigger with dynamic discount #4609,Collections Agent,47136.47,HIGH,DEBT_COLLECTION
Sponsorship fee for national fintech developer conference,Growth Agent,287079.88,HIGH,GROWTH_INVESTMENT
Influencer campaign budget deposit for festive season launch,Growth Agent,205985.95,CRITICAL,GROWTH_INVESTMENT
Emergency reserve replenishment following high outflow cycle,Treasury Agent,209824.51,MEDIUM,LIQUIDITY_REBALANCE
Short-term liquid mutual fund redemption to bolster working cash,Treasury Agent,1138672.12,MEDIUM,LIQUIDITY_REBALANCE
Urgent payment to critical supplier to release pending shipment,Payout Agent,76900.76,MEDIUM,SUPPLIER_SETTLEMENT
Escrow account setup for disputed receivable recovery,Collections Agent,7022.52,LOW,DEBT_COLLECTION
Sponsorship fee for national fintech developer conference,Growth Agent,185185.78,LOW,GROWTH_INVESTMENT
Vendor payout for contract software engineering services,Payout Agent,421518.12,CRITICAL,SUPPLIER_SETTLEMENT
Escrow account setup for disputed receivable recovery,Collections Agent,26322.6,CRITICAL,DEBT_COLLECTION
Chargeback resolution and customer refund reconciliation,Refund Agent,8786.69,HIGH,CUSTOMER_REFUND
Urgent payment to critical supplier to release pending shipment,Payout Agent,732540.5,HIGH,SUPPLIER_SETTLEMENT
Search engine marketing budget expansion for high-intent keywords,Growth Agent,203424.97,CRITICAL,GROWTH_INVESTMENT
Early settlement discount incentive to collect overdue receivable,Collections Agent,57562.95,HIGH,DEBT_COLLECTION
Emergency reserve replenishment following high outflow cycle,Treasury Agent,901643.57,HIGH,LIQUIDITY_REBALANCE
Chargeback resolution and customer refund reconciliation,Refund Agent,112099.45,MEDIUM,CUSTOMER_REFUND
Customer refund for damaged shipment order #5598,Refund Agent,120138.75,HIGH,CUSTOMER_REFUND
Routine bi-weekly supplier invoice settlement for inventory batch #9893,Payout Agent,271868.69,CRITICAL,SUPPLIER_SETTLEMENT
Vendor payout for contract software engineering services,Payout Agent,251560.51,HIGH,SUPPLIER_SETTLEMENT
Yield optimization sweep of idle float to overnight liquid funds,Treasury Agent,529653.22,HIGH,LIQUIDITY_REBALANCE
Paid acquisition ad spend top-up on Meta and LinkedIn,Growth Agent,258225.92,CRITICAL,GROWTH_INVESTMENT
Payment of hardware maintenance contract for warehouse 1606,Payout Agent,774414.12,CRITICAL,SUPPLIER_SETTLEMENT
Short-term liquid mutual fund redemption to bolster working cash,Treasury Agent,182018.77,LOW,LIQUIDITY_REBALANCE
Brand awareness campaign media buying for Q4,Growth Agent,248197.78,HIGH,GROWTH_INVESTMENT
Sponsorship fee for national fintech developer conference,Growth Agent,107250.12,MEDIUM,GROWTH_INVESTMENT
Customer refund for damaged shipment order #4812,Refund Agent,18052.54,LOW,CUSTOMER_REFUND
Merchant store credit conversion to original payment refund,Refund Agent,7251.38,MEDIUM,CUSTOMER_REFUND
Vendor payout for contract software engineering services,Payout Agent,62088.63,HIGH,SUPPLIER_SETTLEMENT
Yield optimization sweep of idle float to overnight liquid funds,Treasury Agent,589621.51,LOW,LIQUIDITY_REBALANCE
Emergency reserve replenishment following high outflow cycle,Treasury Agent,815449.72,MEDIUM,LIQUIDITY_REBALANCE
Partial refund due to discount coupon error at checkout,Refund Agent,124541.54,CRITICAL,CUSTOMER_REFUND
Quarterly supplier retention bonus and milestone settlement,Payout Agent,157309.61,HIGH,SUPPLIER_SETTLEMENT
Treasury rebalancing to maintain regulatory statutory reserve buffer,Treasury Agent,1465138.36,HIGH,LIQUIDITY_REBALANCE
Receivable discount fee for accelerated factoring liquidation,Collections Agent,20229.72,LOW,DEBT_COLLECTION
Paid acquisition ad spend top-up on Meta and LinkedIn,Growth Agent,97804.45,MEDIUM,GROWTH_INVESTMENT
Brand awareness campaign media buying for Q4,Growth Agent,220477.86,LOW,GROWTH_INVESTMENT
Chargeback resolution and customer refund reconciliation,Refund Agent,143321.72,MEDIUM,CUSTOMER_REFUND
Liquidity pool re-allocation across multi-banking nodal accounts,Treasury Agent,1126263.93,LOW,LIQUIDITY_REBALANCE
Emergency reserve replenishment following high outflow cycle,Treasury Agent,828470.4,HIGH,LIQUIDITY_REBALANCE
Search engine marketing budget expansion for high-intent keywords,Growth Agent,459981.28,HIGH,GROWTH_INVESTMENT
Partial refund due to discount coupon error at checkout,Refund Agent,68917.35,LOW,CUSTOMER_REFUND
Merchant store credit conversion to original payment refund,Refund Agent,54920.29,HIGH,CUSTOMER_REFUND
Replenishment of working capital escrow reserve buffer,Treasury Agent,1014661.9,MEDIUM,LIQUIDITY_REBALANCE
Settlement waiver allocation for 90-day overdue merchant balance,Collections Agent,59087.51,MEDIUM,DEBT_COLLECTION
Short-term liquid mutual fund redemption to bolster working cash,Treasury Agent,1043747.18,MEDIUM,LIQUIDITY_REBALANCE
Hedging collateral deposit for forex currency fluctuations,Treasury Agent,578200.52,LOW,LIQUIDITY_REBALANCE
Quarterly supplier retention bonus and milestone settlement,Payout Agent,428769.45,MEDIUM,SUPPLIER_SETTLEMENT
Emergency reserve replenishment following high outflow cycle,Treasury Agent,1359821.46,CRITICAL,LIQUIDITY_REBALANCE
Disbursement for logistics partner freight clearing,Payout Agent,363969.2,CRITICAL,SUPPLIER_SETTLEMENT
Disbursement for logistics partner freight clearing,Payout Agent,675393.92,LOW,SUPPLIER_SETTLEMENT
Subscription cancellation charge reversal requested by user,Refund Agent,77719.67,CRITICAL,CUSTOMER_REFUND
Follow-up collection workflow trigger with dynamic discount #3088,Collections Agent,43220.16,MEDIUM,DEBT_COLLECTION
Influencer campaign budget deposit for festive season launch,Growth Agent,453841.84,HIGH,GROWTH_INVESTMENT
Replenishment of working capital escrow reserve buffer,Treasury Agent,203253.56,HIGH,LIQUIDITY_REBALANCE
Settlement waiver allocation for 90-day overdue merchant balance,Collections Agent,75366.26,CRITICAL,DEBT_COLLECTION
Customer referral bonus pool allocation,Growth Agent,380049.41,LOW,GROWTH_INVESTMENT
Customer refund for damaged shipment order #7060,Refund Agent,101412.16,CRITICAL,CUSTOMER_REFUND
Follow-up collection workflow trigger with dynamic discount #8185,Collections Agent,21788.61,HIGH,DEBT_COLLECTION
Routine bi-weekly supplier invoice settlement for inventory batch #5871,Payout Agent,419970.1,LOW,SUPPLIER_SETTLEMENT
Liquidity pool re-allocation across multi-banking nodal accounts,Treasury Agent,551920.1,HIGH,LIQUIDITY_REBALANCE
Double charge correction and dispute refund for transaction #1687,Refund Agent,122284.09,MEDIUM,CUSTOMER_REFUND
Receivable discount fee for accelerated factoring liquidation,Collections Agent,14449.32,HIGH,DEBT_COLLECTION
Subscription cancellation charge reversal requested by user,Refund Agent,41803.43,CRITICAL,CUSTOMER_REFUND
Double charge correction and dispute refund for transaction #5726,Refund Agent,140941.53,HIGH,CUSTOMER_REFUND
Replenishment of working capital escrow reserve buffer,Treasury Agent,1033007.06,MEDIUM,LIQUIDITY_REBALANCE
Routine bi-weekly supplier invoice settlement for inventory batch #9334,Payout Agent,616148.55,LOW,SUPPLIER_SETTLEMENT
Yield optimization sweep of idle float to overnight liquid funds,Treasury Agent,853082.29,MEDIUM,LIQUIDITY_REBALANCE
Payment of hardware maintenance contract for warehouse 1422,Payout Agent,327155.42,HIGH,SUPPLIER_SETTLEMENT
Liquidity pool re-allocation across multi-banking nodal accounts,Treasury Agent,829251.45,CRITICAL,LIQUIDITY_REBALANCE
Influencer campaign budget deposit for festive season launch,Growth Agent,249982.28,CRITICAL,GROWTH_INVESTMENT
Receivable discount fee for accelerated factoring liquidation,Collections Agent,87127.76,HIGH,DEBT_COLLECTION
Urgent payment to critical supplier to release pending shipment,Payout Agent,608208.15,MEDIUM,SUPPLIER_SETTLEMENT
Urgent payment to critical supplier to release pending shipment,Payout Agent,430295.13,HIGH,SUPPLIER_SETTLEMENT
Collection agency recovery contingency disbursement,Collections Agent,89765.89,LOW,DEBT_COLLECTION
Collection agency recovery contingency disbursement,Collections Agent,35165.08,LOW,DEBT_COLLECTION
Routine bi-weekly supplier invoice settlement for inventory batch #3242,Payout Agent,489757.53,MEDIUM,SUPPLIER_SETTLEMENT
Full refund for returned defective electronic unit #8702,Refund Agent,23563.53,MEDIUM,CUSTOMER_REFUND
Receivable discount fee for accelerated factoring liquidation,Collections Agent,23864.43,LOW,DEBT_COLLECTION
Short-term liquid mutual fund redemption to bolster working cash,Treasury Agent,708046.29,CRITICAL,LIQUIDITY_REBALANCE
Short-term liquid mutual fund redemption to bolster working cash,Treasury Agent,154337.82,HIGH,LIQUIDITY_REBALANCE
Liquidity pool re-allocation across multi-banking nodal accounts,Treasury Agent,992800.48,CRITICAL,LIQUIDITY_REBALANCE
Inter-account treasury transfer from primary current to payroll reserve,Treasury Agent,1276968.59,HIGH,LIQUIDITY_REBALANCE
Escrow account setup for disputed receivable recovery,Collections Agent,61795.0,CRITICAL,DEBT_COLLECTION
Influencer campaign budget deposit for festive season launch,Growth Agent,100565.34,HIGH,GROWTH_INVESTMENT
Escrow account setup for disputed receivable recovery,Collections Agent,28502.64,CRITICAL,DEBT_COLLECTION
Disbursement for logistics partner freight clearing,Payout Agent,767236.65,LOW,SUPPLIER_SETTLEMENT
Affiliate partner commission prepayment for festival sprint,Growth Agent,398156.8,CRITICAL,GROWTH_INVESTMENT
Settlement waiver allocation for 90-day overdue merchant balance,Collections Agent,7751.44,HIGH,DEBT_COLLECTION
Short-term liquid mutual fund redemption to bolster working cash,Treasury Agent,185124.57,HIGH,LIQUIDITY_REBALANCE
Brand awareness campaign media buying for Q4,Growth Agent,226120.28,CRITICAL,GROWTH_INVESTMENT
Settlement waiver allocation for 90-day overdue merchant balance,Collections Agent,91675.03,HIGH,DEBT_COLLECTION
Legal notice issuance fee for delinquent enterprise account #6567,Collections Agent,65445.29,LOW,DEBT_COLLECTION
Customer referral bonus pool allocation,Growth Agent,149589.52,MEDIUM,GROWTH_INVESTMENT
Short-term liquid mutual fund redemption to bolster working cash,Treasury Agent,1427028.91,HIGH,LIQUIDITY_REBALANCE
Customer refund for damaged shipment order #1345,Refund Agent,120559.52,LOW,CUSTOMER_REFUND
Brand awareness campaign media buying for Q4,Growth Agent,344719.21,MEDIUM,GROWTH_INVESTMENT
Search engine marketing budget expansion for high-intent keywords,Growth Agent,427167.07,CRITICAL,GROWTH_INVESTMENT
Full refund for returned defective electronic unit #3644,Refund Agent,136687.41,HIGH,CUSTOMER_REFUND
Legal notice issuance fee for delinquent enterprise account #5074,Collections Agent,94301.31,LOW,DEBT_COLLECTION
Settlement of raw material invoice #9216 to primary vendor,Payout Agent,348453.06,CRITICAL,SUPPLIER_SETTLEMENT
Disbursement for logistics partner freight clearing,Payout Agent,276099.83,MEDIUM,SUPPLIER_SETTLEMENT
Customer refund for damaged shipment order #5463,Refund Agent,112737.39,CRITICAL,CUSTOMER_REFUND
Automated payment gateway collection retry incentive,Collections Agent,86888.45,LOW,DEBT_COLLECTION
Quarterly supplier retention bonus and milestone settlement,Payout Agent,61056.34,MEDIUM,SUPPLIER_SETTLEMENT
Quarterly supplier retention bonus and milestone settlement,Payout Agent,673603.79,HIGH,SUPPLIER_SETTLEMENT
Affiliate partner commission prepayment for festival sprint,Growth Agent,384567.51,HIGH,GROWTH_INVESTMENT
Customer referral bonus pool allocation,Growth Agent,94855.65,CRITICAL,GROWTH_INVESTMENT
Receivable discount fee for accelerated factoring liquidation,Collections Agent,13840.93,CRITICAL,DEBT_COLLECTION
Hedging collateral deposit for forex currency fluctuations,Treasury Agent,498192.18,MEDIUM,LIQUIDITY_REBALANCE
Early settlement discount incentive to collect overdue receivable,Collections Agent,74117.96,HIGH,DEBT_COLLECTION
Replenishment of working capital escrow reserve buffer,Treasury Agent,413685.2,LOW,LIQUIDITY_REBALANCE
Legal notice issuance fee for delinquent enterprise account #8325,Collections Agent,40133.05,LOW,DEBT_COLLECTION
Brand awareness campaign media buying for Q4,Growth Agent,414356.35,LOW,GROWTH_INVESTMENT
Disbursement for logistics partner freight clearing,Payout Agent,698620.79,CRITICAL,SUPPLIER_SETTLEMENT
Short-term liquid mutual fund redemption to bolster working cash,Treasury Agent,297862.79,CRITICAL,LIQUIDITY_REBALANCE
Short-term liquid mutual fund redemption to bolster working cash,Treasury Agent,1174371.87,HIGH,LIQUIDITY_REBALANCE
Receivable discount fee for accelerated factoring liquidation,Collections Agent,84260.73,LOW,DEBT_COLLECTION
Affiliate partner commission prepayment for festival sprint,Growth Agent,170665.2,MEDIUM,GROWTH_INVESTMENT
Emergency reserve replenishment following high outflow cycle,Treasury Agent,799741.65,MEDIUM,LIQUIDITY_REBALANCE
Customer referral bonus pool allocation,Growth Agent,281494.0,LOW,GROWTH_INVESTMENT
Quarterly supplier retention bonus and milestone settlement,Payout Agent,331764.54,LOW,SUPPLIER_SETTLEMENT
Subscription cancellation charge reversal requested by user,Refund Agent,30407.77,LOW,CUSTOMER_REFUND
Quarterly supplier retention bonus and milestone settlement,Payout Agent,178041.57,CRITICAL,SUPPLIER_SETTLEMENT
Chargeback resolution and customer refund reconciliation,Refund Agent,2379.52,LOW,CUSTOMER_REFUND
Receivable discount fee for accelerated factoring liquidation,Collections Agent,54635.61,HIGH,DEBT_COLLECTION
Inter-account treasury transfer from primary current to payroll reserve,Treasury Agent,506275.49,MEDIUM,LIQUIDITY_REBALANCE
Treasury rebalancing to maintain regulatory statutory reserve buffer,Treasury Agent,946324.89,CRITICAL,LIQUIDITY_REBALANCE
Legal notice issuance fee for delinquent enterprise account #6409,Collections Agent,93072.56,MEDIUM,DEBT_COLLECTION
Merchant store credit conversion to original payment refund,Refund Agent,48335.52,MEDIUM,CUSTOMER_REFUND
Merchant store credit conversion to original payment refund,Refund Agent,149003.24,LOW,CUSTOMER_REFUND
Search engine marketing budget expansion for high-intent keywords,Growth Agent,362320.33,CRITICAL,GROWTH_INVESTMENT
Influencer campaign budget deposit for festive season launch,Growth Agent,331237.74,MEDIUM,GROWTH_INVESTMENT
Urgent payment to critical supplier to release pending shipment,Payout Agent,308718.08,LOW,SUPPLIER_SETTLEMENT
Full refund for returned defective electronic unit #5656,Refund Agent,123292.41,CRITICAL,CUSTOMER_REFUND
Hedging collateral deposit for forex currency fluctuations,Treasury Agent,974301.31,CRITICAL,LIQUIDITY_REBALANCE
Search engine marketing budget expansion for high-intent keywords,Growth Agent,316687.61,LOW,GROWTH_INVESTMENT
Full refund for returned defective electronic unit #3921,Refund Agent,40177.7,LOW,CUSTOMER_REFUND
Chargeback resolution and customer refund reconciliation,Refund Agent,86772.7,HIGH,CUSTOMER_REFUND
Emergency reserve replenishment following high outflow cycle,Treasury Agent,335339.14,MEDIUM,LIQUIDITY_REBALANCE
Subscription cancellation charge reversal requested by user,Refund Agent,22356.67,CRITICAL,CUSTOMER_REFUND
Urgent payment to critical supplier to release pending shipment,Payout Agent,721965.01,LOW,SUPPLIER_SETTLEMENT
Merchant store credit conversion to original payment refund,Refund Agent,100061.49,HIGH,CUSTOMER_REFUND
Influencer campaign budget deposit for festive season launch,Growth Agent,302065.31,CRITICAL,GROWTH_INVESTMENT
Escrow account setup for disputed receivable recovery,Collections Agent,34617.37,HIGH,DEBT_COLLECTION
Replenishment of working capital escrow reserve buffer,Treasury Agent,1437504.17,HIGH,LIQUIDITY_REBALANCE
Chargeback resolution and customer refund reconciliation,Refund Agent,74023.93,HIGH,CUSTOMER_REFUND
Quarterly supplier retention bonus and milestone settlement,Payout Agent,183509.31,HIGH,SUPPLIER_SETTLEMENT
Follow-up collection workflow trigger with dynamic discount #7948,Collections Agent,25309.1,MEDIUM,DEBT_COLLECTION
Follow-up collection workflow trigger with dynamic discount #3932,Collections Agent,93653.28,LOW,DEBT_COLLECTION
Merchant store credit conversion to original payment refund,Refund Agent,79374.39,LOW,CUSTOMER_REFUND
Hedging collateral deposit for forex currency fluctuations,Treasury Agent,231751.88,HIGH,LIQUIDITY_REBALANCE
Performance marketing ad spend allocation on Google Ads,Growth Agent,65087.69,HIGH,GROWTH_INVESTMENT
Settlement waiver allocation for 90-day overdue merchant balance,Collections Agent,99595.1,HIGH,DEBT_COLLECTION
Performance marketing ad spend allocation on Google Ads,Growth Agent,438433.39,CRITICAL,GROWTH_INVESTMENT
Emergency reserve replenishment following high outflow cycle,Treasury Agent,343279.35,LOW,LIQUIDITY_REBALANCE
Urgent payment to critical supplier to release pending shipment,Payout Agent,509690.37,MEDIUM,SUPPLIER_SETTLEMENT
Double charge correction and dispute refund for transaction #2356,Refund Agent,63516.31,LOW,CUSTOMER_REFUND
Payment of hardware maintenance contract for warehouse 2021,Payout Agent,285677.41,HIGH,SUPPLIER_SETTLEMENT
Customer refund for damaged shipment order #6450,Refund Agent,125753.76,HIGH,CUSTOMER_REFUND
Partial refund due to discount coupon error at checkout,Refund Agent,3111.51,CRITICAL,CUSTOMER_REFUND
Early settlement discount incentive to collect overdue receivable,Collections Agent,23329.29,MEDIUM,DEBT_COLLECTION
Influencer campaign budget deposit for festive season launch,Growth Agent,249529.49,HIGH,GROWTH_INVESTMENT
Short-term liquid mutual fund redemption to bolster working cash,Treasury Agent,672952.12,LOW,LIQUIDITY_REBALANCE
Sponsorship fee for national fintech developer conference,Growth Agent,102971.56,CRITICAL,GROWTH_INVESTMENT
Replenishment of working capital escrow reserve buffer,Treasury Agent,223426.74,LOW,LIQUIDITY_REBALANCE
Subscription cancellation charge reversal requested by user,Refund Agent,48307.69,LOW,CUSTOMER_REFUND
Customer refund for damaged shipment order #4563,Refund Agent,96053.9,CRITICAL,CUSTOMER_REFUND
Routine bi-weekly supplier invoice settlement for inventory batch #6042,Payout Agent,677981.24,MEDIUM,SUPPLIER_SETTLEMENT
Full refund for returned defective electronic unit #1873,Refund Agent,57517.26,HIGH,CUSTOMER_REFUND
Full refund for returned defective electronic unit #3300,Refund Agent,85190.95,CRITICAL,CUSTOMER_REFUND
Goodwill refund for delayed order delivery breach SLA,Refund Agent,132651.72,MEDIUM,CUSTOMER_REFUND
Sponsorship fee for national fintech developer conference,Growth Agent,169045.31,CRITICAL,GROWTH_INVESTMENT
Brand awareness campaign media buying for Q4,Growth Agent,397566.74,CRITICAL,GROWTH_INVESTMENT
Customer refund for damaged shipment order #7318,Refund Agent,24199.93,MEDIUM,CUSTOMER_REFUND
Follow-up collection workflow trigger with dynamic discount #5729,Collections Agent,24707.46,HIGH,DEBT_COLLECTION
Routine bi-weekly supplier invoice settlement for inventory batch #5230,Payout Agent,213691.19,HIGH,SUPPLIER_SETTLEMENT
Settlement of raw material invoice #9471 to primary vendor,Payout Agent,543749.14,MEDIUM,SUPPLIER_SETTLEMENT
Automated payment gateway collection retry incentive,Collections Agent,60747.97,HIGH,DEBT_COLLECTION
Liquidity pool re-allocation across multi-banking nodal accounts,Treasury Agent,551320.87,LOW,LIQUIDITY_REBALANCE
Performance marketing ad spend allocation on Google Ads,Growth Agent,239633.49,HIGH,GROWTH_INVESTMENT
Influencer campaign budget deposit for festive season launch,Growth Agent,460916.97,HIGH,GROWTH_INVESTMENT
Merchant store credit conversion to original payment refund,Refund Agent,28737.95,LOW,CUSTOMER_REFUND
Escrow account setup for disputed receivable recovery,Collections Agent,74440.71,CRITICAL,DEBT_COLLECTION
Full refund for returned defective electronic unit #7114,Refund Agent,90540.35,CRITICAL,CUSTOMER_REFUND
Receivable discount fee for accelerated factoring liquidation,Collections Agent,97222.74,MEDIUM,DEBT_COLLECTION
Replenishment of working capital escrow reserve buffer,Treasury Agent,696251.92,HIGH,LIQUIDITY_REBALANCE
Liquidity pool re-allocation across multi-banking nodal accounts,Treasury Agent,329636.35,MEDIUM,LIQUIDITY_REBALANCE
Search engine marketing budget expansion for high-intent keywords,Growth Agent,108450.87,HIGH,GROWTH_INVESTMENT
Settlement of raw material invoice #6067 to primary vendor,Payout Agent,644647.58,MEDIUM,SUPPLIER_SETTLEMENT
Customer referral bonus pool allocation,Growth Agent,124403.94,LOW,GROWTH_INVESTMENT
Goodwill refund for delayed order delivery breach SLA,Refund Agent,45891.07,LOW,CUSTOMER_REFUND
Goodwill refund for delayed order delivery breach SLA,Refund Agent,66045.78,MEDIUM,CUSTOMER_REFUND
Partial refund due to discount coupon error at checkout,Refund Agent,72124.27,HIGH,CUSTOMER_REFUND
Payment of hardware maintenance contract for warehouse 7456,Payout Agent,574084.81,CRITICAL,SUPPLIER_SETTLEMENT
Escrow account setup for disputed receivable recovery,Collections Agent,77490.34,LOW,DEBT_COLLECTION
Automated payment gateway collection retry incentive,Collections Agent,77489.21,MEDIUM,DEBT_COLLECTION
Follow-up collection workflow trigger with dynamic discount #5639,Collections Agent,82880.15,CRITICAL,DEBT_COLLECTION
Liquidity pool re-allocation across multi-banking nodal accounts,Treasury Agent,200319.51,CRITICAL,LIQUIDITY_REBALANCE
Yield optimization sweep of idle float to overnight liquid funds,Treasury Agent,1339823.38,MEDIUM,LIQUIDITY_REBALANCE
Partial refund due to discount coupon error at checkout,Refund Agent,51637.79,LOW,CUSTOMER_REFUND
Liquidity pool re-allocation across multi-banking nodal accounts,Treasury Agent,1003808.18,MEDIUM,LIQUIDITY_REBALANCE
Legal notice issuance fee for delinquent enterprise account #1724,Collections Agent,25067.07,CRITICAL,DEBT_COLLECTION
Urgent payment to critical supplier to release pending shipment,Payout Agent,540533.7,CRITICAL,SUPPLIER_SETTLEMENT
Full refund for returned defective electronic unit #6096,Refund Agent,58635.51,CRITICAL,CUSTOMER_REFUND
Vendor payout for contract software engineering services,Payout Agent,184638.47,CRITICAL,SUPPLIER_SETTLEMENT
Replenishment of working capital escrow reserve buffer,Treasury Agent,1228720.51,HIGH,LIQUIDITY_REBALANCE
Quarterly supplier retention bonus and milestone settlement,Payout Agent,170662.83,MEDIUM,SUPPLIER_SETTLEMENT
Liquidity pool re-allocation across multi-banking nodal accounts,Treasury Agent,116224.12,CRITICAL,LIQUIDITY_REBALANCE
Early settlement discount incentive to collect overdue receivable,Collections Agent,45373.21,LOW,DEBT_COLLECTION
Emergency reserve replenishment following high outflow cycle,Treasury Agent,621955.44,CRITICAL,LIQUIDITY_REBALANCE
Brand awareness campaign media buying for Q4,Growth Agent,403472.63,CRITICAL,GROWTH_INVESTMENT
Liquidity pool re-allocation across multi-banking nodal accounts,Treasury Agent,310542.11,HIGH,LIQUIDITY_REBALANCE
Hedging collateral deposit for forex currency fluctuations,Treasury Agent,820854.8,CRITICAL,LIQUIDITY_REBALANCE
Early settlement discount incentive to collect overdue receivable,Collections Agent,31762.83,LOW,DEBT_COLLECTION
Escrow account setup for disputed receivable recovery,Collections Agent,9756.98,HIGH,DEBT_COLLECTION
Affiliate partner commission prepayment for festival sprint,Growth Agent,353748.33,LOW,GROWTH_INVESTMENT
Hedging collateral deposit for forex currency fluctuations,Treasury Agent,510535.56,CRITICAL,LIQUIDITY_REBALANCE
Payment of hardware maintenance contract for warehouse 6318,Payout Agent,273262.51,LOW,SUPPLIER_SETTLEMENT
Replenishment of working capital escrow reserve buffer,Treasury Agent,1124666.04,CRITICAL,LIQUIDITY_REBALANCE
Double charge correction and dispute refund for transaction #2377,Refund Agent,80712.79,MEDIUM,CUSTOMER_REFUND
Merchant store credit conversion to original payment refund,Refund Agent,134014.79,HIGH,CUSTOMER_REFUND
Legal notice issuance fee for delinquent enterprise account #9577,Collections Agent,59061.49,LOW,DEBT_COLLECTION
Urgent payment to critical supplier to release pending shipment,Payout Agent,78715.53,LOW,SUPPLIER_SETTLEMENT
Collection agency recovery contingency disbursement,Collections Agent,93106.85,HIGH,DEBT_COLLECTION
Settlement waiver allocation for 90-day overdue merchant balance,Collections Agent,22473.38,HIGH,DEBT_COLLECTION
Quarterly supplier retention bonus and milestone settlement,Payout Agent,645233.6,HIGH,SUPPLIER_SETTLEMENT
Search engine marketing budget expansion for high-intent keywords,Growth Agent,218406.37,CRITICAL,GROWTH_INVESTMENT
Chargeback resolution and customer refund reconciliation,Refund Agent,112283.6,MEDIUM,CUSTOMER_REFUND
Performance marketing ad spend allocation on Google Ads,Growth Agent,459385.88,HIGH,GROWTH_INVESTMENT
Performance marketing ad spend allocation on Google Ads,Growth Agent,143211.35,CRITICAL,GROWTH_INVESTMENT
Full refund for returned defective electronic unit #5375,Refund Agent,69903.74,HIGH,CUSTOMER_REFUND
Routine bi-weekly supplier invoice settlement for inventory batch #4683,Payout Agent,63554.69,HIGH,SUPPLIER_SETTLEMENT
Subscription cancellation charge reversal requested by user,Refund Agent,109496.43,CRITICAL,CUSTOMER_REFUND
Liquidity pool re-allocation across multi-banking nodal accounts,Treasury Agent,858041.09,CRITICAL,LIQUIDITY_REBALANCE
Yield optimization sweep of idle float to overnight liquid funds,Treasury Agent,576834.37,HIGH,LIQUIDITY_REBALANCE
Automated payment gateway collection retry incentive,Collections Agent,86163.82,CRITICAL,DEBT_COLLECTION
Double charge correction and dispute refund for transaction #7390,Refund Agent,39098.2,LOW,CUSTOMER_REFUND
Replenishment of working capital escrow reserve buffer,Treasury Agent,885856.03,HIGH,LIQUIDITY_REBALANCE
Routine bi-weekly supplier invoice settlement for inventory batch #9676,Payout Agent,326893.59,HIGH,SUPPLIER_SETTLEMENT
Customer referral bonus pool allocation,Growth Agent,63304.06,MEDIUM,GROWTH_INVESTMENT
Treasury rebalancing to maintain regulatory statutory reserve buffer,Treasury Agent,681550.19,LOW,LIQUIDITY_REBALANCE
Customer referral bonus pool allocation,Growth Agent,218877.95,MEDIUM,GROWTH_INVESTMENT
Collection agency recovery contingency disbursement,Collections Agent,42596.22,MEDIUM,DEBT_COLLECTION
Vendor payout for contract software engineering services,Payout Agent,698669.97,CRITICAL,SUPPLIER_SETTLEMENT
Liquidity pool re-allocation across multi-banking nodal accounts,Treasury Agent,1151793.29,CRITICAL,LIQUIDITY_REBALANCE
Hedging collateral deposit for forex currency fluctuations,Treasury Agent,1178699.54,LOW,LIQUIDITY_REBALANCE
Affiliate partner commission prepayment for festival sprint,Growth Agent,436575.46,CRITICAL,GROWTH_INVESTMENT
Receivable discount fee for accelerated factoring liquidation,Collections Agent,19911.94,MEDIUM,DEBT_COLLECTION
Receivable discount fee for accelerated factoring liquidation,Collections Agent,55603.24,HIGH,DEBT_COLLECTION
Automated payment gateway collection retry incentive,Collections Agent,41418.58,CRITICAL,DEBT_COLLECTION
Settlement waiver allocation for 90-day overdue merchant balance,Collections Agent,65459.6,MEDIUM,DEBT_COLLECTION
Subscription cancellation charge reversal requested by user,Refund Agent,141877.86,HIGH,CUSTOMER_REFUND
Short-term liquid mutual fund redemption to bolster working cash,Treasury Agent,897028.61,CRITICAL,LIQUIDITY_REBALANCE
Urgent payment to critical supplier to release pending shipment,Payout Agent,607224.03,CRITICAL,SUPPLIER_SETTLEMENT
Short-term liquid mutual fund redemption to bolster working cash,Treasury Agent,740876.46,MEDIUM,LIQUIDITY_REBALANCE
Merchant store credit conversion to original payment refund,Refund Agent,49085.91,HIGH,CUSTOMER_REFUND
Payment for Q3 vendor invoices regarding cloud infrastructure,Payout Agent,483201.69,CRITICAL,SUPPLIER_SETTLEMENT
Merchant store credit conversion to original payment refund,Refund Agent,119716.28,CRITICAL,CUSTOMER_REFUND
Replenishment of working capital escrow reserve buffer,Treasury Agent,1320919.64,MEDIUM,LIQUIDITY_REBALANCE
Merchant store credit conversion to original payment refund,Refund Agent,2025.61,LOW,CUSTOMER_REFUND
Escrow account setup for disputed receivable recovery,Collections Agent,11684.73,CRITICAL,DEBT_COLLECTION
Influencer campaign budget deposit for festive season launch,Growth Agent,371643.9,CRITICAL,GROWTH_INVESTMENT
Early settlement discount incentive to collect overdue receivable,Collections Agent,82107.93,LOW,DEBT_COLLECTION
Affiliate partner commission prepayment for festival sprint,Growth Agent,333170.69,CRITICAL,GROWTH_INVESTMENT
Collection agency recovery contingency disbursement,Collections Agent,18868.46,HIGH,DEBT_COLLECTION
Replenishment of working capital escrow reserve buffer,Treasury Agent,613050.31,HIGH,LIQUIDITY_REBALANCE
Goodwill refund for delayed order delivery breach SLA,Refund Agent,32302.66,LOW,CUSTOMER_REFUND
Influencer campaign budget deposit for festive season launch,Growth Agent,454637.89,CRITICAL,GROWTH_INVESTMENT
Full refund for returned defective electronic unit #6610,Refund Agent,44998.52,CRITICAL,CUSTOMER_REFUND
Customer referral bonus pool allocation,Growth Agent,305704.04,LOW,GROWTH_INVESTMENT
Double charge correction and dispute refund for transaction #9548,Refund Agent,43976.13,MEDIUM,CUSTOMER_REFUND
Brand awareness campaign media buying for Q4,Growth Agent,187998.23,MEDIUM,GROWTH_INVESTMENT
Hedging collateral deposit for forex currency fluctuations,Treasury Agent,1098310.37,HIGH,LIQUIDITY_REBALANCE
Double charge correction and dispute refund for transaction #3400,Refund Agent,91509.96,CRITICAL,CUSTOMER_REFUND
Search engine marketing budget expansion for high-intent keywords,Growth Agent,432913.62,HIGH,GROWTH_INVESTMENT
Customer refund for damaged shipment order #5250,Refund Agent,55260.11,CRITICAL,CUSTOMER_REFUND
Automated payment gateway collection retry incentive,Collections Agent,66165.89,HIGH,DEBT_COLLECTION
Treasury rebalancing to maintain regulatory statutory reserve buffer,Treasury Agent,1311572.16,CRITICAL,LIQUIDITY_REBALANCE
Merchant store credit conversion to original payment refund,Refund Agent,73115.77,CRITICAL,CUSTOMER_REFUND
Settlement of raw material invoice #6609 to primary vendor,Payout Agent,218618.88,MEDIUM,SUPPLIER_SETTLEMENT
Double charge correction and dispute refund for transaction #5559,Refund Agent,91687.54,LOW,CUSTOMER_REFUND
Partial refund due to discount coupon error at checkout,Refund Agent,69438.94,LOW,CUSTOMER_REFUND
Short-term liquid mutual fund redemption to bolster working cash,Treasury Agent,608984.46,LOW,LIQUIDITY_REBALANCE
Collection agency recovery contingency disbursement,Collections Agent,53204.57,HIGH,DEBT_COLLECTION
Replenishment of working capital escrow reserve buffer,Treasury Agent,725285.99,MEDIUM,LIQUIDITY_REBALANCE
Full refund for returned defective electronic unit #3993,Refund Agent,103765.16,MEDIUM,CUSTOMER_REFUND
Merchant store credit conversion to original payment refund,Refund Agent,6994.69,HIGH,CUSTOMER_REFUND
Hedging collateral deposit for forex currency fluctuations,Treasury Agent,1140354.63,LOW,LIQUIDITY_REBALANCE
Full refund for returned defective electronic unit #1997,Refund Agent,31952.07,MEDIUM,CUSTOMER_REFUND
Emergency reserve replenishment following high outflow cycle,Treasury Agent,237578.33,LOW,LIQUIDITY_REBALANCE
Influencer campaign budget deposit for festive season launch,Growth Agent,265234.57,CRITICAL,GROWTH_INVESTMENT
Payment of hardware maintenance contract for warehouse 4234,Payout Agent,124906.93,MEDIUM,SUPPLIER_SETTLEMENT
Emergency reserve replenishment following high outflow cycle,Treasury Agent,897060.98,CRITICAL,LIQUIDITY_REBALANCE
Payment of hardware maintenance contract for warehouse 4191,Payout Agent,491703.16,CRITICAL,SUPPLIER_SETTLEMENT
Vendor payout for contract software engineering services,Payout Agent,501015.61,CRITICAL,SUPPLIER_SETTLEMENT
Partial refund due to discount coupon error at checkout,Refund Agent,73008.67,HIGH,CUSTOMER_REFUND
Sponsorship fee for national fintech developer conference,Growth Agent,162059.9,HIGH,GROWTH_INVESTMENT
Hedging collateral deposit for forex currency fluctuations,Treasury Agent,256058.08,MEDIUM,LIQUIDITY_REBALANCE
Early settlement discount incentive to collect overdue receivable,Collections Agent,89869.88,CRITICAL,DEBT_COLLECTION
Automated payment gateway collection retry incentive,Collections Agent,11228.15,CRITICAL,DEBT_COLLECTION
Influencer campaign budget deposit for festive season launch,Growth Agent,204094.27,MEDIUM,GROWTH_INVESTMENT
Subscription cancellation charge reversal requested by user,Refund Agent,32769.25,HIGH,CUSTOMER_REFUND
Customer referral bonus pool allocation,Growth Agent,358135.84,MEDIUM,GROWTH_INVESTMENT
Inter-account treasury transfer from primary current to payroll reserve,Treasury Agent,318942.82,CRITICAL,LIQUIDITY_REBALANCE
Double charge correction and dispute refund for transaction #3574,Refund Agent,49526.51,CRITICAL,CUSTOMER_REFUND
Liquidity pool re-allocation across multi-banking nodal accounts,Treasury Agent,420213.04,HIGH,LIQUIDITY_REBALANCE
Receivable discount fee for accelerated factoring liquidation,Collections Agent,18773.72,HIGH,DEBT_COLLECTION
Brand awareness campaign media buying for Q4,Growth Agent,188607.6,CRITICAL,GROWTH_INVESTMENT
Early settlement discount incentive to collect overdue receivable,Collections Agent,10254.21,CRITICAL,DEBT_COLLECTION
Paid acquisition ad spend top-up on Meta and LinkedIn,Growth Agent,395171.87,LOW,GROWTH_INVESTMENT
Goodwill refund for delayed order delivery breach SLA,Refund Agent,44924.74,HIGH,CUSTOMER_REFUND
Urgent payment to critical supplier to release pending shipment,Payout Agent,643189.98,HIGH,SUPPLIER_SETTLEMENT
Short-term liquid mutual fund redemption to bolster working cash,Treasury Agent,964578.17,CRITICAL,LIQUIDITY_REBALANCE
Influencer campaign budget deposit for festive season launch,Growth Agent,159412.02,HIGH,GROWTH_INVESTMENT
Escrow account setup for disputed receivable recovery,Collections Agent,79216.65,CRITICAL,DEBT_COLLECTION
Legal notice issuance fee for delinquent enterprise account #5589,Collections Agent,98758.27,CRITICAL,DEBT_COLLECTION
Settlement of raw material invoice #1919 to primary vendor,Payout Agent,529721.5,HIGH,SUPPLIER_SETTLEMENT
Treasury rebalancing to maintain regulatory statutory reserve buffer,Treasury Agent,1393048.53,LOW,LIQUIDITY_REBALANCE
Automated payment gateway collection retry incentive,Collections Agent,35831.82,CRITICAL,DEBT_COLLECTION
Double charge correction and dispute refund for transaction #5896,Refund Agent,86539.13,LOW,CUSTOMER_REFUND
Legal notice issuance fee for delinquent enterprise account #6371,Collections Agent,59409.65,HIGH,DEBT_COLLECTION
Hedging collateral deposit for forex currency fluctuations,Treasury Agent,296654.59,LOW,LIQUIDITY_REBALANCE
Brand awareness campaign media buying for Q4,Growth Agent,386272.94,MEDIUM,GROWTH_INVESTMENT
Partial refund due to discount coupon error at checkout,Refund Agent,34924.66,HIGH,CUSTOMER_REFUND
Search engine marketing budget expansion for high-intent keywords,Growth Agent,164911.0,LOW,GROWTH_INVESTMENT
Subscription cancellation charge reversal requested by user,Refund Agent,64672.31,CRITICAL,CUSTOMER_REFUND
Payment for Q3 vendor invoices regarding cloud infrastructure,Payout Agent,330105.77,CRITICAL,SUPPLIER_SETTLEMENT
Urgent payment to critical supplier to release pending shipment,Payout Agent,419007.1,HIGH,SUPPLIER_SETTLEMENT
Settlement of raw material invoice #2509 to primary vendor,Payout Agent,780670.65,LOW,SUPPLIER_SETTLEMENT
Inter-account treasury transfer from primary current to payroll reserve,Treasury Agent,1284819.08,LOW,LIQUIDITY_REBALANCE
Emergency reserve replenishment following high outflow cycle,Treasury Agent,1152670.29,CRITICAL,LIQUIDITY_REBALANCE
Customer referral bonus pool allocation,Growth Agent,450210.1,MEDIUM,GROWTH_INVESTMENT
Influencer campaign budget deposit for festive season launch,Growth Agent,341527.94,HIGH,GROWTH_INVESTMENT
Settlement waiver allocation for 90-day overdue merchant balance,Collections Agent,43139.28,HIGH,DEBT_COLLECTION
Quarterly supplier retention bonus and milestone settlement,Payout Agent,56403.43,HIGH,SUPPLIER_SETTLEMENT
Automated payment gateway collection retry incentive,Collections Agent,86279.59,HIGH,DEBT_COLLECTION
Emergency reserve replenishment following high outflow cycle,Treasury Agent,1177898.96,HIGH,LIQUIDITY_REBALANCE
Inter-account treasury transfer from primary current to payroll reserve,Treasury Agent,1182188.8,MEDIUM,LIQUIDITY_REBALANCE
Paid acquisition ad spend top-up on Meta and LinkedIn,Growth Agent,61801.02,LOW,GROWTH_INVESTMENT
Partial refund due to discount coupon error at checkout,Refund Agent,49791.7,HIGH,CUSTOMER_REFUND
Goodwill refund for delayed order delivery breach SLA,Refund Agent,46136.5,CRITICAL,CUSTOMER_REFUND
Search engine marketing budget expansion for high-intent keywords,Growth Agent,397555.4,LOW,GROWTH_INVESTMENT
Merchant store credit conversion to original payment refund,Refund Agent,125289.43,CRITICAL,CUSTOMER_REFUND
Payment of hardware maintenance contract for warehouse 4417,Payout Agent,335312.42,CRITICAL,SUPPLIER_SETTLEMENT
Settlement waiver allocation for 90-day overdue merchant balance,Collections Agent,24535.07,CRITICAL,DEBT_COLLECTION
Replenishment of working capital escrow reserve buffer,Treasury Agent,1456941.29,LOW,LIQUIDITY_REBALANCE
Goodwill refund for delayed order delivery breach SLA,Refund Agent,141163.67,HIGH,CUSTOMER_REFUND
Affiliate partner commission prepayment for festival sprint,Growth Agent,144647.36,LOW,GROWTH_INVESTMENT
Treasury rebalancing to maintain regulatory statutory reserve buffer,Treasury Agent,457398.35,LOW,LIQUIDITY_REBALANCE
Early settlement discount incentive to collect overdue receivable,Collections Agent,41102.77,CRITICAL,DEBT_COLLECTION
Collection agency recovery contingency disbursement,Collections Agent,39237.28,HIGH,DEBT_COLLECTION
Quarterly supplier retention bonus and milestone settlement,Payout Agent,222019.13,LOW,SUPPLIER_SETTLEMENT
Escrow account setup for disputed receivable recovery,Collections Agent,95374.37,HIGH,DEBT_COLLECTION
Performance marketing ad spend allocation on Google Ads,Growth Agent,431336.66,MEDIUM,GROWTH_INVESTMENT
Yield optimization sweep of idle float to overnight liquid funds,Treasury Agent,826070.83,MEDIUM,LIQUIDITY_REBALANCE
Early settlement discount incentive to collect overdue receivable,Collections Agent,61639.43,MEDIUM,DEBT_COLLECTION
Brand awareness campaign media buying for Q4,Growth Agent,420462.82,CRITICAL,GROWTH_INVESTMENT
Double charge correction and dispute refund for transaction #9496,Refund Agent,144829.73,MEDIUM,CUSTOMER_REFUND
Influencer campaign budget deposit for festive season launch,Growth Agent,63491.06,MEDIUM,GROWTH_INVESTMENT
Affiliate partner commission prepayment for festival sprint,Growth Agent,459041.38,HIGH,GROWTH_INVESTMENT
Treasury rebalancing to maintain regulatory statutory reserve buffer,Treasury Agent,1196576.46,HIGH,LIQUIDITY_REBALANCE
Payment of hardware maintenance contract for warehouse 1560,Payout Agent,601213.13,MEDIUM,SUPPLIER_SETTLEMENT
Early settlement discount incentive to collect overdue receivable,Collections Agent,40818.49,MEDIUM,DEBT_COLLECTION
Subscription cancellation charge reversal requested by user,Refund Agent,52951.29,MEDIUM,CUSTOMER_REFUND
Quarterly supplier retention bonus and milestone settlement,Payout Agent,134307.94,CRITICAL,SUPPLIER_SETTLEMENT
Settlement waiver allocation for 90-day overdue merchant balance,Collections Agent,46839.5,LOW,DEBT_COLLECTION
Customer referral bonus pool allocation,Growth Agent,454797.05,HIGH,GROWTH_INVESTMENT
Partial refund due to discount coupon error at checkout,Refund Agent,55471.83,LOW,CUSTOMER_REFUND
Escrow account setup for disputed receivable recovery,Collections Agent,16954.13,MEDIUM,DEBT_COLLECTION
