amount,available_cash,required_reserve,pending_concurrent_outflows,agent_trust_score,agent_confidence,policy_violations,urgency_score,liquidity_ratio_before,projected_liquidity_ratio,global_projected_liquidity_ratio,reserve_shortfall,cross_agent_conflict_severity,risk_score,risk_category,recommended_decision
794459.8167226083,1649805.4660567674,342503.96716963477,594548.1902050327,82.31881598998959,0.7100969136200695,0,2.0,4.817,2.497,0.761,81706.51,0.539,29.5,LOW,MODIFY
1169008.5263547115,1386864.8465126355,593644.7744006038,534685.0907253304,70.67509861661014,0.8250951723395343,2,2.0,2.336,0.367,0.0,910473.54,1.0,91.4,CRITICAL,BLOCK
1022390.6198198207,461397.79867875116,369118.23894300096,598348.7540841968,87.1865117901323,0.846433287402445,1,2.0,1.25,0.0,0.0,1528459.81,1.0,84.7,CRITICAL,BLOCK
582123.8840801669,914174.4716507067,165811.8894123813,686144.3599695073,51.07714766334043,0.9391150779919766,3,4.0,5.513,2.003,0.0,519905.66,1.0,92.6,CRITICAL,BLOCK
150204.7629393854,1318362.6090962316,886937.2263089943,223444.15578520592,85.34215214367929,0.9603153961268561,0,2.0,1.486,1.317,1.065,0.0,0.038,17.1,LOW,ALLOW
804935.0951529675,1188021.4156312407,1045384.8949095577,273900.01871150325,70.62530240050657,0.6246159305793207,0,1.0,1.136,0.366,0.104,936198.59,1.0,77.0,HIGH,MODIFY
361898.9853582986,400046.5394295746,320037.2315436597,698645.3911520495,58.114793924252126,0.7701040019526066,3,1.0,1.25,0.119,0.0,980535.07,1.0,98.0,CRITICAL,BLOCK
933334.5197133414,455075.1649739075,364060.131979126,158941.69648535436,83.93115211190471,0.8049741285619524,1,1.0,1.25,0.0,0.0,1001261.18,1.0,85.6,CRITICAL,BLOCK
641735.387805377,614762.3810816596,491809.9048653277,299577.69607752434,45.90814632284207,0.6645978512437184,0,2.0,1.25,0.0,0.0,818360.61,1.0,91.2,CRITICAL,BLOCK
1139189.9387317798,701158.4839823984,560926.7871859188,237197.14516265623,93.15644056188438,0.9790834572486058,2,4.0,1.25,0.0,0.0,1236155.39,1.0,84.5,CRITICAL,BLOCK
852925.8599232978,739987.7771782613,251075.1533455734,534496.1363768897,52.316533181518885,0.8860495912962834,0,1.0,2.947,0.0,0.0,898509.37,1.0,84.4,CRITICAL,BLOCK
919865.5872553069,458824.8213058547,367059.85704468377,645590.6210926478,96.10372615398803,0.6945605944289485,1,4.0,1.25,0.0,0.0,1473691.24,1.0,80.5,CRITICAL,BLOCK
1156395.2392292737,1701792.247822383,245217.71151953802,220974.29716849525,92.66567150268696,0.6481538545573636,1,2.0,6.94,2.224,1.323,0.0,0.262,30.7,LOW,ALLOW
629538.1347856007,789445.0025214572,631556.0020171658,419392.7651799452,85.52782379153518,0.8333941347430098,0,4.0,1.25,0.253,0.0,891041.9,1.0,77.8,HIGH,MODIFY
93779.25237618365,1537241.1154066343,763396.0307200507,783194.3676128997,93.71986370146574,0.7331371042232352,0,1.0,2.014,1.891,0.865,103128.54,0.435,8.7,LOW,ALLOW
706124.5033924478,403107.63067317754,322486.10453854204,700993.8580379526,80.79477845925734,0.9098376894000814,1,2.0,1.25,0.0,0.0,1326496.84,1.0,84.9,CRITICAL,BLOCK
1039451.2309985888,1517166.752263672,1213733.4018109376,193034.07591200637,90.1479593905041,0.7928674026304227,1,4.0,1.25,0.394,0.235,929051.96,1.0,73.5,HIGH,MODIFY
871622.3174453283,1757301.0383986088,528274.8124535287,220692.50884492008,54.8485774902676,0.7980511851477888,0,3.0,3.326,1.677,1.259,0.0,0.495,40.6,MEDIUM,ALLOW
802097.899960335,1090956.9486863809,947963.9923988691,83172.36302675326,86.07439371011696,0.8763263445367377,0,4.0,1.151,0.305,0.217,742277.31,1.0,73.7,HIGH,MODIFY
138279.2382874206,1401602.6607800797,206836.66216018883,670564.5191287992,77.9179887942241,0.6384449242390242,0,2.0,6.776,6.108,2.866,0.0,0.054,10.2,LOW,ALLOW
947882.2581759962,1539757.5964909557,618861.011963855,681786.4266678272,73.82735042975295,0.803878502432538,2,4.0,2.488,0.956,0.0,708772.1,1.0,87.7,CRITICAL,BLOCK
1135680.2120913942,1220473.9952484358,182594.97136774444,79043.36030648249,94.31951187786825,0.9127391459872282,1,3.0,6.684,0.464,0.031,176844.55,1.0,75.7,HIGH,MODIFY
339192.6466729366,834281.210247004,667424.9681976032,626967.8416716999,59.14623178567044,0.8726507270073929,0,2.0,1.25,0.742,0.0,799304.25,1.0,80.9,CRITICAL,MODIFY
487571.83869518177,1185099.8890915248,584539.5535227018,278831.31373505725,88.11269769930409,0.9294407398621454,1,3.0,2.027,1.193,0.716,165842.82,0.584,39.7,MEDIUM,MODIFY
386675.6330142386,1649280.221054138,1453969.89589349,244668.13267051073,93.93610750581696,0.6352686690493388,0,4.0,1.134,0.868,0.7,436033.44,0.6,46.0,MEDIUM,MODIFY
587674.3489295746,563868.4114547423,451094.72916379385,269600.99819837505,65.8283768583166,0.7409706546691107,0,2.0,1.25,0.0,0.0,744501.66,1.0,82.9,CRITICAL,BLOCK
843271.6781969831,1247324.3039768161,997859.4431814529,448388.23256614024,84.64946408596154,0.8099192000879657,0,1.0,1.25,0.405,0.0,1042195.05,1.0,77.7,HIGH,MODIFY
491518.1368151939,1276344.888258391,1021075.9106067129,210696.03649238014,82.23739792458468,0.8078028234689076,0,4.0,1.25,0.769,0.562,446945.2,0.738,52.9,MEDIUM,MODIFY
536617.9051481149,347980.88210005546,278384.70568004437,32618.273770234475,72.33124576617551,0.8603333177949797,0,4.0,1.25,0.0,0.0,499640.0,0.267,68.1,HIGH,BLOCK
975715.1356861147,1775244.7143681254,744480.467398899,116301.35782014337,57.510794955321636,0.9761902882017333,1,4.0,2.385,1.074,0.918,61252.25,0.382,42.1,MEDIUM,MODIFY
500665.04315591644,1192207.0771237512,916915.6973028391,678323.820344039,74.2728411747321,0.844629492420168,2,4.0,1.3,0.754,0.014,903697.48,1.0,93.8,CRITICAL,BLOCK
323633.23512125376,1967449.1454299095,1234625.215324232,296182.80151197023,93.10311872962745,0.965399647068495,0,3.0,1.594,1.331,1.092,0.0,0.012,15.2,LOW,ALLOW
956712.9231285136,1689406.2040393085,1098287.0033629888,463166.7740867417,45.700663126108424,0.9578169870067034,3,4.0,1.538,0.667,0.245,828760.5,1.0,95.1,CRITICAL,BLOCK
424527.91902349726,1687328.7609768275,457562.9738877969,561715.588837659,97.61308774121326,0.9202202378524844,0,3.0,3.688,2.76,1.532,0.0,0.086,12.2,LOW,ALLOW
676350.8881157431,1915695.2201755305,381310.59430431935,447196.8331949566,43.395200162043096,0.7355652094325744,1,2.0,5.024,3.25,2.077,0.0,0.01,29.5,LOW,ALLOW
721308.8334654545,1813752.096220619,187228.9140774045,344664.0235437024,85.0975465522866,0.6520091469930155,0,4.0,9.687,5.835,3.994,0.0,0.046,16.1,LOW,ALLOW
614466.3694952328,618615.8286462966,494892.6629170373,325713.599587876,85.21171475825565,0.982269636435177,0,1.0,1.25,0.008,0.0,816456.8,1.0,80.8,CRITICAL,MODIFY
85718.19715521218,1594317.6564517387,245868.0840484658,330969.1532276889,49.51122594789284,0.6759013961779461,3,2.0,6.484,6.136,4.79,0.0,0.125,30.7,LOW,BLOCK
844105.0407986756,369490.5705978336,295592.4564782669,548282.44678647,87.48992296343205,0.7487033765882393,0,3.0,1.25,0.0,0.0,1318489.37,1.0,76.5,HIGH,BLOCK
309896.8195514482,519339.7110184528,415471.7688147623,72587.59250978458,55.36982848259983,0.6782368446766561,0,1.0,1.25,0.504,0.329,278616.47,0.971,71.8,HIGH,MODIFY
731329.7178035382,1142961.0927699662,177541.0282392553,785608.0982513927,43.489625843464545,0.7455273228678199,0,1.0,6.438,2.319,0.0,551517.75,1.0,76.5,HIGH,MODIFY
680403.9957080398,249776.40539458906,199821.12431567127,687486.8993126703,96.38699037709225,0.673508017273455,0,2.0,1.25,0.0,0.0,1317935.61,1.0,80.9,CRITICAL,BLOCK
194058.68853378878,374538.40650450264,299630.7252036021,299334.64273205405,50.43876901712096,0.7718720584771286,1,2.0,1.25,0.602,0.0,418485.65,1.0,92.5,CRITICAL,MODIFY
1122998.7237582498,1001191.604544334,800953.2836354673,710586.8337037048,86.82520103083206,0.6469104014695427,2,3.0,1.25,0.0,0.0,1633347.24,1.0,84.0,CRITICAL,BLOCK
128668.66776499702,1262191.3890039914,375970.1674082228,154527.7571886978,49.15990461292246,0.8391447284728264,0,4.0,3.357,3.015,2.604,0.0,0.139,16.9,LOW,ALLOW
669809.5952563111,1006284.045422226,307115.1975747336,270675.1540078054,61.57591712729261,0.6933860288154404,1,2.0,3.277,1.096,0.214,241315.9,1.0,75.8,HIGH,MODIFY
713448.5261704671,1387388.043655063,1168725.5630845872,678219.3274488676,45.36625497897895,0.8553736127541638,2,4.0,1.187,0.577,0.0,1173005.37,1.0,98.0,CRITICAL,BLOCK
918591.9077371762,708610.804204416,332892.1527018484,234367.3225894408,76.95401721561575,0.7576528534271132,0,4.0,2.129,0.0,0.0,777240.58,1.0,81.3,CRITICAL,BLOCK
927181.5186125097,750615.6481482555,600492.5185186045,616674.1888764644,81.23519756832582,0.8057445506318681,0,1.0,1.25,0.0,0.0,1393732.58,1.0,78.1,HIGH,BLOCK
772709.5895502553,1820497.4206409964,882762.4927016669,591405.6423184634,71.52323578037189,0.618410944097039,0,2.0,2.062,1.187,0.517,426380.3,0.783,50.1,MEDIUM,MODIFY
526226.8350188634,1682743.0314251008,1073623.252879843,406699.8632191684,90.10402712612685,0.798410777633051,0,1.0,1.567,1.077,0.698,323806.92,0.602,38.1,MEDIUM,MODIFY
772101.1587194374,566494.8202035975,429094.8709178432,12474.167616569253,94.40309397509571,0.6803516372377058,0,3.0,1.32,0.0,0.0,647175.38,0.201,55.6,MEDIUM,BLOCK
1184631.7382454854,1696347.2693812195,1478942.6527099905,661257.7690385092,61.935242869983895,0.9267370512095385,0,2.0,1.147,0.346,0.0,1628484.89,1.0,85.4,CRITICAL,MODIFY
819670.9058354965,664733.5334681019,531786.8267744816,568137.9429325066,93.22318092692818,0.7207983069114517,2,3.0,1.25,0.0,0.0,1254862.14,1.0,86.4,CRITICAL,BLOCK
1012734.7515693322,1682398.858253298,659127.8789596037,151597.21265271085,85.97429539117793,0.6988359385285567,0,4.0,2.552,1.016,0.786,141060.98,0.514,32.0,LOW,MODIFY
199119.3622621774,326943.8382064901,261555.0705651921,632952.0373853254,43.923518581823664,0.8094064850932183,0,3.0,1.25,0.489,0.0,766682.63,1.0,90.0,CRITICAL,MODIFY
321184.03568197443,715590.1261602988,572472.1009282391,608791.4295160812,63.299468387289124,0.9453838575241742,0,1.0,1.25,0.689,0.0,786857.44,1.0,84.5,CRITICAL,MODIFY
568058.8158949878,428807.0539594143,343045.64316753147,87475.1157248415,53.49005966815236,0.9249069462071724,0,1.0,1.25,0.0,0.0,569772.52,1.0,84.3,CRITICAL,BLOCK
720431.7568634496,988595.4106526328,342724.2558206033,32841.52545259449,95.08331989283516,0.8990481706712988,0,2.0,2.885,0.782,0.687,107402.13,0.417,36.8,MEDIUM,MODIFY
77149.51005325545,1031663.7677041346,825331.0141633077,304027.47483907646,95.86245607746042,0.7971818927289788,0,2.0,1.25,1.157,0.788,174844.23,0.512,19.1,LOW,ALLOW
1013672.5405042885,245557.4122697648,196445.92981581186,481328.04351184727,56.98058570812892,0.6628282188319544,0,3.0,1.25,0.0,0.0,1445889.1,1.0,85.1,CRITICAL,BLOCK
1120032.670667551,1313455.2053873867,379385.5766021246,296297.71732348215,48.46570212535305,0.6404791132128498,0,4.0,3.462,0.51,0.0,482260.76,1.0,86.0,CRITICAL,MODIFY
51882.312675789806,1742605.4224679805,1178937.937678299,436466.02674677374,41.16780816974412,0.9213593782873188,0,4.0,1.478,1.434,1.064,0.0,0.042,21.8,LOW,ALLOW
739004.1170086737,1546524.9331876952,1071889.5831127402,276117.00284559187,98.29067130062845,0.7774438696120705,2,2.0,1.443,0.753,0.496,540485.77,0.804,62.9,HIGH,BLOCK
879864.4565603156,602911.7037350931,537265.7392924712,770431.7508183122,62.91865486613875,0.7003122721162112,0,1.0,1.122,0.0,0.0,1584650.24,1.0,83.9,CRITICAL,BLOCK
1056967.9797767345,276598.7994363733,221279.03954909864,681346.9185053444,98.26187271424848,0.64875944605211,0,2.0,1.25,0.0,0.0,1682995.14,1.0,78.1,HIGH,BLOCK
538232.5371602566,951906.1269540098,761524.9015632079,310754.2840452024,61.450055449681564,0.7271442840210768,0,2.0,1.25,0.543,0.135,658605.6,1.0,76.9,HIGH,MODIFY
877875.091542288,1223095.8681574722,978476.6945259778,627300.6237678304,61.44147940815169,0.7807166127398621,1,4.0,1.25,0.353,0.0,1260556.54,1.0,89.0,CRITICAL,MODIFY
655966.16049232,907093.2094335307,784813.8078799675,361855.84843349614,93.37588775262523,0.9727358088052667,1,4.0,1.156,0.32,0.0,895542.61,1.0,79.7,HIGH,MODIFY
467305.6961981591,1193047.5324531225,361571.1181650271,414000.6865965355,50.638598767286226,0.7727623332984432,0,4.0,3.3,2.007,0.862,49829.97,0.438,32.4,LOW,MODIFY
925395.6360777337,1970538.59936259,1068850.7248501584,512990.51285908505,73.92907942183075,0.9123263531710639,0,3.0,1.844,0.978,0.498,536698.27,0.802,54.8,MEDIUM,MODIFY
386295.37788276415,434999.1513246034,347999.32105968276,746416.1739551581,76.12716894823834,0.8867738727104171,1,1.0,1.25,0.14,0.0,1045711.72,1.0,87.0,CRITICAL,MODIFY
72775.72001885816,215603.62917415207,172482.90333932167,682080.7402726827,58.48433899106231,0.9517034652017919,0,2.0,1.25,0.828,0.0,711735.73,1.0,87.6,CRITICAL,MODIFY
385445.03900635045,318841.55164131604,255073.24131305283,723612.1167436511,66.35040451608711,0.73206210117344,0,3.0,1.25,0.0,0.0,1045288.85,1.0,80.3,CRITICAL,BLOCK
504071.18485081306,1821470.7045630394,355222.80723152007,425844.14428610494,76.47904466220076,0.661729364388056,0,4.0,5.128,3.709,2.51,0.0,0.105,11.3,LOW,ALLOW
1135028.164196827,648901.6350882091,303036.5936176722,727347.8594118588,45.72706709492756,0.6153575549489521,2,4.0,2.141,0.0,0.0,1516510.98,1.0,98.0,CRITICAL,BLOCK
983362.5280949266,235917.41513547048,188733.9321083764,744753.744846204,74.5085810552739,0.6709151295159759,2,4.0,1.25,0.0,0.0,1680932.79,1.0,94.9,CRITICAL,BLOCK
1064923.9394088248,1794086.9525939072,1483550.653344126,55111.99341556709,47.96166062964376,0.7170407710535491,0,2.0,1.209,0.491,0.454,809499.63,0.846,69.7,HIGH,MODIFY
432107.10151006974,1627007.3600692388,1211879.294456155,786856.733556495,69.19024388448429,0.842526255901967,0,2.0,1.343,0.986,0.337,803835.77,0.963,65.4,HIGH,MODIFY
1086093.047856918,1124161.0341105051,899328.8272884041,18755.47462468772,58.79548550727354,0.6650839485249245,0,3.0,1.25,0.042,0.021,880016.32,0.279,71.7,HIGH,MODIFY
1047727.630616098,799253.9554260179,192354.63981611503,741236.1241827586,40.62999489414568,0.8237245151213761,0,2.0,4.155,0.0,0.0,1182064.44,1.0,92.1,CRITICAL,BLOCK
839258.7491603115,264769.6841621316,211815.7473297053,268507.92984243564,87.38561582000902,0.9329143977725856,1,4.0,1.25,0.0,0.0,1054812.74,1.0,84.0,CRITICAL,BLOCK
239555.08516511467,823230.3715825884,503143.7147089584,225312.90809316945,44.91506141340795,0.7754509464526376,0,3.0,1.636,1.16,0.712,144781.34,0.588,46.8,MEDIUM,MODIFY
690571.4812407932,518792.9918773392,237694.87893513043,189556.2635593216,45.1558375131915,0.6294105018955591,1,3.0,2.183,0.0,0.0,599029.63,1.0,97.0,CRITICAL,BLOCK
1046905.7612362548,481238.82300376025,384991.0584030082,368610.39776207745,91.53068470599604,0.9065913367966253,0,1.0,1.25,0.0,0.0,1319268.39,1.0,73.3,HIGH,BLOCK
825865.1873272667,364854.66813232034,291883.7345058563,168175.23270844595,82.30177140746494,0.7508913700651968,0,2.0,1.25,0.0,0.0,921069.49,1.0,79.3,HIGH,BLOCK
231417.20733315073,1978273.2419039358,967368.0641015609,230450.79548099477,79.89340071318232,0.9373532083313956,0,2.0,2.045,1.806,1.568,0.0,0.076,11.0,LOW,ALLOW
233956.23365482074,423218.55325372936,338574.8426029835,678893.0435264435,84.62088822220895,0.6888090627889721,0,3.0,1.25,0.559,0.0,828205.57,1.0,79.6,HIGH,MODIFY
991117.5989379231,713725.4267399369,570980.3413919496,588354.5234249275,71.3024998561442,0.8553884452381497,3,3.0,1.25,0.0,0.0,1436727.04,1.0,96.3,CRITICAL,BLOCK
1084205.2214009156,310915.2310565811,248732.18484526488,48323.181985887146,84.58335732105752,0.76773696386204,0,4.0,1.25,0.0,0.0,1070345.36,0.204,63.8,HIGH,BLOCK
440160.94625525473,1258649.5219803972,1006919.6175843178,544864.6521896533,80.01353749333671,0.625692736968312,0,3.0,1.25,0.813,0.272,733295.69,1.0,69.8,HIGH,MODIFY
918460.8502836083,1064807.8536003686,824588.156531257,250779.7392959409,98.94674821163112,0.67421116992059,0,1.0,1.291,0.177,0.0,929020.89,1.0,76.4,HIGH,MODIFY
957539.4676425538,1783954.3732326655,587896.4975226829,756170.51108048,63.79125926907217,0.9387861093181739,0,2.0,3.034,1.406,0.119,517652.1,1.0,70.6,HIGH,MODIFY
1187816.939321146,450977.6474451836,360782.1179561469,505754.4299923415,63.56567689461181,0.6054405643001847,1,2.0,1.25,0.0,0.0,1603375.84,1.0,89.0,CRITICAL,BLOCK
198396.4432119677,555961.6717623562,444769.33740988496,663822.5314330802,90.37506483055941,0.7082911422015601,0,4.0,1.25,0.804,0.0,751026.64,1.0,73.0,HIGH,MODIFY
81114.89586911787,487677.16942143324,390141.7355371466,769151.5332818717,43.94745867866329,0.7260801751565142,0,3.0,1.25,1.042,0.0,752731.0,1.0,78.1,HIGH,MODIFY
593703.1784313278,1089616.8578156806,442145.200908678,765485.371995018,77.25900768755034,0.7320463984152601,0,4.0,2.464,1.122,0.0,711716.89,1.0,75.0,HIGH,MODIFY
454292.08621738764,1153346.0967795164,610481.2754573048,550811.5998750778,47.55987743142608,0.8204777986442147,0,1.0,1.889,1.145,0.243,462238.86,1.0,71.0,HIGH,MODIFY
287791.63601304503,577020.7799988845,461616.6239991076,697499.0242871884,58.439685451972586,0.9571377854177177,3,3.0,1.25,0.627,0.0,869886.5,1.0,98.0,CRITICAL,BLOCK
161288.08870102413,795909.2964007942,412409.9919014077,257466.20167252488,77.32822216871546,0.978742916252006,0,2.0,1.93,1.539,0.915,35254.99,0.385,21.2,LOW,MODIFY
383017.45756002475,1213936.436515708,971149.1492125664,704582.5308298031,62.66445724860837,0.6578586289525533,0,4.0,1.25,0.856,0.13,844812.7,1.0,78.5,HIGH,MODIFY
89641.28199880607,1904859.7121603112,1132566.2181460103,311661.1825074745,51.397721586269235,0.9002788193354162,1,3.0,1.682,1.603,1.328,0.0,0.127,20.2,LOW,ALLOW
991555.7685388363,1339525.6773046835,591739.4100191282,386042.49693082506,48.62109159110018,0.706375451185557,0,3.0,2.264,0.588,0.0,629812.0,1.0,88.6,CRITICAL,MODIFY
1149693.577879771,1683445.5956467348,1021886.1297075697,478069.75010085944,47.101382668625966,0.8860337680102851,1,2.0,1.647,0.522,0.054,966203.86,1.0,91.5,CRITICAL,MODIFY
843768.8514152018,646807.645434713,517446.11634777044,682160.8067209363,57.59244378207836,0.6796536098136249,0,1.0,1.25,0.0,0.0,1396568.13,1.0,87.8,CRITICAL,BLOCK
1092669.8825630986,341677.40988386393,273341.92790709116,118091.79453066045,76.927502353036,0.8165531013251959,0,3.0,1.25,0.0,0.0,1142426.2,1.0,78.9,HIGH,BLOCK
549466.8462788142,696709.0096772107,557367.2077417686,130320.87437200746,47.583605289797624,0.9728811684743532,0,3.0,1.25,0.264,0.03,540445.92,1.0,87.3,CRITICAL,MODIFY
664651.2716286156,767483.7164375767,613986.9731500613,503112.27103626495,78.1333707355646,0.7542597022609366,0,1.0,1.25,0.167,0.0,1014266.8,1.0,81.2,CRITICAL,MODIFY
618932.96239132,1561684.4745230176,203164.98907208795,578221.3373021497,82.10618325159056,0.7937038776644496,2,2.0,7.687,4.64,1.794,0.0,0.245,33.6,LOW,BLOCK
1167060.1267734647,623024.4753163079,498419.5802530463,270526.4394352359,64.34586552732299,0.8928317702348145,0,1.0,1.25,0.0,0.0,1312981.67,1.0,84.1,CRITICAL,BLOCK
989186.6821532974,912782.302873253,359228.4119869145,651491.3213685426,66.46139060992425,0.6449471676161735,2,3.0,2.541,0.0,0.0,1087124.11,1.0,95.0,CRITICAL,BLOCK
912648.0136578687,1061647.818061044,206937.43225672247,759972.8176154537,96.31084018467743,0.65369251426479,0,4.0,5.13,0.72,0.0,817910.45,1.0,74.9,HIGH,MODIFY
595750.4440693603,234660.31639609096,187728.25311687277,535713.6590167413,81.1303599587186,0.8145121217258646,0,1.0,1.25,0.0,0.0,1084532.04,1.0,77.3,HIGH,BLOCK
702084.0269264568,212874.27268092884,170299.41814474307,294494.58425729646,93.01615925068529,0.6640298798300384,0,1.0,1.25,0.0,0.0,954003.76,1.0,75.1,HIGH,BLOCK
249887.24103170662,1119583.3228465586,365815.4843524855,486094.8101060284,59.73465871476064,0.7275526525839564,0,1.0,3.061,2.377,1.049,0.0,0.395,29.1,LOW,ALLOW
926319.8323009318,1941922.5929121338,1056992.601163215,163672.04895515463,46.64891584558744,0.7511063051507471,0,2.0,1.837,0.961,0.806,205061.89,0.494,43.5,MEDIUM,MODIFY
812305.5362333914,1545091.4676301002,1274455.092706995,709321.7229441295,88.25375726743687,0.7407659453963794,0,2.0,1.212,0.575,0.018,1250990.88,1.0,79.3,HIGH,MODIFY
378782.86283246276,654198.6390221932,523358.91121775453,173138.84395114894,50.67422967226149,0.7302334854042347,0,4.0,1.25,0.526,0.195,421081.98,1.0,81.9,CRITICAL,MODIFY
1105774.5515935263,903357.9042797041,722686.3234237633,384140.4590656153,75.2076821016908,0.9100512384984245,0,2.0,1.25,0.0,0.0,1309243.43,1.0,80.5,CRITICAL,BLOCK
447979.220049212,1930175.1143267523,281264.10448756866,516617.69265404606,97.28547169243376,0.8893201295421527,0,3.0,6.863,5.27,3.433,0.0,0.063,10.2,LOW,ALLOW
1065960.739479265,672906.1784034204,538324.9427227363,640445.3868542078,52.0752916268943,0.9585684800767661,1,1.0,1.25,0.0,0.0,1571824.89,1.0,90.7,CRITICAL,BLOCK
1064863.606839885,1504656.2539238115,764580.1795588351,555934.8616447735,56.114938683315685,0.6087979895928645,0,1.0,1.968,0.575,0.0,880722.39,1.0,86.9,CRITICAL,MODIFY
45578.756587369564,317283.97991932987,253827.1839354639,397938.74879173946,88.99662176129515,0.7608454585690716,3,1.0,1.25,1.07,0.0,380060.71,1.0,83.1,CRITICAL,BLOCK
1156195.6339900938,681111.9887526568,544889.5910021255,150455.85176240496,80.69083682024001,0.9160380316582317,3,1.0,1.25,0.0,0.0,1170429.09,1.0,90.2,CRITICAL,BLOCK
1019663.3148462019,1079349.723648539,462553.1901867582,37835.62354157626,61.47805290085482,0.8332391400877079,0,4.0,2.333,0.129,0.047,440702.4,0.363,65.8,HIGH,MODIFY
391646.3734573274,1507157.4851262814,880035.470401415,511451.34774916014,64.01309709447474,0.8262825986496648,0,3.0,1.713,1.268,0.686,275975.71,0.614,40.8,MEDIUM,MODIFY
814095.729479936,1410784.2963411405,1128627.4370729125,326260.6225033333,96.72179852031893,0.6337137682351413,0,2.0,1.25,0.529,0.24,858199.49,1.0,66.5,HIGH,MODIFY
1035541.9529199736,1039799.3133320193,831839.4506656155,131420.92162216245,42.52258824753591,0.7974776226143276,1,2.0,1.25,0.005,0.0,959003.01,1.0,95.1,CRITICAL,MODIFY
960495.3025482162,1697623.5638605729,365227.758876846,111617.04049844721,88.15923499870591,0.6802669873954903,0,1.0,4.648,2.018,1.713,0.0,0.447,29.7,LOW,ALLOW
665033.7913700785,1235836.2645452684,493868.17039237986,753831.888226878,83.6429645745468,0.8667641690135275,1,4.0,2.502,1.156,0.0,676897.59,1.0,79.3,HIGH,MODIFY
477431.6778085752,910928.9343775647,728743.1475020518,461615.5466504952,84.23975259119203,0.8682423673801909,3,2.0,1.25,0.595,0.0,756861.44,1.0,94.8,CRITICAL,BLOCK
234114.04767841284,1701828.7036500655,1358566.3752032856,476.8961261721216,86.82204570760985,0.7967593237904811,0,2.0,1.253,1.08,1.08,0.0,0.137,22.5,LOW,ALLOW
259000.38894221614,1560441.027067719,558857.7685062821,510598.8925492001,96.14148373197888,0.6744925627795397,0,3.0,2.792,2.329,1.415,0.0,0.018,4.4,LOW,ALLOW
1141705.0618049055,328405.07120370364,262724.0569629629,337534.0220026648,61.093343079339846,0.7571703156390912,0,3.0,1.25,0.0,0.0,1413558.07,1.0,83.9,CRITICAL,BLOCK
1104271.2710748834,746815.8958207292,597452.7166565834,508175.68072559335,75.00683506928844,0.8648557947696749,3,4.0,1.25,0.0,0.0,1463083.77,1.0,95.6,CRITICAL,BLOCK
466668.7740085449,1461136.7050742765,1312586.0778769318,431213.8424503051,45.782402254189535,0.8685505453421074,0,3.0,1.113,0.758,0.429,749331.99,0.871,73.7,HIGH,MODIFY
113326.06110794413,1932982.8685328895,1174716.7905638502,201725.10471186013,45.43088152181294,0.6957019124364008,1,1.0,1.645,1.549,1.377,0.0,0.068,23.3,LOW,ALLOW
378678.1579079081,1971200.444137328,196361.9022509298,621731.017256022,90.42388941065028,0.6844565880995224,0,1.0,10.039,8.11,4.944,0.0,0.103,10.3,LOW,ALLOW
92228.53450079558,250824.34627390438,200659.4770191235,144986.62032592282,56.20972774275192,0.8203694830938388,1,1.0,1.25,0.79,0.068,187050.29,1.0,87.6,CRITICAL,MODIFY
547553.8592721035,1130125.3846584125,384790.21614829707,682844.0497085224,42.3491731146493,0.8344369356278485,0,2.0,2.937,1.514,0.0,485062.74,1.0,79.0,HIGH,MODIFY
788107.1273046572,897146.6213191464,717717.2970553171,141305.28433598677,62.22645694455956,0.7178878847602332,0,4.0,1.25,0.152,0.0,749983.09,1.0,82.8,CRITICAL,MODIFY
130829.88750692898,1461404.047209576,1169123.2377676608,111364.24620150925,83.68102718702718,0.9692022473814363,0,4.0,1.25,1.138,1.043,0.0,0.074,19.6,LOW,ALLOW
448263.07487078063,1475135.851989056,1180108.6815912449,434787.70319418964,64.6988508622782,0.6130793757645179,0,4.0,1.25,0.87,0.502,588023.61,0.798,66.1,HIGH,MODIFY
299446.0311448076,1054325.9287058455,834603.3166424967,742294.2094536601,48.11410910740227,0.6094026173888011,0,2.0,1.263,0.904,0.015,822017.63,1.0,88.5,CRITICAL,MODIFY
322977.95309630694,1993736.7944617122,653977.7688864428,53455.10823050361,86.60989165842159,0.6723489722388014,0,1.0,3.049,2.555,2.473,0.0,0.035,5.3,LOW,ALLOW
81392.84347842081,1462653.0237740097,165111.38828105514,630469.6739445055,46.65240240059215,0.8597053649551878,0,1.0,8.859,8.366,4.547,0.0,0.046,17.6,LOW,ALLOW
264137.65187944274,638617.0651693211,510893.6521354569,531229.0815994713,68.21825076822435,0.6835077710347498,0,1.0,1.25,0.733,0.0,667643.32,1.0,81.6,CRITICAL,MODIFY
90912.8802154152,1117762.206954693,894209.7655637544,410707.6703898127,98.2543411722989,0.8208013896215391,0,4.0,1.25,1.148,0.689,278068.11,0.611,28.5,LOW,MODIFY
81010.8901211725,605615.6880435059,504332.4112789964,345496.82761972485,91.3694548674581,0.9044464798562619,0,3.0,1.201,1.04,0.355,325224.44,0.945,53.7,MEDIUM,MODIFY
161518.3571014203,1760483.7671257397,1160621.4838112567,491916.6204296821,86.63758803951211,0.946610215071942,0,2.0,1.517,1.378,0.954,53572.69,0.346,10.4,LOW,MODIFY
723787.9227607524,1094840.271708209,251324.80177433084,333853.14980944374,73.13951370124308,0.8747450057994103,1,1.0,4.356,1.476,0.148,214125.6,1.0,73.0,HIGH,MODIFY
1101361.811580988,1036112.7672366824,828890.2137893459,242797.51084044258,71.58216625982863,0.7275642290602434,0,4.0,1.25,0.0,0.0,1136936.77,1.0,82.2,CRITICAL,BLOCK
837346.9783859203,1768086.295657708,1079409.780695345,738763.1993423926,75.70708424122013,0.8577934420590718,0,4.0,1.638,0.862,0.178,887433.66,1.0,72.4,HIGH,MODIFY
743476.3246128364,1955407.9712654504,869197.804092964,50347.49657865128,77.11816098410253,0.9643227384670672,1,2.0,2.25,1.394,1.336,0.0,0.047,28.0,LOW,ALLOW
626029.3961656028,751425.7382253093,601140.5905802475,329231.39499737107,55.570698792247995,0.7653007638542131,0,2.0,1.25,0.209,0.0,804975.64,1.0,89.4,CRITICAL,MODIFY
858019.0343104552,541938.8907908356,433551.1126326685,442322.5541182904,52.06340468737339,0.7804492685711542,0,1.0,1.25,0.0,0.0,1191953.81,1.0,87.6,CRITICAL,BLOCK
227862.62211095667,1621901.0467842193,1271025.506075116,517981.8678473084,69.32038559857695,0.6957971873338207,0,3.0,1.276,1.097,0.689,394968.95,0.611,41.5,MEDIUM,MODIFY
95739.79214219352,814518.9781741189,493879.71399782645,99543.42226096209,62.2171591965389,0.8147665352650608,0,1.0,1.649,1.455,1.254,0.0,0.028,17.5,LOW,ALLOW
70681.71767948111,1221416.553533731,418906.52037185896,342165.83745546767,97.92010302755249,0.8321559920322215,0,4.0,2.916,2.747,1.93,0.0,0.047,2.0,LOW,ALLOW
58831.1923156522,1568223.9580328732,1254579.1664262987,56223.984225726206,46.34023604810946,0.8087368283024547,0,1.0,1.25,1.203,1.158,0.0,0.139,19.4,LOW,ALLOW
21728.75689420191,1804360.7696036585,914865.9082564551,270084.71475145966,76.837241347542,0.7080977837058406,0,2.0,1.972,1.949,1.653,0.0,0.033,6.7,LOW,ALLOW
291271.1747774962,1870132.7710949513,627294.4423186539,18363.2526022806,74.46308045600615,0.8973169773500427,0,4.0,2.981,2.517,2.488,0.0,0.03,9.1,LOW,ALLOW
556812.8695743723,1721688.0837941465,448314.20612881385,132514.0469782661,50.23904348269035,0.6859332308098194,0,2.0,3.84,2.598,2.303,0.0,0.101,22.0,LOW,ALLOW
286295.0690048655,1729261.179984107,752323.0276113267,677825.7672905751,64.10354223126974,0.7732118968858253,0,4.0,2.299,1.918,1.017,0.0,0.128,23.4,LOW,ALLOW
1051424.5888105265,1411960.0928182579,739477.8908486923,273830.98794269573,41.22223259093535,0.7979481402046885,0,4.0,1.909,0.488,0.117,652773.37,1.0,86.2,CRITICAL,MODIFY
841725.3262035649,1466221.4975002594,961287.2897078741,302131.415417085,86.49612714228311,0.6807810551300053,0,4.0,1.525,0.65,0.335,638922.53,0.965,63.2,HIGH,MODIFY
1054499.3744712956,1817214.6872849155,662249.4806393094,768524.0627782105,80.50303828850885,0.8196905538826318,0,1.0,2.744,1.152,0.0,668058.23,1.0,72.3,HIGH,MODIFY
463355.40990820527,899965.7811893651,615998.6025493798,392765.97759897617,82.72653084452693,0.9545833337710332,0,3.0,1.461,0.709,0.071,572154.21,1.0,76.1,HIGH,MODIFY
198136.8576777322,1840877.5612322863,500809.76967525866,175309.41875962575,74.54418037873154,0.8016962192479598,0,2.0,3.676,3.28,2.93,0.0,0.127,12.2,LOW,ALLOW
1099861.4022055033,1569278.4340042197,271462.87675642315,73901.42450004787,81.02345488679869,0.6195253781799416,0,3.0,5.781,1.729,1.457,0.0,0.336,27.4,LOW,ALLOW
282615.5138556853,701324.2287026024,561059.3829620819,249278.67750304218,70.70997019812431,0.6904080977291311,0,1.0,1.25,0.746,0.302,391629.35,0.998,72.9,HIGH,MODIFY
891902.9705924784,1769290.1932962982,1320189.5182657007,230594.39389669025,67.74465344532541,0.765072964273539,0,1.0,1.34,0.665,0.49,673396.69,0.81,63.4,HIGH,MODIFY
130797.26085187866,1482552.3148379135,240965.83905316162,653831.808466575,50.54510517048274,0.6484135394828999,0,3.0,6.153,5.61,2.896,0.0,0.108,18.0,LOW,ALLOW
170589.4340480231,1108117.5432407018,226747.59612707535,38675.5732838326,49.19865521748133,0.6515934835698527,1,3.0,4.887,4.135,3.964,0.0,0.086,19.7,LOW,ALLOW
305375.60889783053,515261.00991946843,298332.8477526462,512108.8958144829,84.51630323748394,0.6261588718989041,0,1.0,1.727,0.704,0.0,600556.34,1.0,77.3,HIGH,MODIFY
664875.74155888,1081921.7325713167,865537.3860570533,580987.9505866674,92.43876915408669,0.7819818834604391,0,3.0,1.25,0.482,0.0,1029479.35,1.0,79.2,HIGH,MODIFY
309201.4798740281,1707729.9263240243,697018.1328408584,749496.0868816274,49.84683611755073,0.9345914654053257,0,1.0,2.45,2.006,0.931,47985.77,0.369,20.9,LOW,MODIFY
729230.9471663578,861502.2772215516,552896.940752669,329930.40312869713,62.18070908391148,0.7457131322421996,0,2.0,1.558,0.239,0.0,750556.01,1.0,85.5,CRITICAL,MODIFY
545429.1171549605,1595129.704097037,1162969.1298952675,472343.93233373336,84.76661557111362,0.6545395949716702,1,4.0,1.372,0.903,0.496,585612.48,0.804,60.8,HIGH,MODIFY
563593.5972792272,1076196.5000527392,779571.2151557346,705906.7499917293,67.33465900789523,0.762162010626876,0,2.0,1.38,0.658,0.0,972875.06,1.0,82.4,CRITICAL,MODIFY
787584.101541447,1037160.9511740927,671851.7448567807,346705.8663256375,75.29595150309139,0.7383620098995174,0,4.0,1.544,0.371,0.0,768980.76,1.0,80.3,CRITICAL,MODIFY
130550.24768164335,1112091.601630313,164925.8493582487,595470.1704448761,73.13381633093138,0.6233559153201175,0,3.0,6.743,5.951,2.341,0.0,0.207,14.6,LOW,ALLOW
349063.33199055016,1028523.7478052551,822818.9982442041,40733.079917573625,70.50285371058918,0.6480861399663826,0,4.0,1.25,0.826,0.776,184091.66,0.065,36.6,MEDIUM,MODIFY
612077.8098707952,1186381.5435141025,949105.234811282,798915.624428567,49.04647030714085,0.9216380591496136,0,4.0,1.25,0.605,0.0,1173717.13,1.0,89.9,CRITICAL,MODIFY
243637.74978291706,459112.6580236868,367290.12641894945,493499.4839661689,56.26982976697061,0.6858926429326664,0,1.0,1.25,0.587,0.0,645314.7,1.0,86.3,CRITICAL,MODIFY
660996.605948674,1686659.821791201,354722.71201260766,204118.30538765364,94.04820434321718,0.6002211228497351,0,1.0,4.755,2.891,2.316,0.0,0.04,13.6,LOW,ALLOW
1110537.9231304529,1042951.9075694771,834361.5260555818,394785.7863559545,44.71820228916116,0.7792464495938942,2,3.0,1.25,0.0,0.0,1296733.33,1.0,96.9,CRITICAL,BLOCK
403413.8382339044,1800506.5457700687,1249413.577480989,531953.1996639554,71.07584016904458,0.860423225879396,1,3.0,1.441,1.118,0.692,384274.07,0.608,49.5,MEDIUM,MODIFY
526309.306064555,641533.7712105958,513227.0169684767,217750.82545372014,95.45646274850716,0.7172218902748898,3,4.0,1.25,0.225,0.0,615753.38,1.0,87.4,CRITICAL,BLOCK
990642.1033746498,1643012.8377201157,497817.0744610628,444011.266372354,89.82480347324244,0.6853914976380094,2,4.0,3.3,1.31,0.419,289457.61,0.881,64.2,HIGH,BLOCK
684221.7150639268,942761.0452215554,689798.4543147949,239267.6239080977,54.30715717810603,0.8429926761065254,2,1.0,1.367,0.375,0.028,670526.75,1.0,92.9,CRITICAL,BLOCK
1174246.756780212,977901.8780386648,709200.9144930919,267028.6830520273,61.852425724084355,0.7201228912317462,0,4.0,1.379,0.0,0.0,1172574.48,1.0,87.0,CRITICAL,BLOCK
289782.4804551633,585251.4261720467,468201.14093763736,194588.70059593147,87.46724118835309,0.7310834015316134,0,4.0,1.25,0.631,0.215,367320.9,1.0,68.5,HIGH,MODIFY
954371.3645013957,1813846.3539344599,1411405.2378355062,557906.8043706998,48.9613729753971,0.6200295384288879,0,1.0,1.285,0.609,0.214,1109837.05,1.0,78.8,HIGH,MODIFY
690676.7343293802,1688163.2779536536,632288.1773053006,32343.86542571519,92.67990388182011,0.7287552781327725,0,1.0,2.67,1.578,1.526,0.0,0.148,21.9,LOW,ALLOW
475128.353169465,546046.6684488715,379411.4281313552,794784.9004886155,46.3447697965241,0.8314143611018143,0,1.0,1.439,0.187,0.0,1103278.01,1.0,90.0,CRITICAL,MODIFY
319378.8441814401,316896.53569613246,253517.228556906,514771.2217335412,81.29662087841776,0.6374868740409765,0,3.0,1.25,0.0,0.0,770770.76,1.0,81.5,CRITICAL,BLOCK
615562.2959480771,1658487.421382332,634315.0953561156,234922.61560850983,81.6337882881138,0.7564266716912995,1,2.0,2.615,1.644,1.274,0.0,0.119,30.9,LOW,ALLOW
846849.1907768749,578985.1131530575,463188.09052244603,29438.120600301776,43.466137056598825,0.9413052352958178,0,4.0,1.25,0.0,0.0,760490.29,0.238,75.0,HIGH,BLOCK
294712.3258201939,798910.7820235672,581933.0281169333,385277.41095623275,64.18295330728957,0.9626505753493405,0,3.0,1.373,0.866,0.204,463011.98,1.0,78.7,HIGH,MODIFY
196271.83865789467,1051810.9051967189,195678.7742054655,153190.8830707409,43.897265671833,0.6122380097809235,1,3.0,5.375,4.372,3.589,0.0,0.058,25.9,LOW,ALLOW
1036463.5371048726,1939794.551696489,1208028.456623415,359689.79676308186,88.13109041219639,0.8906596900300077,1,3.0,1.606,0.748,0.45,664387.24,0.85,65.8,HIGH,MODIFY
308214.4502163174,1764513.485206455,371641.81685664447,74573.06675251835,91.65573660518052,0.7304769444300638,0,2.0,4.748,3.919,3.718,0.0,0.036,3.8,LOW,ALLOW
962248.2641168203,1336768.331001025,1110343.044348061,298419.1139768351,40.1615011034253,0.7882913627543414,1,2.0,1.204,0.337,0.069,1034242.09,1.0,91.1,CRITICAL,MODIFY
610927.5564208684,1385598.1539487343,1144336.3763725073,424695.2795427452,92.48559586849342,0.987516117023604,0,2.0,1.211,0.677,0.306,794361.06,0.994,61.6,HIGH,MODIFY
865737.5770305127,1640503.0032319233,764185.8756660848,437698.5448014335,71.78874289848369,0.8947516952306791,0,3.0,2.147,1.014,0.441,427118.99,0.859,60.5,HIGH,MODIFY
690558.2034947338,1034377.5424762766,827502.0339810214,738471.6112326357,89.25332803176883,0.6869308223963962,0,1.0,1.25,0.415,0.0,1222154.31,1.0,81.0,CRITICAL,MODIFY
15099.172752975992,1243214.7030342775,682996.9809073507,183376.6760858544,53.08625533557315,0.9203877804816325,0,1.0,1.82,1.798,1.53,0.0,0.065,7.9,LOW,ALLOW
607084.6885708693,1183782.673566419,712619.3282906979,762077.8008267289,86.8831535446642,0.849607664922756,0,1.0,1.661,0.809,0.0,897999.14,1.0,78.3,HIGH,MODIFY
937813.0109450762,1161362.0176190096,895684.9946692744,684187.1037175262,94.61212007230034,0.7517203425518746,1,2.0,1.297,0.25,0.0,1356323.09,1.0,81.5,CRITICAL,MODIFY
779743.1470622093,1433151.2732289794,257563.80329911422,757262.8467074902,41.2207628851245,0.6506522161746171,1,3.0,5.564,2.537,0.0,361418.52,1.0,81.4,CRITICAL,MODIFY
517474.77384560596,662766.4755883527,368512.9860269921,583329.4341797071,61.324347874214155,0.8983861530823944,0,1.0,1.798,0.394,0.0,806550.72,1.0,88.5,CRITICAL,MODIFY
920231.3484775797,686091.9917915657,391610.137023408,270023.87119197275,69.52732137735178,0.9257246071399721,0,1.0,1.752,0.0,0.0,895773.36,1.0,82.5,CRITICAL,BLOCK
119515.82275596107,1613894.6052631927,630949.7327741238,141118.83275437754,87.58951199925474,0.8126687372366106,0,1.0,2.558,2.368,2.145,0.0,0.137,4.2,LOW,ALLOW
241062.8251704686,1139756.0750498795,911804.8600399037,792890.8283991449,84.68154717432444,0.7370392076046597,0,4.0,1.25,0.986,0.116,806002.44,1.0,72.7,HIGH,MODIFY
488926.6765319435,1653095.0689491297,1197413.9306391978,134018.41038551138,76.64342993208665,0.7885350195441448,0,1.0,1.381,0.972,0.86,167263.95,0.44,38.2,MEDIUM,MODIFY
448956.25641155656,1024135.734864295,584988.906364232,719976.4254210271,42.14638945252936,0.6733514054972788,0,1.0,1.751,0.983,0.0,729785.85,1.0,85.8,CRITICAL,MODIFY
1035788.1473864818,1707534.4101592007,1458938.035186229,68180.21019744637,89.73832068340974,0.8319129117801825,0,1.0,1.17,0.46,0.414,855371.98,0.886,61.4,HIGH,MODIFY
916284.9438595545,1196453.1212526872,894666.1753950266,95802.4360236319,87.8389289596403,0.9065970267037928,0,2.0,1.337,0.313,0.206,710300.43,1.0,67.2,HIGH,MODIFY
75346.47745987652,728212.3705006376,582569.8964005101,240164.09316553862,96.88060209829943,0.6533985976979407,0,4.0,1.25,1.121,0.708,169868.1,0.592,30.7,LOW,ALLOW
494176.3464886796,1096916.684173742,877533.3473389937,20918.226130329742,56.82415779186395,0.6720626975417294,0,2.0,1.25,0.687,0.663,295711.24,0.14,47.8,MEDIUM,MODIFY
324397.8229457031,852557.8916376346,278462.30839016114,267028.1250376208,92.41609478220262,0.6712213934570582,0,1.0,3.062,1.897,0.938,17330.36,0.362,16.3,LOW,MODIFY
654154.5340153434,1714640.9464563574,892781.3237088535,687402.0640829988,87.88304901164784,0.8140852352584275,0,3.0,1.921,1.188,0.418,519696.98,0.882,56.0,MEDIUM,MODIFY
1117636.95246337,380784.29260541836,304627.4340843347,249513.75674508992,91.7998918577291,0.6362573163701596,0,1.0,1.25,0.0,0.0,1290993.85,1.0,78.8,HIGH,BLOCK
1128192.0332298924,392403.68065020465,313922.94452016376,716019.6172839827,54.606970309008084,0.730284504038603,0,1.0,1.25,0.0,0.0,1765730.91,1.0,86.8,CRITICAL,BLOCK
211549.80479222073,593152.1856169966,474521.7484935973,765833.2456480004,90.9656924923095,0.7987769365537818,3,1.0,1.25,0.804,0.0,858752.61,1.0,97.2,CRITICAL,BLOCK
1011789.8220806154,1238043.3576583103,990434.6861266483,394122.2461912856,54.03679039704001,0.7675920149854789,0,4.0,1.25,0.228,0.0,1158303.4,1.0,84.3,CRITICAL,MODIFY
713016.4528618469,819682.1633367159,696102.8010735215,728596.988787244,56.97210248479436,0.6971219638764119,1,1.0,1.178,0.153,0.0,1318034.08,1.0,91.7,CRITICAL,MODIFY
146386.7564692981,1289460.6567607748,151961.0633704914,472589.8873279388,84.06035247387914,0.8696069847791976,0,1.0,8.485,7.522,4.412,0.0,0.145,6.9,LOW,ALLOW
65411.412195790166,615540.1721347938,487494.5659606769,57759.40229933356,63.28840726498337,0.9764357587328025,0,1.0,1.263,1.128,1.01,0.0,0.086,27.6,LOW,ALLOW
137274.84737496678,1693947.2738892094,168575.89414738392,165066.75748273433,48.51863828802306,0.8824825419687159,1,3.0,10.049,9.234,8.255,0.0,0.049,16.7,LOW,ALLOW
249843.23904462092,1424566.1504202802,748605.8927715692,508041.2575359075,52.20010641935058,0.737739493946137,1,2.0,1.903,1.569,0.891,81924.24,0.409,30.7,LOW,MODIFY
525619.1349898516,987411.4743477118,490350.2058545312,126884.07934549203,86.1021921667998,0.9251391157004312,1,3.0,2.014,0.942,0.683,155441.95,0.617,46.9,MEDIUM,MODIFY
220701.49315238898,716977.8857622752,532652.3328355916,615242.8508625485,67.92080401894464,0.897427000675656,0,4.0,1.346,0.932,0.0,651618.79,1.0,80.5,CRITICAL,MODIFY
337982.5303626572,1008817.5293927132,807054.0235141707,381468.1766242276,63.04509919813819,0.6625787341396258,0,2.0,1.25,0.831,0.359,517687.2,0.941,70.5,HIGH,MODIFY
1121431.7451580144,1907327.6206340177,838091.9088911224,87859.51893136374,82.55331747143872,0.8035910104913738,0,3.0,2.276,0.938,0.833,140055.55,0.467,38.1,MEDIUM,MODIFY
84931.6510924359,758390.919443408,606712.7355547264,765723.3052540339,46.32002998316526,0.9505225109331101,0,2.0,1.25,1.11,0.0,698976.77,1.0,77.3,HIGH,MODIFY
960803.6363130249,1200724.8322705198,978352.0607311907,423935.4546179025,50.793887481269536,0.7938443111718161,0,2.0,1.227,0.245,0.0,1162366.32,1.0,89.6,CRITICAL,MODIFY
685861.7654155385,1441348.0012523811,897727.7227985136,1168.4148372366642,51.41172911267683,0.6423018319586022,0,4.0,1.606,0.842,0.84,143409.9,0.038,41.0,MEDIUM,MODIFY
1153178.245170944,1331924.677815412,1054278.9800955246,452172.5390197158,61.05636280528684,0.748169390589172,0,2.0,1.263,0.17,0.0,1327705.09,1.0,80.5,CRITICAL,MODIFY
643658.3242325538,842385.1761854506,673908.1409483606,394520.4390739064,65.41856830934141,0.8193497580022233,0,1.0,1.25,0.295,0.0,869701.73,1.0,83.9,CRITICAL,MODIFY
565828.6225103455,939323.5412224589,209233.60755067406,427984.5714328053,83.57830649825658,0.6400199125377438,3,4.0,4.489,1.785,0.0,263723.26,1.0,85.6,CRITICAL,BLOCK
53572.879770273576,586160.7327554137,468928.586204331,9358.2625282016,74.66247767313683,0.6469082110867879,0,4.0,1.25,1.136,1.116,0.0,0.134,18.9,LOW,ALLOW
898237.1055233278,650570.0202582714,520456.0162066171,750617.3715645715,54.23138994430052,0.7856448617481344,0,2.0,1.25,0.0,0.0,1518740.47,1.0,88.2,CRITICAL,BLOCK
982307.8470735683,211441.88692577762,169153.50954062212,173086.83869673178,64.29673079669944,0.7289902032094931,0,2.0,1.25,0.0,0.0,1113106.31,1.0,85.9,CRITICAL,BLOCK
434710.6154744296,968790.2871778782,621094.3964256644,361884.6449630669,81.06040133307403,0.6104907554996853,0,1.0,1.56,0.86,0.277,448899.37,1.0,70.7,HIGH,MODIFY
63792.95998516574,1680165.2452537229,466196.4013844076,143513.25151834518,88.8093701849519,0.6770814200619234,0,1.0,3.604,3.467,3.159,0.0,0.099,2.0,LOW,ALLOW
252954.69139743192,412177.21332862147,329741.7706628972,501704.45297115674,91.92981553006518,0.7168415200378827,0,2.0,1.25,0.483,0.0,672223.7,1.0,80.9,CRITICAL,MODIFY
213936.4294387207,486323.9679687774,389059.17437502195,28103.605109629993,50.33064878271474,0.9287340073155697,0,1.0,1.25,0.7,0.628,144775.24,0.115,46.6,MEDIUM,MODIFY
976993.462650218,395191.50392944535,316153.2031435563,212912.0809656203,70.69545013539206,0.8164489592961457,0,3.0,1.25,0.0,0.0,1110867.24,1.0,83.9,CRITICAL,BLOCK
685079.4116150528,1994991.7872971687,869344.5056058276,762894.4840971145,65.06829272326802,0.8382700144969606,1,3.0,2.295,1.507,0.629,322326.61,0.671,45.7,MEDIUM,MODIFY
1004392.207814999,1867183.6042415043,1227707.8516181025,157015.7194484243,57.43651890125901,0.9012976462306426,0,1.0,1.521,0.703,0.575,521932.17,0.725,56.9,MEDIUM,MODIFY
580392.7949784873,1909212.7080478999,302772.60285681137,727466.3844684081,74.25907792921728,0.8876687846967183,0,2.0,6.306,4.389,1.986,0.0,0.362,23.0,LOW,ALLOW
732212.661705672,1834402.2668254725,836361.5744464789,707536.8110786255,54.248189313718456,0.8153881488933523,0,1.0,2.193,1.318,0.472,441708.78,0.828,54.9,MEDIUM,MODIFY
518987.6411386202,445123.91455917194,390718.5801075775,680196.010100254,52.11272179516429,0.9131193218239468,0,1.0,1.139,0.0,0.0,1144778.32,1.0,87.1,CRITICAL,BLOCK
660604.2726739249,328583.4160433734,262866.73283469875,590192.8887375569,58.98870237315486,0.6642075077125593,0,3.0,1.25,0.0,0.0,1185080.48,1.0,89.5,CRITICAL,BLOCK
870477.1274038659,1443590.3716353548,1154872.2973082839,66907.03822670346,49.730512125014904,0.889457236044922,0,1.0,1.25,0.496,0.438,648666.09,0.862,67.7,HIGH,MODIFY
942543.1218311951,1915559.5783119788,282651.8095480033,431225.07123677555,61.920830282402086,0.9071116564127054,1,1.0,6.777,3.442,1.917,0.0,0.416,40.2,MEDIUM,ALLOW
609783.9097549942,1409921.407753852,1222830.9130985264,231889.4371541102,57.23613788476169,0.662117036306603,0,2.0,1.153,0.654,0.465,654582.85,0.835,66.9,HIGH,MODIFY
1093201.7810933639,1058201.0084161968,813037.8894880406,61283.100548847004,50.36777305332619,0.8976591762356543,0,1.0,1.302,0.0,0.0,909321.76,1.0,86.2,CRITICAL,BLOCK
62534.23454658584,1112858.6365464467,780872.2472596117,39082.515256378516,79.06018971216554,0.945459180815436,0,3.0,1.425,1.345,1.295,0.0,0.013,8.4,LOW,ALLOW
156301.37294980965,469925.4909852894,375940.39278823155,330377.91937156353,87.06430775594076,0.7995562029544968,3,3.0,1.25,0.834,0.0,392694.19,1.0,94.1,CRITICAL,BLOCK
456637.37921583373,1678840.7840313327,1209938.8754272014,33498.52295245714,82.14299839230763,0.8437565944582969,0,2.0,1.388,1.01,0.982,21233.99,0.036,21.2,LOW,MODIFY
1198501.8178092188,1028042.5765556393,629354.0463731164,617893.1809925921,85.93821438058058,0.9717111222896936,1,2.0,1.633,0.0,0.0,1417706.47,1.0,85.2,CRITICAL,BLOCK
1099129.5634944339,1151436.4423131645,921149.1538505317,590804.9702940686,55.43486155501847,0.885981148785934,3,2.0,1.25,0.057,0.0,1459647.25,1.0,98.0,CRITICAL,BLOCK
240688.88381067372,1784817.1791107925,486170.70239890745,574545.1197853852,51.0733562050086,0.852619599364882,0,2.0,3.671,3.176,1.994,0.0,0.023,18.3,LOW,ALLOW
806699.2615439367,507568.043016659,406054.4344133272,584441.4192884958,64.05083150087012,0.6618512173598755,0,4.0,1.25,0.0,0.0,1289627.07,1.0,85.0,CRITICAL,BLOCK
522757.9597719791,1500049.0568981422,1290803.4634831056,83274.31267252576,96.68564550518539,0.6982214717719377,0,1.0,1.162,0.757,0.693,396786.68,0.607,45.3,MEDIUM,MODIFY
432064.53797153104,1967975.1033852857,676339.1503058911,600234.3736509379,84.7018224086322,0.9378466472078272,0,4.0,2.91,2.271,1.383,0.0,0.118,17.1,LOW,ALLOW
238089.74736533992,1178244.5790598548,402389.67200126254,692374.4255985792,83.0255310339673,0.8607791058942428,0,3.0,2.928,2.336,0.616,154609.27,0.684,32.1,LOW,MODIFY
979519.0978878913,723081.3780677635,578465.1024542109,404173.06969329383,94.16503476595153,0.9010943897671095,1,3.0,1.25,0.0,0.0,1239075.89,1.0,78.5,HIGH,BLOCK
337765.4992382672,1133744.431445139,906995.5451561112,580395.734146095,47.92097703721582,0.8379371431796536,0,3.0,1.25,0.878,0.238,691412.35,1.0,75.5,HIGH,MODIFY
316683.3397647339,839114.2319872382,671291.3855897905,252059.04771971842,81.82380531138662,0.7539408003844015,0,2.0,1.25,0.778,0.403,400919.54,0.897,64.5,HIGH,MODIFY
565075.5221269245,1480349.9600271832,763904.279547821,702877.228184778,47.30294930277986,0.618848830212042,3,2.0,1.938,1.198,0.278,551507.07,1.0,85.1,CRITICAL,BLOCK
491943.46387977595,556382.2752732479,442656.0482520938,258416.13411571726,53.31733866269482,0.94412928259814,1,1.0,1.257,0.146,0.0,636633.37,1.0,92.4,CRITICAL,MODIFY
473315.3968558927,1565117.0367826652,592045.4396934779,369370.50199949695,69.54032695773489,0.7588070234937683,0,1.0,2.644,1.844,1.22,0.0,0.002,25.4,LOW,ALLOW
572004.8840182407,639894.5051365647,511915.6041092518,562270.8827099302,55.56934185345774,0.7106231811716106,3,1.0,1.25,0.133,0.0,1006296.87,1.0,98.0,CRITICAL,BLOCK
1064201.8917870119,1297536.7249976736,616819.9697941578,61001.55300633814,75.61779301750546,0.9153203088643977,1,3.0,2.104,0.378,0.279,444486.69,1.0,74.4,HIGH,MODIFY
418110.8459628941,616429.115195601,493143.29215648083,21100.917974454613,48.21832558240555,0.9888038269343884,0,2.0,1.25,0.402,0.359,315925.94,0.482,65.8,HIGH,MODIFY
408877.6080448677,332302.7926106474,265842.2340885179,334615.1833340205,45.44125974218318,0.964173371823343,0,3.0,1.25,0.0,0.0,677032.23,1.0,85.9,CRITICAL,BLOCK
446534.7971042153,1893201.9035880384,207852.138727435,17003.3680082466,86.7298988991381,0.6926829753222052,2,4.0,9.108,6.96,6.878,0.0,0.065,18.4,LOW,BLOCK
31382.911259128217,431815.6061152277,345452.48489218217,33726.817034768785,51.38337579082635,0.9862007221698843,0,2.0,1.25,1.159,1.062,0.0,0.054,22.2,LOW,ALLOW
469678.1046185661,1672710.1487533997,1179693.8518942434,547926.4763333127,44.28808520661528,0.9667206034109959,0,2.0,1.418,1.02,0.555,524588.28,0.745,59.7,MEDIUM,MODIFY
521454.1978821174,812960.1213368148,220270.29695724585,440233.1124747032,65.73818721436298,0.6424217360414608,0,4.0,3.691,1.323,0.0,368997.49,1.0,75.6,HIGH,MODIFY
1180864.6545122983,1824352.1515777141,988591.1988814109,665113.2301317635,57.13364859096808,0.9756203329245248,0,3.0,1.845,0.651,0.0,1010216.93,1.0,85.9,CRITICAL,MODIFY
577495.3900037116,549324.5364479474,439459.6291583579,533685.4333443897,72.46700458573423,0.9485527051698945,0,1.0,1.25,0.0,0.0,1001315.92,1.0,79.1,HIGH,BLOCK
131944.93959665773,1306115.380696529,317585.12051470915,296450.25999268226,80.77535887020872,0.6070411289946437,1,3.0,4.113,3.697,2.764,0.0,0.149,15.1,LOW,ALLOW
1122604.2977628873,720829.2850432987,576663.428034639,571722.2153864116,66.73336834849232,0.699545165280481,1,4.0,1.25,0.0,0.0,1550160.66,1.0,91.3,CRITICAL,BLOCK
922287.9073257435,1322796.0280825472,995049.3232756568,458172.20692676335,62.17621194798663,0.9044022903303859,0,4.0,1.329,0.403,0.0,1052713.41,1.0,81.5,CRITICAL,MODIFY
699342.7026799143,461325.88806358184,369060.7104508655,509421.604585261,73.55691089215762,0.6573034222337453,0,3.0,1.25,0.0,0.0,1116499.13,1.0,78.3,HIGH,BLOCK
1170075.9571763368,757267.929800352,605814.3438402816,155560.7912140398,50.33229599551738,0.6742465351690232,0,2.0,1.25,0.0,0.0,1174183.16,1.0,86.6,CRITICAL,BLOCK
676220.0276788126,1944398.0811072458,695686.4342934298,750023.2282565386,64.06132715725045,0.8728742588233549,3,4.0,2.795,1.823,0.745,177531.61,0.555,46.6,MEDIUM,BLOCK
1071012.9171335637,1022926.6939671702,713899.9384840014,513548.76424067817,50.260962837989005,0.6842036727868444,0,2.0,1.433,0.0,0.0,1275534.93,1.0,87.5,CRITICAL,BLOCK
440544.04507372977,1406263.8073606638,963240.136396967,195169.4363267534,96.05385555842744,0.6540239941800465,2,1.0,1.46,1.003,0.8,192689.81,0.5,41.3,MEDIUM,BLOCK
416194.2786397671,1451257.4867850698,973509.4684071845,439401.75655236986,90.08933209076886,0.6574245244147633,0,3.0,1.491,1.063,0.612,377848.02,0.688,42.4,MEDIUM,MODIFY
665230.6005738401,1389653.498521964,276221.4817692424,458330.62158999505,60.338327996496645,0.8458376048385622,2,2.0,5.031,2.623,0.963,10129.21,0.337,31.7,LOW,BLOCK
825948.5707426175,966716.8511215969,773373.4808972776,116574.04760414956,51.22691014130946,0.806116807552732,0,1.0,1.25,0.182,0.031,749179.25,1.0,85.0,CRITICAL,MODIFY
296314.95072884357,680684.7044647252,544547.7635717802,637026.8510171464,58.33381959152258,0.7985221887084958,0,1.0,1.25,0.706,0.0,797204.86,1.0,80.8,CRITICAL,MODIFY
621539.3421557194,201760.72278413168,161408.57822730535,480313.9531056462,93.53300222179885,0.7518216521621937,3,1.0,1.25,0.0,0.0,1061501.15,1.0,91.6,CRITICAL,BLOCK
408460.7683869976,1402967.084556812,1249323.564589406,775594.0486390875,90.41253608095374,0.6186872989586291,0,1.0,1.123,0.796,0.175,1030411.3,1.0,71.8,HIGH,MODIFY
1030825.8136950367,727462.2450303407,581969.7960242726,257114.22594978526,66.7350771953141,0.9017251850597843,1,2.0,1.25,0.0,0.0,1142447.59,1.0,89.6,CRITICAL,BLOCK
768628.42837693,290538.511529248,232430.8092233984,216097.20597754655,92.84738996044442,0.7718533244926559,0,4.0,1.25,0.0,0.0,926617.93,1.0,72.7,HIGH,BLOCK
489830.8821613338,1008245.1551689499,338636.1798653649,690413.0423763162,79.6122120892383,0.8325616838299134,0,1.0,2.977,1.531,0.0,510634.95,1.0,71.4,HIGH,MODIFY
467523.08620868,1325701.4355570886,790088.1286398993,38156.0920595077,49.49733677029506,0.8727193252270611,0,3.0,1.678,1.086,1.038,0.0,0.003,32.7,LOW,ALLOW
1118350.0803552433,360536.3241362202,288429.05930897617,286303.1489546233,94.906051681218,0.6790212429646331,2,4.0,1.25,0.0,0.0,1332545.96,1.0,83.3,CRITICAL,BLOCK
1020959.128628462,342471.49255617755,164365.86660622052,719291.1500193948,49.69209945949859,0.639646057118862,0,1.0,2.084,0.0,0.0,1562144.65,1.0,87.0,CRITICAL,BLOCK
1175657.612807029,959419.2059960318,767535.3647968255,254204.75084994,67.59593486226451,0.8129839871349923,3,4.0,1.25,0.0,0.0,1237978.52,1.0,96.4,CRITICAL,BLOCK
363106.50896613975,333804.8652151298,267043.89217210386,211678.93762919315,42.90186830485769,0.9748827553226835,1,3.0,1.25,0.0,0.0,508024.47,1.0,93.5,CRITICAL,BLOCK
348865.14271769923,1671430.375949511,732065.6547082878,42320.097902461916,66.65257988936102,0.8659990085478806,1,4.0,2.283,1.807,1.749,0.0,0.071,20.7,LOW,ALLOW
232111.50638358662,1401097.441644247,379929.56068724545,11210.816108929223,49.52713929641757,0.6359847308135835,0,2.0,3.688,3.077,3.047,0.0,0.015,12.7,LOW,ALLOW
659888.8354358351,1952621.1034935855,381686.4879645534,587638.377128526,68.98704508155046,0.8851791259485773,0,2.0,5.116,3.387,1.847,0.0,0.427,29.3,LOW,ALLOW
146832.70319708073,1680579.4236872182,478089.6796544502,412240.2499748266,72.06719345011095,0.9884068753882664,0,3.0,3.515,3.208,2.346,0.0,0.034,10.8,LOW,ALLOW
1193416.552853614,971640.559472192,777312.4475777536,362858.977784641,81.30658121857232,0.7570371428560657,2,2.0,1.25,0.0,0.0,1361947.42,1.0,92.5,CRITICAL,BLOCK
28399.574789797512,1653690.1925785802,1311136.4276688204,611628.8244858471,62.190893038337066,0.6560154960520377,0,2.0,1.261,1.24,0.773,297474.63,0.527,21.6,LOW,ALLOW
1190659.4536311517,790203.0841483881,364943.15204289043,542997.6992216748,78.91375369277887,0.6057845393802357,0,4.0,2.165,0.0,0.0,1308397.22,1.0,79.9,HIGH,BLOCK
1125109.8581203485,331151.9141577736,264921.5313262189,58202.62421191949,73.66647765923963,0.727683092590184,0,4.0,1.25,0.0,0.0,1117082.1,1.0,82.0,CRITICAL,BLOCK
751890.029271423,1427351.5975723525,467545.8981130082,433486.1116934066,86.21761057717234,0.9385502838068072,2,2.0,3.053,1.445,0.518,225570.44,0.782,56.0,MEDIUM,BLOCK
798153.1594075189,1289299.7536452701,1135009.6666084882,433825.85902900016,97.52555076354852,0.8333069258893497,0,3.0,1.136,0.433,0.051,1077688.93,1.0,74.6,HIGH,MODIFY
735578.6664748542,1290075.7387868888,1032060.5910295111,442832.69422957906,43.89501878014933,0.6327655096396112,0,4.0,1.25,0.537,0.108,920396.21,1.0,83.2,CRITICAL,MODIFY
651731.4204963869,1005642.5072468305,794761.9342400492,777687.6667542859,51.018901165923886,0.9642227011179725,0,4.0,1.265,0.445,0.0,1218538.51,1.0,90.5,CRITICAL,MODIFY
188401.325120466,1157955.1539305458,669040.4410039533,498912.9994785359,94.00377829932727,0.7972641434812409,1,2.0,1.731,1.449,0.703,198399.61,0.597,32.8,LOW,MODIFY
1193088.3675233999,1129010.3512871838,414807.3395101328,30543.940010833736,77.95503369268997,0.7241190044269671,0,4.0,2.722,0.0,0.0,509429.3,0.393,71.4,HIGH,BLOCK
1060794.3483857685,863625.6508035185,690900.5206428148,530856.0901565356,91.19946369723289,0.8946711878317928,0,3.0,1.25,0.0,0.0,1418925.31,1.0,78.7,HIGH,BLOCK
342720.534657854,255141.45203992902,204113.16163194322,433416.07556287764,85.9243657666586,0.7336262802963541,0,3.0,1.25,0.0,0.0,725108.32,1.0,76.2,HIGH,BLOCK
177021.44935796937,1029234.4694470676,681990.4578085599,661174.7373057995,76.07185771581283,0.6724186662505378,0,2.0,1.509,1.25,0.28,490952.18,1.0,58.8,MEDIUM,MODIFY
998066.9594629386,1724137.6093376759,1215872.3758784698,177757.72134239745,95.49570825308189,0.8130110144211734,2,1.0,1.418,0.597,0.451,667559.45,0.849,66.7,HIGH,BLOCK
400177.9937897334,343292.5062778939,274634.00502231513,426432.20282493945,59.93538850264869,0.9858586451675209,0,3.0,1.25,0.0,0.0,757951.7,1.0,81.9,CRITICAL,BLOCK
826860.5957952271,817985.0813264671,654388.0650611738,81776.57856675173,90.76656183968728,0.9664359809960997,0,4.0,1.25,0.0,0.0,745040.16,1.0,76.8,HIGH,BLOCK
1147948.1836383946,1362477.4938921465,850562.2357491151,759661.6616852417,72.96240926636908,0.6060966400642298,0,4.0,1.602,0.252,0.0,1395694.59,1.0,83.1,CRITICAL,MODIFY
374877.0097454787,671072.6171998088,160263.14282503258,498544.23475252255,91.78725392259788,0.9486081812515927,1,1.0,4.187,1.848,0.0,362611.77,1.0,71.6,HIGH,MODIFY
848576.4770731479,284401.70406152343,227521.36324921876,465581.56750212907,55.878893157941384,0.6146993118788597,1,2.0,1.25,0.0,0.0,1257277.7,1.0,90.6,CRITICAL,BLOCK
994843.21653874,728569.9815796175,295155.5527086299,161837.75131238825,52.77915640180569,0.6676687674431722,0,2.0,2.468,0.0,0.0,723266.54,1.0,88.9,CRITICAL,BLOCK
293397.1157712969,1722575.741344101,858108.4514518093,341000.064893525,90.24200037659625,0.6178589462955455,2,3.0,2.007,1.665,1.268,0.0,0.143,25.9,LOW,BLOCK
933837.1116004348,1585566.8800057296,267634.9889301467,141859.802345234,62.59301112091099,0.8063927255549305,3,4.0,5.924,2.435,1.905,0.0,0.368,51.2,MEDIUM,BLOCK
439574.04370928777,1563976.6489000982,159080.81245996605,188007.94985712875,70.34109063506277,0.81754387761665,1,4.0,9.831,7.068,5.886,0.0,0.024,16.8,LOW,ALLOW
519500.6028200603,1656376.1937857205,1242678.8527325527,46695.32749382288,59.14285507781826,0.9014409655153094,0,4.0,1.333,0.915,0.877,152498.59,0.081,30.6,LOW,MODIFY
617147.9524029011,448794.3119323354,359035.4495458683,786523.1438922994,92.69708694882371,0.7090493633682005,0,4.0,1.25,0.0,0.0,1313912.23,1.0,74.6,HIGH,BLOCK
163387.24220100517,1304566.077280482,389996.3999371385,766404.0959738643,93.71871832013733,0.977377414199422,1,4.0,3.345,2.926,0.961,15221.66,0.339,11.5,LOW,MODIFY
96570.32110220913,1255396.3897020526,1004317.1117616422,189137.00062708792,77.91637944254973,0.9220688025981395,3,1.0,1.25,1.154,0.966,34628.04,0.334,30.5,LOW,BLOCK
671099.8004556043,567364.2869305024,453891.42954440194,145719.2282795604,45.921793481339954,0.7182723475314792,1,4.0,1.25,0.0,0.0,703346.17,1.0,92.5,CRITICAL,BLOCK
1156083.3789550292,1490127.5089616547,344497.71288364386,552288.5262397708,95.26253431367162,0.7649982102596141,2,4.0,4.326,0.97,0.0,562742.11,1.0,82.4,CRITICAL,BLOCK
164386.50679506347,943903.0145814152,755122.4116651323,676770.6007678151,98.10260840942084,0.8744368804649001,2,3.0,1.25,1.032,0.136,652376.5,1.0,73.6,HIGH,BLOCK
981463.6714456589,511173.04171337496,408938.4333707,589636.9405610906,51.23499938356862,0.6245370788816751,0,2.0,1.25,0.0,0.0,1468866.0,1.0,90.9,CRITICAL,BLOCK
80191.54436004175,1328441.5330645815,992491.6090444886,590637.1593959024,92.24344585315293,0.8026403323222093,0,4.0,1.338,1.258,0.663,334878.78,0.637,22.1,LOW,MODIFY
206420.37669310463,1033734.9580303786,182704.27375206875,377328.5949470123,70.60219672816868,0.6339658372805368,0,2.0,5.658,4.528,2.463,0.0,0.135,16.7,LOW,ALLOW
757004.0894754236,1544287.873446441,640302.9889520686,387066.6810015836,62.35566663094268,0.9364677164165327,2,3.0,2.412,1.23,0.625,240085.89,0.675,59.1,MEDIUM,BLOCK
131677.4353166648,1383820.1537492839,475470.0786240469,42477.16992720409,91.27279110787435,0.8801327443228606,3,4.0,2.91,2.633,2.544,0.0,0.026,17.3,LOW,BLOCK
268551.2127853633,997216.9564439427,797773.5651551542,451587.8716432814,74.37071134172822,0.6725978923820666,1,1.0,1.25,0.913,0.347,520695.69,0.953,72.6,HIGH,MODIFY
741622.9500977485,1237966.5279339775,915280.7304860357,592795.6605669275,92.01196389720113,0.9725833695330912,1,3.0,1.353,0.542,0.0,1011732.81,1.0,83.3,CRITICAL,MODIFY
665284.1236532391,1352643.520725946,468967.28572796384,189163.77959672542,49.82726574824041,0.8547946701335907,1,2.0,2.884,1.466,1.062,0.0,0.437,48.7,MEDIUM,ALLOW
327466.1336635926,776366.6659645694,621093.3327716555,97725.23933114536,82.76237770938712,0.7805807037463398,1,4.0,1.25,0.723,0.565,269918.04,0.735,54.2,MEDIUM,MODIFY
689542.023657432,721717.028653946,577373.6229231568,208830.34387489065,54.97987864225303,0.9161977505810572,1,1.0,1.25,0.056,0.0,754028.96,1.0,89.3,CRITICAL,MODIFY
532167.2384679229,1684764.2773859124,1311829.2200271697,149435.77987577443,50.285503372314274,0.627254165658466,0,2.0,1.284,0.879,0.765,308667.96,0.535,52.8,MEDIUM,MODIFY
865329.8964641285,1567542.1368226416,1379395.7004092352,171389.75554899866,81.76720038672968,0.9188250949791218,0,2.0,1.136,0.509,0.385,848573.22,0.915,62.4,HIGH,MODIFY
74605.83673488777,1512565.5593205567,1130247.5785093047,150752.3666218896,42.22176954983858,0.6173415882399045,1,4.0,1.338,1.272,1.139,0.0,0.091,26.2,LOW,ALLOW
260597.0228094632,1224058.3553095602,621572.4440131809,591984.8961951999,81.59222078943552,0.7451552259196764,0,2.0,1.969,1.55,0.598,250096.01,0.702,34.4,LOW,MODIFY
1107831.4303846816,1863744.6411668197,1228234.2726819478,632268.8460203748,88.00302520651782,0.6157707378177205,0,3.0,1.517,0.615,0.101,1104589.91,1.0,73.0,HIGH,MODIFY
955155.9316581804,347617.784637294,278094.2277098352,256587.309297805,67.15267153768313,0.7352861125448479,1,2.0,1.25,0.0,0.0,1142219.68,1.0,91.2,CRITICAL,BLOCK
936944.3461862676,1871367.221785087,276318.4762063233,514329.3355535771,49.88132426123329,0.9614761013135988,2,3.0,6.773,3.382,1.52,0.0,0.399,44.6,MEDIUM,BLOCK
618543.365444936,698931.5344151739,559145.2275321392,45350.912881375385,88.57170103925186,0.9555452326082875,0,4.0,1.25,0.144,0.063,524107.97,0.225,61.4,HIGH,MODIFY
483405.2103580205,1295654.9699704817,305479.68518732826,506632.5494702561,83.1735703196783,0.6450682418109908,0,4.0,4.241,2.659,1.0,0.0,0.323,26.4,LOW,ALLOW
811390.8722712959,407298.6490317221,325838.91922537773,92747.11676066865,62.57234133600504,0.6407571576573399,2,1.0,1.25,0.0,0.0,822678.26,1.0,93.7,CRITICAL,BLOCK
914342.8676634132,1391091.8126750244,1112873.4501400196,745921.9291727176,51.67912853958827,0.8429598654154055,1,1.0,1.25,0.428,0.0,1382046.43,1.0,91.2,CRITICAL,MODIFY
25956.791086504454,884510.4873714128,431342.57513135986,143070.15213574914,78.38696493756382,0.8594060825287633,0,1.0,2.051,1.99,1.659,0.0,0.022,6.9,LOW,ALLOW
674480.061850098,362180.8313728181,180657.7374508972,315826.9621452593,70.96416641992376,0.9595523058734141,1,3.0,2.005,0.0,0.0,808783.93,1.0,86.4,CRITICAL,BLOCK
843744.5760352834,1711984.4874875897,948391.6380363161,293381.75651173043,97.09290386474538,0.8814139399557805,1,1.0,1.805,0.915,0.606,373533.48,0.694,54.5,MEDIUM,MODIFY
861651.2655740317,202224.94341173672,161779.9547293894,455096.06955172267,60.36908778223392,0.9038953690296309,0,1.0,1.25,0.0,0.0,1276302.35,1.0,86.1,CRITICAL,BLOCK
237000.15868541537,1016721.7970905497,341536.6725763202,748135.0800932411,72.43200338834299,0.8104593374059299,0,2.0,2.977,2.283,0.092,309950.11,1.0,60.3,HIGH,MODIFY
598879.9368645073,491516.95268421544,393213.5621473724,48247.171439837366,75.3449415530716,0.6239922386617562,1,1.0,1.25,0.0,0.0,548823.72,0.329,71.7,HIGH,BLOCK
1082332.800458202,706517.8122809898,565214.2498247919,273912.2588600824,55.40264940427208,0.9369815173883244,1,1.0,1.25,0.0,0.0,1214941.5,1.0,87.9,CRITICAL,BLOCK
158386.6725121703,713820.4280904634,487091.5437428244,492909.76144782756,93.57084999532015,0.7581606015791724,0,4.0,1.465,1.14,0.128,424567.55,1.0,56.9,MEDIUM,MODIFY
536946.5993512142,754866.7901846134,237591.2204436868,541654.7762058992,98.88433278749804,0.7450682215479538,0,2.0,3.177,0.917,0.0,561325.81,1.0,73.1,HIGH,MODIFY
974004.4931233559,1714841.7278495806,334759.86927479325,369396.7010628275,40.161189440809586,0.6172082046153183,0,1.0,5.123,2.213,1.11,0.0,0.439,42.6,MEDIUM,ALLOW
953110.6063795205,247961.7435557702,198369.39484461618,443074.6807447132,45.92225423835382,0.755468952564197,1,1.0,1.25,0.0,0.0,1346592.94,1.0,93.5,CRITICAL,BLOCK
125939.7101899984,276722.1955945398,167724.16977398162,581410.4537379411,61.608389350905355,0.6418868402225638,0,1.0,1.65,0.899,0.0,598352.14,1.0,82.6,CRITICAL,MODIFY
303338.57397825166,276411.1245830081,221128.8996664065,369556.9319285228,53.522151206405596,0.6310859552608606,0,3.0,1.25,0.0,0.0,617613.28,1.0,85.6,CRITICAL,BLOCK
963221.7079157708,695986.0241834791,555319.3686106623,139984.50108889255,81.53981984851256,0.6096681567787942,0,2.0,1.253,0.0,0.0,962539.55,1.0,75.9,HIGH,BLOCK
847055.2346191334,1417459.035214784,753206.7706806684,476928.2296524087,69.27427437716244,0.6797791400327801,0,3.0,1.882,0.757,0.124,659731.2,1.0,75.2,HIGH,MODIFY
489070.0246120654,1769902.579476004,420493.58017295314,658068.3577648761,94.2479165821201,0.7713957320866585,0,4.0,4.209,3.046,1.481,0.0,0.467,21.3,LOW,ALLOW
296251.9231328719,835820.725957043,236500.64250999305,110577.61728451992,90.3712276669234,0.6074024340697601,0,3.0,3.534,2.281,1.814,0.0,0.06,14.9,LOW,ALLOW
908564.2978600813,794597.1453808825,635677.7163047061,636082.7154903384,42.98407571292632,0.8295205718979607,0,1.0,1.25,0.0,0.0,1385727.58,1.0,90.4,CRITICAL,BLOCK
666921.2119344934,624713.5488612975,499770.8390890381,656437.9555875227,73.21232629328927,0.8729742153330812,1,3.0,1.25,0.0,0.0,1198416.46,1.0,87.1,CRITICAL,BLOCK
386832.4312083769,1401877.434517987,1105434.025740634,137696.45716128894,55.075779676608335,0.8374511943438355,0,3.0,1.268,0.918,0.794,228085.48,0.506,49.8,MEDIUM,MODIFY
942157.776886745,1094430.4859092073,875544.3887273659,423350.3341060751,69.0766410804839,0.6872354825789518,0,4.0,1.25,0.174,0.0,1146622.01,1.0,83.7,CRITICAL,MODIFY
672284.9974959271,1664597.5466537273,665998.6858370336,234092.81433853754,64.24234544170253,0.7489815686838798,0,2.0,2.499,1.49,1.138,0.0,0.073,31.0,LOW,ALLOW
998790.5852294902,1227832.2210841882,485126.4384757986,609756.0842175456,65.776728472098,0.682264813538026,0,3.0,2.531,0.472,0.0,865840.89,1.0,86.8,CRITICAL,MODIFY
27445.96898350681,1992207.0242388777,752191.7729785151,569189.5116719363,93.75317959176533,0.6644056643138508,0,2.0,2.649,2.612,1.855,0.0,0.004,2.0,LOW,ALLOW
214118.5386163928,1675664.7097121002,879742.9523597559,71218.2546302194,43.24042559877499,0.6617598050660999,0,1.0,1.905,1.661,1.58,0.0,0.095,20.8,LOW,ALLOW
659439.7238866972,1729314.858284592,1367614.1151360585,778591.5958832849,44.937611348013824,0.7440570240981504,1,4.0,1.264,0.782,0.213,1076330.58,1.0,83.7,CRITICAL,MODIFY
609342.9318434983,240343.69227083097,192274.95381666478,470117.9204260241,57.096232576224196,0.8579796750709774,0,1.0,1.25,0.0,0.0,1031392.11,1.0,87.7,CRITICAL,BLOCK
547036.7001495936,448833.15927750885,359066.5274220071,704141.8664660534,61.00700075771533,0.8001266828000826,2,4.0,1.25,0.0,0.0,1161411.93,1.0,97.3,CRITICAL,BLOCK
83440.23582432888,1878512.5480648968,877784.6681548378,20554.353353385137,71.86560378791776,0.7633271561188993,0,1.0,2.14,2.045,2.022,0.0,0.124,5.9,LOW,ALLOW
489843.111551474,1214172.3718734863,554400.1560968796,611687.6402375221,79.41104117004512,0.9643179814633286,0,4.0,2.19,1.307,0.203,441758.54,1.0,64.3,HIGH,MODIFY
513934.675425513,1624633.9164497626,959867.3098166037,723049.297956745,48.875783930258336,0.8832201231519956,0,4.0,1.693,1.157,0.404,572217.37,0.896,62.6,HIGH,MODIFY
858924.5789521756,277642.4486928807,222113.95895430457,206921.15369273126,86.63778039230243,0.9081454730524133,0,3.0,1.25,0.0,0.0,1010317.24,1.0,77.8,HIGH,BLOCK
590133.0760724826,1193326.4118149,484950.5487009103,539353.9660797286,87.70031558547092,0.8157524353838947,0,4.0,2.461,1.244,0.132,421111.18,1.0,62.9,HIGH,MODIFY
967725.7529182066,1028431.0940344685,822744.8752275748,536022.7801869923,63.49133256615542,0.7142114505886992,0,4.0,1.25,0.074,0.0,1298062.31,1.0,85.1,CRITICAL,MODIFY
305899.35747699713,1297684.6432489625,668036.4131046674,211865.09690020382,76.0964322934239,0.6099922041118251,0,3.0,1.943,1.485,1.167,0.0,0.023,19.1,LOW,ALLOW
200170.6183527356,808432.2406647906,671012.5345152512,746734.078857728,74.21984637411612,0.694831638946777,0,3.0,1.205,0.906,0.0,809484.99,1.0,81.6,CRITICAL,MODIFY
949319.5416525876,1104559.1245725024,924724.9666318893,177602.06619452362,71.54270249312894,0.8077543424197156,0,1.0,1.194,0.168,0.0,947087.45,1.0,83.6,CRITICAL,MODIFY
1188808.2868989739,665356.8454931625,532285.47639453,602316.2217569905,66.26528479542289,0.8245425963891926,0,1.0,1.25,0.0,0.0,1658053.14,1.0,80.9,CRITICAL,BLOCK
204261.67404881856,1976844.4037395872,1014130.957797658,656598.7698622512,52.069693343113,0.7588780026294633,0,4.0,1.949,1.748,1.1,0.0,0.108,24.4,LOW,ALLOW
312869.90890092315,1965822.7193916265,209117.66283045232,445035.01958276966,45.569337953894504,0.7296557792582061,1,1.0,9.401,7.904,5.776,0.0,0.137,25.9,LOW,ALLOW
520412.0907059429,671928.924502617,537543.1396020936,520228.6006901609,91.50947250725082,0.8718356745151381,0,4.0,1.25,0.282,0.0,906254.91,1.0,76.8,HIGH,MODIFY
1094749.3407004774,1560089.9035677612,803723.4497098415,598017.4426158284,85.57159226709192,0.649443139829307,0,1.0,1.941,0.579,0.0,936400.33,1.0,82.3,CRITICAL,MODIFY
559452.824232431,1513074.377217388,1319503.3165883366,440922.3624793302,45.716988533872495,0.6310515877061477,0,1.0,1.147,0.723,0.389,806804.13,0.911,78.4,HIGH,MODIFY
659638.8716429492,1327862.176878431,1062289.7415027448,493174.5330284115,71.76582148989284,0.9138588760562527,0,4.0,1.25,0.629,0.165,887240.97,1.0,77.8,HIGH,MODIFY
684993.4636182849,760908.4164690794,608726.7331752636,550951.3133318614,91.13720262294603,0.7276573820614155,0,3.0,1.25,0.125,0.0,1083763.09,1.0,75.7,HIGH,MODIFY
1015333.997667347,1278394.6426446845,393784.918480321,624836.7993697923,98.6863572323147,0.6960946358131352,2,1.0,3.246,0.668,0.0,755561.07,1.0,82.7,CRITICAL,BLOCK
83621.87229255114,341491.3859998276,273193.1087998621,666019.2167520912,71.7312306643253,0.9008040331046534,1,2.0,1.25,0.944,0.0,681342.81,1.0,86.2,CRITICAL,MODIFY
129009.892139246,1956555.6129577898,1024284.9694176025,463415.08185807074,59.33157673456455,0.8338026002181056,0,1.0,1.91,1.784,1.332,0.0,0.007,15.4,LOW,ALLOW
641119.8950992298,742038.96710715,333447.1069519449,464291.11510645004,50.55672492660984,0.71439377120881,0,4.0,2.225,0.303,0.0,696819.15,1.0,88.2,CRITICAL,MODIFY
739934.6519823411,1825453.327097059,1313111.7615969158,345072.0041841474,64.21715776585145,0.727481049357201,0,2.0,1.39,0.827,0.564,572665.09,0.736,57.8,MEDIUM,MODIFY
414500.92047189444,855537.5358615273,684430.028689222,713970.8878349316,73.70139880915474,0.9051815663402275,0,3.0,1.25,0.644,0.0,957364.3,1.0,81.6,CRITICAL,MODIFY
940854.3560634576,965272.6295258141,477397.4583074479,206470.834010422,63.861757335642366,0.7486915563455139,0,2.0,2.022,0.051,0.0,659450.02,1.0,85.4,CRITICAL,MODIFY
762822.5721974855,720542.7951927953,296338.2365946622,482920.3701510438,60.47438539941031,0.9608873933623927,0,4.0,2.431,0.0,0.0,821538.38,1.0,83.4,CRITICAL,BLOCK
1156301.9741089903,514834.2361590301,411867.3889272241,638553.5207505603,65.26273701262254,0.9437281414610319,0,4.0,1.25,0.0,0.0,1691888.65,1.0,82.9,CRITICAL,BLOCK
43021.189148358906,768809.4355455907,240898.5654018353,63252.06265972563,56.57490577429024,0.9835626336110139,0,3.0,3.191,3.013,2.75,0.0,0.08,11.2,LOW,ALLOW
1175520.3363958898,307943.50364070165,246354.80291256134,12011.206795858432,68.00053440585572,0.8013454468769701,0,4.0,1.25,0.0,0.0,1125942.84,0.497,70.2,HIGH,BLOCK
944856.2401365176,1895183.4339280191,749519.2580407785,10895.97899309016,87.31292650191955,0.7739849935666837,3,4.0,2.529,1.268,1.253,0.0,0.119,43.7,MEDIUM,BLOCK
141980.19321434858,964978.7123281616,348820.90640144993,131699.11535663132,52.029565812624625,0.6979791229906301,1,4.0,2.766,2.359,1.982,0.0,0.051,21.3,LOW,ALLOW
643425.0344874819,1513093.2114613429,1319637.8094401555,368963.41773335706,60.670910220209294,0.9194103847285182,0,3.0,1.147,0.659,0.379,818933.05,0.921,66.1,HIGH,MODIFY
395915.66730732797,1450489.022971104,463956.98249097634,202574.23735874394,87.01803864831376,0.9821798212119133,0,1.0,3.126,2.273,1.836,0.0,0.101,14.0,LOW,ALLOW
412861.652227665,861369.0176112391,689095.2140889913,116513.59718960714,51.61175034854625,0.9432212450348919,0,2.0,1.25,0.651,0.482,357101.45,0.818,62.5,HIGH,MODIFY
741584.1742662078,1005408.9256662035,804327.1405329629,589183.1858812106,97.65188102412189,0.8660471177595342,0,1.0,1.25,0.328,0.0,1129685.58,1.0,73.9,HIGH,MODIFY
800752.677390196,916659.168716394,428477.91260413727,516051.922091935,80.03257491285672,0.6648794796379002,0,2.0,2.139,0.271,0.0,828623.34,1.0,82.8,CRITICAL,MODIFY
96603.40032212215,883112.5515188975,379116.5385881398,379786.24912279955,82.13878980088472,0.8554713707546276,0,1.0,2.329,2.075,1.073,0.0,0.091,14.1,LOW,ALLOW
766056.55842491,275064.5865416068,220051.66923328547,26560.112158137537,75.92396649469038,0.909202205551831,0,2.0,1.25,0.0,0.0,737603.75,0.28,68.6,HIGH,BLOCK
52559.06277021598,613133.1025509076,490506.4820407261,736666.034836905,81.30027526231494,0.8474039851033647,0,1.0,1.25,1.143,0.0,666598.48,1.0,64.5,HIGH,MODIFY
1086953.5484886423,1053507.1455633764,536917.7415531469,674048.1342374363,60.37508233148617,0.6671774902101838,0,3.0,1.962,0.0,0.0,1244412.28,1.0,83.5,CRITICAL,BLOCK
646745.4569490234,1686533.3241010199,433859.12035596714,289305.4109122397,43.89148576581161,0.835079287973203,0,1.0,3.887,2.397,1.73,0.0,0.002,29.5,LOW,ALLOW
296699.0434821156,1640815.5032012502,1053849.4458993752,476605.13593752886,48.67793016628341,0.7780323968420516,0,3.0,1.557,1.275,0.823,186338.12,0.477,36.1,MEDIUM,MODIFY
622246.033802102,966052.9224478421,772842.3379582737,124002.8434085799,92.31676396798876,0.8693339669969057,0,3.0,1.25,0.445,0.284,553038.29,1.0,66.7,HIGH,MODIFY
1009297.3519474478,1707518.7926204077,291283.0726819122,544818.9922423975,54.97379382873839,0.6906949660495474,1,4.0,5.862,2.397,0.527,137880.62,0.773,58.4,MEDIUM,MODIFY
672529.0030386299,437962.1090606257,350369.6872485006,181107.32789273793,66.52229720802089,0.8033707476543759,0,1.0,1.25,0.0,0.0,766043.91,1.0,82.0,CRITICAL,BLOCK
45799.43922428501,1362928.4291502517,892102.5982123492,735960.4943806612,49.2698652720331,0.9438097751957676,0,2.0,1.528,1.476,0.651,310934.1,0.649,34.9,LOW,MODIFY
1109706.4121990534,288876.99008765235,231101.5920701219,134226.5972239117,47.14646851749825,0.9183235892327088,0,2.0,1.25,0.0,0.0,1186157.61,1.0,85.1,CRITICAL,BLOCK
63918.4358935691,1030356.4353372672,662193.2700628738,23840.388702888315,89.63522874006156,0.8327779353549665,1,4.0,1.556,1.459,1.423,0.0,0.107,7.7,LOW,ALLOW
466621.9165791787,1672093.7559891422,405623.6222617798,74352.37937428881,43.64099766402603,0.8825573167334526,2,3.0,4.122,2.972,2.789,0.0,0.139,34.9,LOW,BLOCK
66363.96963552275,353094.28916378866,282475.43133103097,386070.276953957,64.8472695887034,0.8929193043627546,1,2.0,1.25,1.015,0.0,381815.39,1.0,81.1,CRITICAL,MODIFY
1000148.4556851881,1759438.2253914743,944747.1508914939,632084.3881229052,42.05728332858789,0.6774367398470695,1,1.0,1.862,0.804,0.135,817541.77,1.0,88.7,CRITICAL,MODIFY
982669.9850748526,1848798.7304350955,154736.218225797,223158.16249524598,59.4360147356787,0.8894558522809093,0,1.0,11.948,5.597,4.155,0.0,0.299,27.6,LOW,ALLOW
97852.63877749338,901881.2921624425,512707.9410421637,723989.6753269722,63.1862552616913,0.7446776977676557,1,1.0,1.759,1.568,0.156,432668.96,1.0,62.8,HIGH,MODIFY
329948.8298534367,1672300.830932786,1387015.6157650033,494891.00855251413,42.47550225887277,0.8399184568663486,0,2.0,1.206,0.968,0.611,539554.62,0.689,59.4,MEDIUM,MODIFY
645812.0407423567,729561.9711066034,340116.0617187088,453974.4410789115,76.68797466091907,0.6621291889360663,0,1.0,2.145,0.246,0.0,710340.57,1.0,81.0,CRITICAL,MODIFY
765982.0945802758,1204454.1180115747,852052.6685707511,94650.62303828252,71.2191788532241,0.8660299964067386,0,1.0,1.414,0.515,0.404,508231.27,0.896,65.3,HIGH,MODIFY
549705.8128135846,1264451.4305275513,393823.6157601983,62027.49353259618,66.81377046488775,0.7470512802832999,0,2.0,3.211,1.815,1.657,0.0,0.019,20.1,LOW,ALLOW
998934.0463913329,1335907.5318243944,929371.5075011665,149417.57547939077,40.86685984478007,0.98133336604146,0,1.0,1.437,0.363,0.202,741815.6,1.0,86.5,CRITICAL,MODIFY
439836.227665701,1893341.315769489,1208352.8639549795,408397.40821334464,97.31941002967118,0.6459336347104798,0,3.0,1.567,1.203,0.865,163245.18,0.435,24.1,LOW,MODIFY
726526.5841037413,448345.53807154257,358676.4304572341,627246.6842808025,45.697747610262255,0.8624599661001675,1,2.0,1.25,0.0,0.0,1264104.16,1.0,91.7,CRITICAL,BLOCK
528533.521122207,1265997.1201797074,1012797.6961437659,141620.9230585026,48.31388321955765,0.9677798009383372,0,1.0,1.25,0.728,0.588,416955.02,0.712,60.6,HIGH,MODIFY
324557.2366416248,1786954.605521753,1383107.4825915494,585129.0247824272,55.71766161962317,0.6514372364509251,1,3.0,1.292,1.057,0.634,505839.14,0.666,54.2,MEDIUM,MODIFY
527790.0157690623,1700190.1574657483,211251.43118647186,404638.08850299736,40.17028256394258,0.8254113652199433,0,3.0,8.048,5.55,3.634,0.0,0.075,25.4,LOW,ALLOW
337379.69242975547,1467428.1538818595,611931.0330861197,42272.910233486626,50.12894709754776,0.92263951415602,0,4.0,2.398,1.847,1.778,0.0,0.149,22.9,LOW,ALLOW
1063719.7902588656,1299847.7771176174,1039878.221694094,223998.8446537069,43.446235099796986,0.789335177413125,0,2.0,1.25,0.227,0.012,1027749.08,1.0,87.2,CRITICAL,MODIFY
1192486.1019806974,1014723.1372644517,271620.77601207123,57990.392383849976,95.55425328838574,0.8114755238625141,2,3.0,3.736,0.0,0.0,507374.13,1.0,88.1,CRITICAL,BLOCK
452443.788349049,306203.3412206193,244962.67297649544,820.5569411421366,50.502015060086464,0.7808905243538644,1,1.0,1.25,0.0,0.0,392023.68,0.294,77.3,HIGH,BLOCK
1136935.0838822064,278515.2684074842,222812.2147259874,689755.7127114838,65.99474594102179,0.9201180480577769,0,1.0,1.25,0.0,0.0,1770987.74,1.0,83.2,CRITICAL,BLOCK
315146.5657219338,226470.50625299127,181176.40500239303,560528.8495420044,98.29048140768037,0.6337832449535284,0,3.0,1.25,0.0,0.0,830381.31,1.0,75.7,HIGH,BLOCK
177610.6028181614,727464.0232965797,581971.2186372638,453989.58040418004,67.6311877249111,0.8313082505507755,0,4.0,1.25,0.945,0.165,486107.38,1.0,75.4,HIGH,MODIFY
147524.82967055822,702251.3756289317,561801.1005031454,669065.8970636275,45.19735584855701,0.8435180381632021,1,2.0,1.25,0.987,0.0,676140.45,1.0,88.3,CRITICAL,MODIFY
930400.9104085017,583791.3052965234,467033.04423721874,28417.338477474008,59.60511844365918,0.6599543368607763,1,4.0,1.25,0.0,0.0,842059.99,0.267,73.4,HIGH,BLOCK
942569.1520489361,734185.853481325,587348.68278506,582697.6261135521,65.83317332048699,0.8043669862146448,2,2.0,1.25,0.0,0.0,1378429.61,1.0,93.3,CRITICAL,BLOCK
528151.8473201406,1751679.5642034356,1471668.3546949516,596265.5331448729,66.42047456228444,0.8294315435268129,0,3.0,1.19,0.831,0.426,844406.17,0.874,66.0,HIGH,MODIFY
281143.291483252,1941811.4089844981,579191.313164477,736909.8721825914,87.06982393978143,0.8459425709987312,1,4.0,3.353,2.867,1.595,0.0,0.137,17.8,LOW,ALLOW
1113144.2605649922,295531.345918245,236425.076734596,563750.3388531265,63.21493920867338,0.7751043999325566,0,1.0,1.25,0.0,0.0,1617788.33,1.0,83.4,CRITICAL,BLOCK
991335.8195243959,570781.970145016,396742.553520216,475253.2961011785,71.9096870070556,0.7299895342581137,1,1.0,1.439,0.0,0.0,1292549.7,1.0,87.1,CRITICAL,BLOCK
179365.81187662034,1281848.6345954565,1077015.3904391855,644353.0457909819,81.54541652354105,0.7736222326455346,0,2.0,1.19,1.024,0.425,618885.61,0.875,55.9,MEDIUM,MODIFY
1119279.363147755,620854.1152419795,496683.2921935836,558906.0779839562,44.90631182694948,0.6690793280251491,0,1.0,1.25,0.0,0.0,1554014.62,1.0,89.5,CRITICAL,BLOCK
1081116.3897321334,1822010.4512925788,1209660.323498744,285875.51636649924,96.75675673419045,0.6041245135037927,1,1.0,1.506,0.612,0.376,754641.78,0.924,62.6,HIGH,MODIFY
1160268.7703040068,529567.0034863804,423653.6027891044,523741.0884284102,80.49722287583225,0.7012555713330229,0,3.0,1.25,0.0,0.0,1578096.46,1.0,77.6,HIGH,BLOCK
920332.1126632486,1920550.9551059927,814622.1353475422,563347.5791887214,89.82696374221871,0.780841280162592,0,3.0,2.358,1.228,0.536,377750.87,0.764,47.4,MEDIUM,MODIFY
284413.54418581876,859083.4584760959,187867.94903251994,600796.889240942,43.880008472804164,0.6037918712437241,0,2.0,4.573,3.059,0.0,213994.92,1.0,74.8,HIGH,MODIFY
914777.3273901009,1111668.1136253057,889334.4909002446,51527.57210736656,72.02290297071355,0.8444757883193944,2,2.0,1.25,0.221,0.163,743971.28,1.0,88.8,CRITICAL,BLOCK
1152214.78230564,1307672.5222906398,1046138.0178325119,287339.33774297335,84.837946468983,0.6950160830812752,0,3.0,1.25,0.149,0.0,1178019.62,1.0,76.9,HIGH,MODIFY
1156867.386396247,327191.0224844798,230088.58598919248,455515.5869756353,74.0789329168934,0.8512088748626143,0,4.0,1.422,0.0,0.0,1515280.54,1.0,81.7,CRITICAL,BLOCK
322693.841028703,896343.2989331473,742963.636253967,622635.1302591076,92.83087862474113,0.9884852084279281,0,2.0,1.206,0.772,0.0,791949.31,1.0,78.1,HIGH,MODIFY
1156184.3838095295,720156.8555247944,576125.4844198356,299974.9115818025,53.27666963793457,0.6010838429117642,0,4.0,1.25,0.0,0.0,1312127.92,1.0,84.9,CRITICAL,BLOCK
1182588.160943871,219897.53940091538,175918.03152073233,250482.88258972092,47.67046519392574,0.7525535672278815,0,4.0,1.25,0.0,0.0,1389091.54,1.0,88.2,CRITICAL,BLOCK
1136959.6942625328,310066.949799101,248053.5598392808,561965.1602452896,48.81764616751129,0.9078179617696682,0,1.0,1.25,0.0,0.0,1636911.46,1.0,90.1,CRITICAL,BLOCK
16686.133207946976,1418180.411186149,630828.8166655982,611444.3418924524,71.91981793784622,0.9562745536972714,0,2.0,2.248,2.222,1.252,0.0,0.002,9.7,LOW,ALLOW
17729.31721129982,1630240.9533034707,981959.5080029205,717107.7709098952,59.73619231956883,0.9803577156378072,2,3.0,1.66,1.642,0.912,86555.64,0.388,25.3,LOW,BLOCK
716168.7146646269,1749266.7550960367,268431.2342169812,474877.35611835733,64.98636614821409,0.6653199671517619,0,2.0,6.517,3.849,2.08,0.0,0.326,29.3,LOW,ALLOW
554512.0199795988,215248.50422546055,172198.80338036845,282978.49607861484,51.005777840215885,0.6997754582774494,3,1.0,1.25,0.0,0.0,794440.82,1.0,98.0,CRITICAL,BLOCK
963372.1932743503,1833195.6267420335,304621.4917497786,673482.9793101706,53.31333654454321,0.8932543921082094,0,2.0,6.018,2.855,0.645,108281.04,0.655,39.3,MEDIUM,MODIFY
873413.0125172538,378154.3833364758,302523.50666918064,136733.4310264895,60.80172694852469,0.955050449926621,1,4.0,1.25,0.0,0.0,934515.57,1.0,92.2,CRITICAL,BLOCK
929635.0403380158,1217978.1047257334,735542.0473490775,402506.3123496203,52.4747239991747,0.7448570683568949,0,1.0,1.656,0.392,0.0,849705.3,1.0,87.3,CRITICAL,MODIFY
831970.968262059,1951061.7080837586,376097.18144215574,305375.79987056827,70.48907778131192,0.8764435922327201,1,3.0,5.188,2.976,2.164,0.0,0.138,27.6,LOW,ALLOW
89930.79946571418,1458855.5819315684,1308408.1425631698,783271.5593304498,75.91073278794948,0.6602835503095605,2,4.0,1.115,1.046,0.448,722754.92,0.852,58.7,MEDIUM,BLOCK
210064.41622700647,372754.06861135404,298203.25488908327,603194.2038343671,49.58830101096578,0.6210499922877295,0,3.0,1.25,0.546,0.0,738707.81,1.0,87.9,CRITICAL,MODIFY
798357.5792250193,1709628.7858701365,458661.92603569373,124389.64879011856,54.865759277583294,0.708195480024147,0,3.0,3.727,1.987,1.716,0.0,0.098,32.1,LOW,ALLOW
811020.2480895389,1478972.3318316753,1096486.0552085983,588575.4324633048,83.35239840872362,0.6497564623809242,0,1.0,1.349,0.609,0.072,1017109.4,1.0,73.9,HIGH,MODIFY
165395.5622252674,468681.8554567658,374945.4843654127,351125.35058276064,61.19134011997805,0.9628433746070036,0,1.0,1.25,0.809,0.0,422784.54,1.0,81.6,CRITICAL,MODIFY
165464.90281054642,274571.90019875806,219657.52015900647,74829.64049535204,59.792443687422704,0.6183435848265262,0,2.0,1.25,0.497,0.156,185380.16,1.0,84.6,CRITICAL,MODIFY
483481.5558394871,991946.6526989079,770458.4667862173,467649.7584340202,76.05520944818016,0.6874555317423304,1,1.0,1.287,0.66,0.053,729643.13,1.0,82.0,CRITICAL,MODIFY
1134419.4027733386,1757340.4244677217,205183.4550634831,465632.2404687058,96.39141231270335,0.6850862081836114,2,1.0,8.565,3.036,0.767,47894.67,0.533,34.2,LOW,BLOCK
89588.19276024104,1535373.291180894,1258590.248022025,309679.4986240986,49.56993920281015,0.8213207443926658,1,2.0,1.22,1.149,0.903,122484.65,0.397,33.0,LOW,ALLOW
492976.7378646451,225185.78843740348,180148.6307499228,707838.4779010677,97.16150120372382,0.7628967784208022,3,4.0,1.25,0.0,0.0,1155778.06,1.0,90.2,CRITICAL,BLOCK
843507.1886246015,1803664.5268875572,667272.3626026632,743889.2433224419,44.96264757699779,0.7997365456345001,0,3.0,2.703,1.439,0.324,451004.27,0.976,63.2,HIGH,MODIFY
367598.68294501473,1601845.2597671798,1207350.4734329374,28942.194229216955,96.95342689348479,0.7526913358426217,0,3.0,1.327,1.022,0.998,2046.09,0.091,14.9,LOW,MODIFY
780195.6451637811,950298.0740280586,161523.78885527072,301543.0520014454,66.76330500242555,0.6504955507825214,0,2.0,5.883,1.053,0.0,292964.41,1.0,76.7,HIGH,MODIFY
314314.4409922223,359227.37070867314,287381.89656693855,628664.3708404044,79.26241116307139,0.958657709682077,1,3.0,1.25,0.156,0.0,871133.34,1.0,84.2,CRITICAL,MODIFY
767116.3403591391,1422520.0438979026,1138016.0351183221,763967.8242164301,71.49425561995938,0.7922670014214961,3,1.0,1.25,0.576,0.0,1246580.16,1.0,95.5,CRITICAL,BLOCK
110716.11324725932,760042.8270801287,608034.261664103,480628.1064205981,80.27919866469286,0.7028311892303468,0,3.0,1.25,1.068,0.277,439335.65,1.0,58.4,MEDIUM,MODIFY
803385.4286264463,1924392.6877974432,1350100.62563125,291736.4032961651,53.915162781401406,0.6957538044578537,2,1.0,1.425,0.83,0.614,520829.77,0.686,70.1,HIGH,BLOCK
1019523.9908655636,341634.04309399775,273307.2344751982,423201.5997142091,63.93439957984817,0.7458061996270251,1,3.0,1.25,0.0,0.0,1374398.78,1.0,87.8,CRITICAL,BLOCK
957318.5807444331,1415251.1200563116,824162.3092190472,321101.3054062516,82.01427443176473,0.8810152842180443,3,3.0,1.717,0.556,0.166,687331.08,1.0,91.1,CRITICAL,BLOCK
571903.8835126351,631872.4973936009,505497.99791488075,685797.0790317924,63.18862043181728,0.9631653889564578,0,4.0,1.25,0.119,0.0,1131326.46,1.0,82.8,CRITICAL,MODIFY
450227.5158936526,342341.57591126673,273873.2607290134,428389.14214218466,93.5872649957779,0.8233477450124603,2,3.0,1.25,0.0,0.0,810148.34,1.0,86.8,CRITICAL,BLOCK
179688.49684659266,533656.5924342877,426925.27394743013,629221.9039198838,61.901726618165355,0.7487018705521464,0,4.0,1.25,0.829,0.0,702179.08,1.0,82.9,CRITICAL,MODIFY
447851.84446375346,1965507.3322141988,334556.9675673275,573923.57342542,98.25064868480818,0.7036210846962119,0,3.0,5.875,4.536,2.821,0.0,0.008,8.1,LOW,ALLOW
953239.8620079468,1180031.1166818303,413807.9962473116,125930.53544139047,64.51191077514069,0.6453741337164416,1,3.0,2.852,0.548,0.244,312947.28,1.0,79.9,HIGH,MODIFY
134057.2944555442,1384013.8657881005,768161.9681798471,725968.2993928767,93.31634790499692,0.6116951930397867,0,1.0,1.802,1.627,0.682,244173.7,0.618,24.5,LOW,MODIFY
1118986.2189672457,841282.1505632591,375466.47110447136,63520.66021180347,83.0634783758967,0.7741873133631605,2,3.0,2.241,0.0,0.0,716691.2,1.0,88.4,CRITICAL,BLOCK
889558.0113422184,1668161.8611889319,1038221.0349823252,140974.55401984195,92.46162858191707,0.7971395206528089,0,3.0,1.607,0.75,0.614,400591.74,0.686,52.5,MEDIUM,MODIFY
601691.9017646812,1421682.698253539,215622.7290762858,514252.6505283917,49.65243805432263,0.852760852159306,1,1.0,6.593,3.803,1.418,0.0,0.407,39.5,MEDIUM,ALLOW
1086875.378632578,1535549.3685352833,349243.6710779512,370239.2724333188,47.79135599777831,0.7676901302942555,0,4.0,4.397,1.285,0.225,270808.95,1.0,71.5,HIGH,MODIFY
778389.5419882518,400655.21524536016,320524.1721962881,37313.073426487266,85.02833519226824,0.8731037250106994,1,4.0,1.25,0.0,0.0,735571.57,0.48,72.0,HIGH,BLOCK
40127.51993329887,1384913.5352026697,211600.8832983287,121586.45083811833,90.52375690089679,0.6694907461442083,0,3.0,6.545,6.355,5.781,0.0,0.028,2.0,LOW,ALLOW
729016.2292744031,550761.5939963397,440609.2751970718,181367.33155047623,73.84619181488219,0.9087866464118136,1,2.0,1.25,0.0,0.0,800231.24,1.0,88.5,CRITICAL,BLOCK
1192210.9729478457,1329583.7435828892,267240.20590937964,726746.4937870641,51.709109590767056,0.6772650859315138,0,3.0,4.975,0.514,0.0,856613.93,1.0,86.0,CRITICAL,MODIFY
41878.89125280324,903377.7603269998,722702.2082615999,515900.267282051,73.96119542307412,0.8461553686396674,0,2.0,1.25,1.192,0.478,377103.61,0.822,38.9,MEDIUM,MODIFY
1072969.063320534,1939448.3753119889,625536.0027162986,527419.1062622399,52.57931048917123,0.691506201608925,0,4.0,3.1,1.385,0.542,286475.8,0.758,51.9,MEDIUM,MODIFY
217424.53636001612,1808518.6477004173,964576.1551014857,229863.53256458382,90.3189817588568,0.8695640572194916,1,2.0,1.875,1.65,1.411,0.0,0.117,14.0,LOW,ALLOW
1166671.518768091,968278.6610483652,834822.4708624994,375633.94544777874,45.406644087556614,0.6190924229098749,3,1.0,1.16,0.0,0.0,1408849.27,1.0,98.0,CRITICAL,BLOCK
919744.5773463174,1096101.5672850753,876881.2538280603,645540.6258010562,88.95612918852916,0.677962285940661,0,1.0,1.25,0.201,0.0,1346064.89,1.0,77.7,HIGH,MODIFY
1143058.7403484855,379598.02476761746,303678.41981409397,784387.2460938812,53.11342117699948,0.9754708812961546,0,2.0,1.25,0.0,0.0,1851526.38,1.0,86.6,CRITICAL,BLOCK
916833.3170707871,1334480.35405975,1067584.2832478,427305.89425283246,55.237968757612194,0.7569895110771491,0,4.0,1.25,0.391,0.0,1077243.14,1.0,87.2,CRITICAL,MODIFY
267862.22158939554,577676.3391749596,462141.07133996766,552681.3386826016,49.013209695789435,0.9713907753150199,2,1.0,1.25,0.67,0.0,705008.29,1.0,98.0,CRITICAL,BLOCK
421866.27825091465,725666.4608177643,580533.1686542114,792311.6247078952,90.6257958612847,0.8207686740172682,1,2.0,1.25,0.523,0.0,1069044.61,1.0,81.8,CRITICAL,MODIFY
1191739.1158019397,1677895.1942858854,984208.782318374,168850.8294319547,78.7092932455929,0.9510850889380903,0,4.0,1.705,0.494,0.322,666903.53,0.978,70.2,HIGH,MODIFY
75952.02351474512,1739150.4613008925,304899.49708896177,317455.79650207877,86.7859850824982,0.7075540868995424,1,1.0,5.704,5.455,4.414,0.0,0.073,4.1,LOW,ALLOW
787309.3798637739,1909600.212788603,1192429.7825599706,259167.09392367094,40.79957118198453,0.8573966223595848,0,4.0,1.601,0.941,0.724,329306.04,0.576,49.6,MEDIUM,MODIFY
485162.8013163353,1115692.3682405138,537212.1087935548,456728.4573803659,82.48561231000772,0.8561718798614759,0,3.0,2.077,1.174,0.324,363411.0,0.976,63.1,HIGH,MODIFY
686725.5960146975,281059.27147535846,224847.41718028678,639425.7317440503,95.2702258970316,0.8572784115839316,0,4.0,1.25,0.0,0.0,1269939.47,1.0,77.1,HIGH,BLOCK
807925.0693967605,688914.5346763176,551131.627741054,460985.5814033539,62.182540081091815,0.9840587111748218,0,4.0,1.25,0.0,0.0,1131127.74,1.0,84.7,CRITICAL,BLOCK
10628.247747809613,532752.9736485824,426202.3789188659,109670.28747892469,54.96363538470051,0.7694927487581508,0,1.0,1.25,1.225,0.968,13747.94,0.332,16.0,LOW,ALLOW
97217.01204443649,1390938.301098717,352056.038492168,161428.27613099583,54.375403772011154,0.8794164682008223,2,4.0,3.951,3.675,3.216,0.0,0.069,22.6,LOW,BLOCK
574734.0977682704,265404.22603123216,212323.38082498574,59354.68175991581,65.15538461463467,0.9483465815239427,0,2.0,1.25,0.0,0.0,581007.93,1.0,80.1,CRITICAL,BLOCK
1151381.154608365,1414910.1508882132,188229.80129358202,556362.2985886073,96.86624902706336,0.8085584119143978,0,4.0,7.517,1.4,0.0,481063.1,1.0,66.4,HIGH,MODIFY
825075.975211578,1884744.8913336452,1419951.2351438627,720087.3787155338,81.19873169724019,0.7204192810444233,0,1.0,1.327,0.746,0.239,1080369.7,1.0,72.1,HIGH,MODIFY
619868.0850104617,755780.0497045888,191684.2333052116,580064.9689771993,74.11488634779391,0.7305997550551497,0,2.0,3.943,0.709,0.0,635837.24,1.0,80.3,CRITICAL,MODIFY
680018.0261708781,880644.6722903652,704515.7378322922,364875.84590638214,94.37798839629778,0.7871757969460352,1,1.0,1.25,0.285,0.0,868764.94,1.0,81.2,CRITICAL,MODIFY
600730.0460121578,1180559.9421090356,944447.9536872285,238195.10085818675,66.42173854255725,0.7755541811146536,0,1.0,1.25,0.614,0.362,602813.16,0.938,69.2,HIGH,MODIFY
1188823.1647773974,1802947.49606852,725951.0571684344,205545.25171459286,59.50692630520872,0.6089908999101471,0,3.0,2.484,0.846,0.563,317371.98,0.737,58.5,MEDIUM,MODIFY
1170311.2784337664,267743.09918250097,214194.4793460008,452037.0449222603,76.37106332929295,0.9755255609833985,0,1.0,1.25,0.0,0.0,1568799.7,1.0,83.9,CRITICAL,BLOCK
462386.74487963907,844568.1277456562,675654.502196525,256876.9765251198,42.923176698301496,0.7446750747523467,0,1.0,1.25,0.566,0.185,550350.1,1.0,81.1,CRITICAL,MODIFY
502095.3059387294,490721.5979116347,367488.0726233715,165096.05304340392,57.68287020811046,0.9851047752094388,1,3.0,1.335,0.0,0.0,543957.83,1.0,94.3,CRITICAL,BLOCK
409125.03926419927,1207264.0039987327,919387.6469929398,314776.7385761793,94.43359140768561,0.761439527022906,0,3.0,1.313,0.868,0.526,436025.42,0.774,52.6,MEDIUM,MODIFY
952131.4728785943,1476266.023988397,1210512.2025947405,244282.01682559677,47.157423990486514,0.8220603355908482,0,2.0,1.22,0.433,0.231,930659.67,1.0,81.3,CRITICAL,MODIFY
338187.65624016506,1470236.9637828318,1307928.543902533,360712.32131176523,53.35848222613539,0.9435578362283057,1,3.0,1.124,0.866,0.59,536591.56,0.71,69.1,HIGH,MODIFY
716051.9610385874,508407.2341247458,453113.84621601336,400403.4067399993,47.56991851866905,0.8819505145850847,1,2.0,1.122,0.0,0.0,1061161.98,1.0,93.6,CRITICAL,BLOCK
330834.37903756765,1140292.9294761003,912234.3435808802,199341.77492674187,46.11306919956917,0.6031106789343467,2,4.0,1.25,0.887,0.669,302117.57,0.631,63.6,HIGH,BLOCK
61588.55669145963,407258.3522555102,325806.6818044082,261458.78613804924,93.05502905879851,0.8022431256295859,0,4.0,1.25,1.061,0.258,241595.67,1.0,57.0,MEDIUM,MODIFY
159536.52012629726,1254089.2082262116,1003271.3665809693,195547.08010054016,42.5317333400585,0.7084736896381314,0,3.0,1.25,1.091,0.896,104265.76,0.404,33.4,LOW,MODIFY
74983.13992711162,1502362.09854252,451652.1916901638,21908.65362545926,92.93709250912447,0.9411102268751776,0,1.0,3.326,3.16,3.112,0.0,0.031,2.0,LOW,ALLOW
851304.7570581558,908268.1473774796,630922.7035480198,313285.05987116444,59.51527469127376,0.7315789106109867,0,4.0,1.44,0.09,0.0,887244.37,1.0,88.7,CRITICAL,MODIFY
1108010.4726751167,974439.4119645224,779551.529571618,487587.1552133612,95.71852818174865,0.7018256698196258,0,3.0,1.25,0.0,0.0,1400709.75,1.0,72.6,HIGH,BLOCK
96249.98796849334,913787.791864539,448737.80916829995,747639.057290791,72.49307396924652,0.6187425918516295,0,2.0,2.036,1.822,0.156,378839.06,1.0,53.8,MEDIUM,MODIFY
49847.710661519755,1879018.662924672,1150163.2748785466,198928.8282090592,58.291614934754655,0.7141744855151587,0,2.0,1.634,1.59,1.417,0.0,0.098,11.8,LOW,ALLOW
963185.5361391526,1107982.4517265907,886385.9613812726,316996.04857820837,88.47170983907628,0.9241660924324986,0,3.0,1.25,0.163,0.0,1058585.09,1.0,78.2,HIGH,MODIFY
192058.859649926,1555873.8309787218,1244699.0647829776,643774.1378177321,45.29056427740571,0.858439028182542,0,3.0,1.25,1.096,0.578,524658.23,0.722,48.2,MEDIUM,MODIFY
1011352.1437276823,1988384.5870760959,557832.400728636,46756.2803933963,53.47447266919262,0.9096362943845708,1,1.0,3.564,1.751,1.668,0.0,0.025,36.4,MEDIUM,ALLOW
225597.09365414272,704595.6593738775,563676.5274991019,601285.1615951901,83.0601302046798,0.8940177623904482,1,2.0,1.25,0.85,0.0,685963.12,1.0,82.1,CRITICAL,MODIFY
21089.939193335827,475972.4134392682,380777.93075141456,12993.372288000859,59.48115452136909,0.8237105937055315,0,2.0,1.25,1.195,1.16,0.0,0.132,14.6,LOW,ALLOW
90587.76813399223,656550.0001231183,525240.0000984947,553806.4069918139,79.54932374621418,0.766832750331552,0,1.0,1.25,1.078,0.023,513084.18,1.0,67.7,HIGH,MODIFY
423374.4190154632,1596630.3040169075,973057.8934658137,651064.5646762174,54.698284186572245,0.891873191387203,0,3.0,1.641,1.206,0.537,450866.57,0.763,50.3,MEDIUM,MODIFY
884312.1848422902,1826320.732470414,1378817.4972803963,444902.8895472435,55.240592652170506,0.7901781363527823,0,2.0,1.325,0.683,0.361,881711.84,0.939,72.6,HIGH,MODIFY
973304.3166418722,1903786.426409854,1229399.140067863,637730.6163275344,94.11900842535336,0.6063903522896626,0,2.0,1.549,0.757,0.238,936647.65,1.0,67.4,HIGH,MODIFY
999277.3132632879,1781613.2776437863,708342.6455929425,528443.0794900525,72.24140762754996,0.8845624526047206,2,4.0,2.515,1.104,0.358,454449.76,0.942,73.4,HIGH,BLOCK
135986.30860846722,778006.8672054445,501607.6423882839,629327.7909302989,75.44249247168895,0.9362835532525324,2,1.0,1.551,1.28,0.025,488914.87,1.0,74.0,HIGH,BLOCK
534440.4336315582,609302.0049205518,487441.6039364415,630895.8332397833,67.68049510647666,0.6578517996698362,0,1.0,1.25,0.154,0.0,1043475.87,1.0,81.5,CRITICAL,MODIFY
940509.9251034125,272185.84600684047,217748.67680547238,274593.6893539272,63.25797248435555,0.8081728268405906,1,2.0,1.25,0.0,0.0,1160666.45,1.0,92.2,CRITICAL,BLOCK
925610.9584806964,1328961.893452165,759348.8430536882,61047.31437223645,50.9921050212089,0.6506963836622921,0,1.0,1.75,0.531,0.451,417045.22,0.849,66.0,HIGH,MODIFY
422520.1813071895,1124322.9290510304,468203.360518815,550688.0197095806,64.53979096288384,0.9581031486367542,0,1.0,2.401,1.499,0.323,317088.63,0.977,59.8,MEDIUM,MODIFY
52903.85953743685,1683882.4963012058,543319.861116566,503423.6188681865,53.30658184213631,0.6589097311160228,0,3.0,3.099,3.002,2.075,0.0,0.104,12.9,LOW,ALLOW
597850.1804277909,1794349.1460034235,1181829.4375961954,138130.79104127217,48.384193535250766,0.7919696961990379,0,3.0,1.518,1.012,0.896,123461.26,0.404,37.2,MEDIUM,MODIFY
1030014.46458862,527218.2233213602,178976.42058854806,119722.81422818876,46.66622550163528,0.6686975515409173,0,3.0,2.946,0.0,0.0,801495.48,1.0,89.2,CRITICAL,BLOCK
242405.48797432412,1729995.281432608,409682.8190747029,588752.4545282585,80.84900850679821,0.9184170492458774,0,3.0,4.223,3.631,2.194,0.0,0.044,8.6,LOW,ALLOW
627092.2735625798,233339.03065711143,186671.22452568915,406859.65775978746,74.22652592826239,0.7289315130902826,0,1.0,1.25,0.0,0.0,987284.13,1.0,80.1,CRITICAL,BLOCK
94932.01440850005,1578719.4245567643,1073878.868830481,612870.9726032971,58.480086566347794,0.907328914820624,0,3.0,1.47,1.382,0.811,202962.43,0.489,30.0,LOW,ALLOW
258951.65697001218,915069.7139564872,732055.7711651898,758102.9169419297,75.26622701230477,0.7234476384632645,0,2.0,1.25,0.896,0.0,834040.63,1.0,80.9,CRITICAL,MODIFY
1095337.7492490734,774032.2085516357,380170.07683235593,453790.9814930615,41.034675141299445,0.6314158305188319,0,1.0,2.036,0.0,0.0,1155266.6,1.0,86.6,CRITICAL,BLOCK
872902.0208393132,249998.53057723996,199998.82446179198,126134.33093374589,74.95922072875808,0.6456399895833506,0,4.0,1.25,0.0,0.0,949036.65,1.0,80.1,CRITICAL,BLOCK
844346.392989629,771943.002704146,617554.4021633168,321778.5551106416,65.71760705424444,0.7806762176801731,1,2.0,1.25,0.0,0.0,1011736.35,1.0,89.2,CRITICAL,BLOCK
919095.2126324689,1320361.3840110283,550489.6167405575,143908.31019130585,65.45640263141699,0.6296391370202419,0,1.0,2.399,0.729,0.468,293131.76,0.832,63.9,HIGH,MODIFY
137293.2880029976,374772.87612972525,299818.3009037802,523761.0252994881,84.85670401326315,0.6157745235190366,0,2.0,1.25,0.792,0.0,586099.74,1.0,79.6,HIGH,MODIFY
1022099.4374207378,1674059.6857388255,263005.7456989086,75488.9723644066,88.90130569935478,0.9050232772510132,0,3.0,6.365,2.479,2.192,0.0,0.353,26.6,LOW,ALLOW
604409.210158932,983792.3897668105,713161.1028560278,321170.7132932797,92.72414043171503,0.6405526660963491,0,3.0,1.379,0.532,0.082,654948.64,1.0,72.2,HIGH,MODIFY
902591.1544929638,901034.1417547091,720827.3134037673,669737.3380471477,79.7494405661273,0.6166062927983615,0,4.0,1.25,0.0,0.0,1392121.66,1.0,79.6,HIGH,BLOCK
399477.75612299645,640193.5197221856,573465.8133466118,589399.1646752519,62.87529059969296,0.7566733761868618,2,4.0,1.116,0.42,0.0,922149.21,1.0,98.0,CRITICAL,BLOCK
163868.40074566536,413753.5190018118,331002.81520144944,236955.43800892826,50.63726338443004,0.8381008527052003,1,4.0,1.25,0.755,0.039,318073.13,1.0,92.3,CRITICAL,MODIFY
831310.6406935824,547954.2875993184,173095.4621926819,36377.70583821594,49.622613907548185,0.6986449013459685,0,1.0,3.166,0.0,0.0,492829.52,0.284,73.2,HIGH,BLOCK
843021.2191518462,1783954.1466760153,1192855.5672133537,89533.3235862708,67.79250699206702,0.8398489618609866,0,4.0,1.496,0.789,0.714,341455.96,0.586,50.5,MEDIUM,MODIFY
636946.677676415,1303339.2615603888,926745.8743034587,521350.146298907,70.30754867345266,0.6776733687762061,1,1.0,1.406,0.719,0.157,781703.44,1.0,81.7,CRITICAL,MODIFY
12535.828681600617,1438740.0086315488,376923.52982916683,4306.115793201393,95.23852552924902,0.8917183397181669,0,2.0,3.817,3.784,3.772,0.0,0.082,2.0,LOW,ALLOW
973439.6008667194,779177.863428406,212657.89114654477,216122.23532361857,92.29145919709018,0.95066634134671,0,1.0,3.664,0.0,0.0,623041.86,1.0,80.3,CRITICAL,BLOCK
974276.8923414788,491309.8787131062,393047.902970485,136732.87427416295,85.92285131893127,0.8992494841551127,0,4.0,1.25,0.0,0.0,1012747.79,1.0,77.4,HIGH,BLOCK
529015.8034931066,495225.37947254564,396180.30357803655,195252.50111695868,53.40116656170274,0.9290962109473787,3,2.0,1.25,0.0,0.0,625223.23,1.0,98.0,CRITICAL,BLOCK
1060489.1025430625,1807322.3001782307,1058786.177009084,163077.30802589742,88.05888437133639,0.7589285267967734,1,3.0,1.707,0.705,0.551,475030.29,0.749,62.6,HIGH,MODIFY
902550.6155513992,1934255.1348820017,1382618.7900847874,614370.9087520269,50.44495462969925,0.7774015611473798,0,3.0,1.399,0.746,0.302,965285.18,0.998,79.5,HIGH,MODIFY
734440.8206738675,562025.1522967522,454571.9218835975,79319.4810928517,71.89329135492274,0.7981597064817325,3,3.0,1.236,0.0,0.0,706307.07,1.0,98.0,CRITICAL,BLOCK
638742.4216231417,1280155.929259816,1024124.7434078528,260293.4700742189,95.33583918281627,0.8871504470480984,1,4.0,1.25,0.626,0.372,643004.71,0.928,69.7,HIGH,MODIFY
512765.4039045125,894156.9415550637,715325.553244051,503319.7326859931,61.84381018359798,0.8269804575677869,0,1.0,1.25,0.533,0.0,837253.75,1.0,83.6,CRITICAL,MODIFY
1148261.763286623,429384.18418735254,343507.34734988207,93423.10703184786,94.17503244196557,0.8709694885698028,0,4.0,1.25,0.0,0.0,1155808.03,1.0,77.0,HIGH,BLOCK
426432.78417201317,644509.6729236244,515607.73833889957,397982.8547131722,83.33103006972267,0.6064881587502624,1,2.0,1.25,0.423,0.0,695513.7,1.0,85.3,CRITICAL,MODIFY
645301.229860797,1452676.0989130575,1259666.676737313,610975.4930187161,76.08649788292333,0.7380217282783313,1,2.0,1.153,0.641,0.156,1063267.3,1.0,79.8,HIGH,MODIFY
1070419.865797346,1310136.7869452657,950788.4302245894,130006.11867564071,59.24286724766661,0.8349141487211227,0,1.0,1.378,0.252,0.115,841077.63,1.0,84.6,CRITICAL,MODIFY
733317.4288030344,1795869.9751325445,932097.6273211223,356041.4449460332,77.01669316020303,0.6556605606398325,0,4.0,1.927,1.14,0.758,225586.53,0.542,34.4,LOW,MODIFY
679298.6798627541,1313724.6021139852,803982.1399685105,442596.6369023732,75.12205072477292,0.7197274754758227,0,3.0,1.634,0.789,0.239,612152.85,1.0,73.5,HIGH,MODIFY
338201.5362349813,1731094.807593237,533705.9493928994,762886.6583648857,51.41893372953634,0.8372224070338401,0,3.0,3.244,2.61,1.18,0.0,0.234,26.5,LOW,ALLOW
418601.59289424773,1025003.9810998556,820003.1848798846,318934.39729855134,74.3099733564977,0.9152866326865181,0,4.0,1.25,0.74,0.351,532535.19,0.949,66.4,HIGH,MODIFY
21752.825773350298,250317.88257805974,200254.3060624478,483942.40836301615,79.10999917060565,0.8007601691366686,0,1.0,1.25,1.141,0.0,455631.66,1.0,63.2,HIGH,MODIFY
205191.4129717736,1704249.6815154965,1481889.979857122,111632.79391038108,67.0621747546344,0.7547159716940206,0,1.0,1.15,1.012,0.936,94464.51,0.364,26.5,LOW,MODIFY
273513.035332026,845424.6695052849,290905.78138629184,445025.5684689273,71.83781438182987,0.8166623567348869,1,1.0,2.906,1.966,0.436,164019.72,0.864,53.1,MEDIUM,MODIFY
746436.7011044563,1666646.3268812206,893938.0613706827,589514.6755798269,55.452778221451084,0.9332980720696598,3,3.0,1.864,1.029,0.37,563243.11,0.93,79.0,HIGH,BLOCK
542023.0451083207,226223.99977504587,180979.1998200367,296446.40633582213,40.750796301568705,0.6002464294658085,0,3.0,1.25,0.0,0.0,793224.65,1.0,93.0,CRITICAL,BLOCK
1044632.1224158972,925934.7079938689,740747.7663950952,477152.1768325028,78.05790945138811,0.6067420841407223,3,3.0,1.25,0.0,0.0,1336597.36,1.0,95.1,CRITICAL,BLOCK
992306.9460805292,669906.6279907331,535925.3023925865,782998.332627787,79.23302043106834,0.9499090356849558,0,4.0,1.25,0.0,0.0,1641323.95,1.0,80.7,CRITICAL,BLOCK
33211.75566179272,1063734.2664984246,850987.4131987398,94652.12542307073,67.8541412320564,0.7616337028331523,0,1.0,1.25,1.211,1.1,0.0,0.005,12.8,LOW,ALLOW
66650.47567190349,870250.2220824366,696200.1776659493,217106.65773710006,57.44195784537456,0.9703806309244207,0,1.0,1.25,1.154,0.842,109707.09,0.458,27.5,LOW,ALLOW
1083840.405983176,817299.38029085,719618.2798903079,320695.4170376074,94.07621120720572,0.6642855282675069,2,4.0,1.136,0.0,0.0,1306854.72,1.0,87.2,CRITICAL,BLOCK
516309.5485721595,1059836.2285380708,575825.6115674414,142608.345653038,95.39750190415526,0.6705120142452778,0,3.0,1.841,0.944,0.696,174907.28,0.604,40.9,MEDIUM,MODIFY
375690.7829022137,1627630.7467588724,499136.7252433323,720613.2613944865,57.910865552200725,0.7125437439013002,1,3.0,3.261,2.508,1.064,0.0,0.379,35.0,MEDIUM,ALLOW
285794.7093688643,373500.0291957384,298800.0233565907,180179.33554971108,40.360291822678114,0.9238703128838234,3,3.0,1.25,0.294,0.0,391274.04,1.0,98.0,CRITICAL,BLOCK
1035604.7895578315,382929.2856097478,306343.42848779826,476745.63560698385,40.19613402873514,0.6971633727387392,0,2.0,1.25,0.0,0.0,1435764.57,1.0,88.7,CRITICAL,BLOCK
561344.1748070541,1352166.514528807,1004964.895616317,125642.34987258125,85.57165282198262,0.8090679659738379,0,2.0,1.345,0.787,0.662,339784.91,0.638,49.1,MEDIUM,MODIFY
396421.57475243014,1482257.896774949,583659.0293652876,144755.71265492393,79.44700980939832,0.6664213603414182,1,2.0,2.54,1.86,1.612,0.0,0.107,21.0,LOW,ALLOW
448209.6381618668,1959497.0546978917,592383.8456011734,67226.71656982104,43.92704662851697,0.7310354156593413,0,1.0,3.308,2.551,2.438,0.0,0.054,20.9,LOW,ALLOW
284082.08250981616,1017394.4305856627,513480.7529798262,292897.1865095411,52.67461255223079,0.901227131821565,0,3.0,1.981,1.428,0.858,73065.59,0.442,31.7,LOW,MODIFY
689580.521782936,740504.4605150081,592403.5684120065,159551.03790734685,57.07371263948767,0.9515077855824193,0,3.0,1.25,0.086,0.0,701030.67,1.0,83.8,CRITICAL,MODIFY
640522.856855021,254513.29946549202,203610.63957239361,337028.2297321908,91.55696852850468,0.6267725924288372,0,2.0,1.25,0.0,0.0,926648.43,1.0,76.9,HIGH,BLOCK
218348.267647484,1053981.681993974,872179.6564831807,730886.9514275574,44.03072534356233,0.9098175169370654,0,4.0,1.208,0.958,0.12,767433.19,1.0,82.4,CRITICAL,MODIFY
824282.7391958826,1198733.5010068929,398338.5576051405,250768.74602758448,47.2114010025937,0.8696887059452723,0,2.0,3.009,0.94,0.31,274656.54,0.99,72.4,HIGH,MODIFY
681784.8206128003,1121344.1751152617,287061.6737085839,85903.94470834993,65.066491093099,0.7865628083297364,0,4.0,3.906,1.531,1.232,0.0,0.349,37.7,MEDIUM,ALLOW
972795.8818749612,882019.822897968,369490.12502924574,471080.2670248892,43.85295994750618,0.721052738186335,0,4.0,2.387,0.0,0.0,931346.45,1.0,85.9,CRITICAL,BLOCK
954701.4671691792,662514.5554511684,530011.6443609347,209594.49989598262,93.4560760568518,0.6205367318372476,0,1.0,1.25,0.0,0.0,1031793.06,1.0,77.4,HIGH,BLOCK
580831.7674783713,1158078.7649157587,898039.8406042444,461951.55392266443,71.34621119088925,0.6912414919192904,2,3.0,1.29,0.643,0.128,782744.4,1.0,83.8,CRITICAL,BLOCK
631259.9932082456,1172544.6423144024,702958.3129720466,723681.6840618242,50.04187004553165,0.7149755280617353,0,3.0,1.668,0.77,0.0,885355.35,1.0,90.5,CRITICAL,MODIFY
213128.90729038118,1024078.1236373638,650461.4117842508,728670.9301283462,61.885179896721446,0.9023008260655019,0,3.0,1.574,1.247,0.126,568183.13,1.0,67.5,HIGH,MODIFY
714879.5555613722,1132962.9103497793,300068.5366801356,143320.0904337121,44.21596926469606,0.8906250410354489,0,1.0,3.776,1.393,0.916,25305.27,0.384,38.3,MEDIUM,MODIFY
1089691.6569266925,1172806.2327024085,1013051.9633843633,361482.5719518285,44.83500808674994,0.6056115967871979,0,3.0,1.158,0.082,0.0,1291419.96,1.0,90.7,CRITICAL,MODIFY
326392.299427226,791716.6431217887,283490.0704501212,740771.8730337063,65.10178918603096,0.8966142787098956,0,4.0,2.793,1.641,0.0,558937.6,1.0,70.2,HIGH,MODIFY
416645.62735604297,253432.83845377015,202746.27076301613,347533.9403684215,71.6461875344108,0.9023906745906713,0,4.0,1.25,0.0,0.0,713493.0,1.0,84.4,CRITICAL,BLOCK
888087.3132941343,220441.73030193395,176353.38424154717,493756.10742980934,94.0982728386038,0.9767676555294313,1,2.0,1.25,0.0,0.0,1337755.07,1.0,83.5,CRITICAL,BLOCK
185890.28423075427,1238765.9481509724,650048.8096929409,689154.4486595716,94.55208843912592,0.8282284352258822,0,3.0,1.906,1.62,0.56,286327.59,0.74,31.6,LOW,MODIFY
562968.5449139022,1551544.3625837679,1168634.624962372,599201.8044703527,85.35932991900992,0.8608850232078329,0,4.0,1.328,0.846,0.333,779260.61,0.967,64.6,HIGH,MODIFY
1150645.8771273666,1252087.448117706,164087.5643911712,426110.608134569,90.31704543409354,0.9840559602154875,0,3.0,7.631,0.618,0.0,488756.6,1.0,72.9,HIGH,MODIFY
831200.4912795972,967865.4393261116,774292.3514608893,262472.08014936314,71.56567797853398,0.6394150889938939,0,1.0,1.25,0.177,0.0,900099.48,1.0,79.8,HIGH,MODIFY
860414.040003984,1782775.2965996577,554104.7605606876,165267.26126945563,44.11104905933764,0.7338679003994152,0,4.0,3.217,1.665,1.366,0.0,0.031,33.0,LOW,ALLOW
424927.959714024,991767.4358335033,442994.49497297104,576499.5849107733,63.655650649462984,0.6956849502139125,0,1.0,2.239,1.28,0.0,452654.6,1.0,76.5,HIGH,MODIFY
1172120.9077091375,1180194.8083874793,944155.8467099834,673243.3257758238,65.38190660126885,0.7430200399221402,2,4.0,1.25,0.009,0.0,1609325.27,1.0,94.3,CRITICAL,BLOCK
456932.5480974946,801762.0529934281,670875.8894917021,467826.53622235893,73.5178894100361,0.7392566584439558,1,1.0,1.195,0.514,0.0,793872.92,1.0,84.7,CRITICAL,MODIFY
60678.93144063136,907197.2900758223,725757.8320606579,107219.14075803252,69.97542791627198,0.6935938362322699,0,4.0,1.25,1.166,1.019,0.0,0.004,15.6,LOW,ALLOW
497732.48684090615,1994183.2376888152,1027711.8393077247,274492.3407680546,54.71306626054742,0.6690647776669532,0,3.0,1.94,1.456,1.189,0.0,0.038,28.8,LOW,ALLOW
751907.6941834346,337778.11723151384,270222.49378521106,557254.2873729895,96.5750782711699,0.7260986263118411,2,3.0,1.25,0.0,0.0,1241606.36,1.0,86.5,CRITICAL,BLOCK
326065.165780454,1854283.004546937,702952.9032715998,780250.3190833626,96.83673911796468,0.6146146305924255,0,1.0,2.638,2.174,1.064,0.0,0.02,9.4,LOW,ALLOW
615841.0540082406,959997.2206486585,767997.7765189268,81958.87364922233,77.39184042282864,0.863808561604689,0,2.0,1.25,0.448,0.341,505800.48,0.959,69.4,HIGH,MODIFY
694407.9174754951,1867817.0117653452,926715.0328001226,35922.88147442986,69.22252931986588,0.7014498140746153,1,1.0,2.016,1.266,1.227,0.0,0.085,29.5,LOW,ALLOW
615885.5408480036,1744753.215467895,1416954.0474448295,612208.6123801614,91.398957124905,0.8942155320551795,0,2.0,1.231,0.797,0.365,900294.99,0.935,64.3,HIGH,MODIFY
549680.1755309078,444412.6063774893,355530.0851019914,710612.786987698,41.25510608305339,0.9774557390487127,1,1.0,1.25,0.0,0.0,1171410.44,1.0,98.0,CRITICAL,BLOCK
933034.9994287157,1710458.6995972747,1258027.2556531078,612533.2881748669,42.0717725528971,0.7189760815305508,0,1.0,1.36,0.618,0.131,1093136.84,1.0,84.9,CRITICAL,MODIFY
437381.6371302507,1045807.9039881931,836646.3231905545,409575.4279043954,83.20558747506252,0.6836351328181786,0,4.0,1.25,0.727,0.238,637795.48,1.0,69.9,HIGH,MODIFY
730000.9945394328,369727.5610162816,295782.0488130253,498150.9263106841,46.650307965149686,0.9710904254477588,0,4.0,1.25,0.0,0.0,1154206.41,1.0,86.9,CRITICAL,BLOCK
57027.8806936542,676113.273334084,375259.30895916664,209572.85802257105,78.65731803324492,0.6664504181319402,1,1.0,1.802,1.65,1.091,0.0,0.092,21.0,LOW,ALLOW
911974.6800706028,1031285.521694354,159885.78693953724,53027.80282306827,43.339229134688445,0.8691550988923884,0,3.0,6.45,0.746,0.415,93602.75,0.885,66.5,HIGH,MODIFY
295835.6466876308,687300.6676749627,549840.5341399702,440670.6431105527,44.44171803079796,0.8423398204018269,1,3.0,1.25,0.712,0.0,599046.16,1.0,90.1,CRITICAL,MODIFY
657343.5081766578,459997.14329508744,367997.71463606996,372492.8738365249,74.65552095384297,0.8867976965578508,0,4.0,1.25,0.0,0.0,937836.95,1.0,81.7,CRITICAL,BLOCK
600250.6106492763,519420.92382721417,255473.63824401266,238837.84886271312,48.50503141392625,0.7129489164460869,0,2.0,2.033,0.0,0.0,575141.17,1.0,86.6,CRITICAL,BLOCK
52180.78083528947,1160424.9230860693,989506.903437405,244383.00956828537,71.02458740372694,0.6386945380877068,0,1.0,1.173,1.12,0.873,125645.77,0.427,21.2,LOW,ALLOW
212103.90908083122,918841.3292733688,735073.0634186951,747400.0926611845,48.93533938350622,0.6137076860845166,0,2.0,1.25,0.961,0.0,775735.74,1.0,84.0,CRITICAL,MODIFY
438865.25440176355,1498595.0637159906,244605.89975994572,327416.12767241104,72.07838038668149,0.6121591343275516,0,4.0,6.127,4.332,2.994,0.0,0.091,15.6,LOW,ALLOW
40936.26618572151,1636294.3963226262,1453690.7461780142,369115.8963214629,76.30482030084184,0.6348953429155614,1,1.0,1.126,1.097,0.844,227448.51,0.456,25.7,LOW,ALLOW
977466.3428440909,368343.53950979357,294674.83160783484,453097.30196748045,83.85141994841135,0.7843194587900773,0,4.0,1.25,0.0,0.0,1356894.94,1.0,79.0,HIGH,BLOCK
386293.89066595683,244913.10453174214,195930.4836253937,737639.4612189842,85.63496482730162,0.8899577898452427,1,4.0,1.25,0.0,0.0,1074950.73,1.0,82.0,CRITICAL,BLOCK
574013.5833825108,1653937.5438321978,1451957.6038594812,5030.932753015538,55.153283961692466,0.6955025786813669,0,2.0,1.139,0.744,0.74,377064.58,0.124,44.0,MEDIUM,MODIFY
228563.87994475383,1615733.2574964494,1368228.4871329013,115379.75128199438,78.22880187214443,0.6060047334893612,0,2.0,1.181,1.014,0.93,96438.86,0.37,30.7,LOW,MODIFY
1097496.2462816972,348107.89566821547,278486.3165345724,531455.1635409913,41.004041466244466,0.7059228998347032,1,4.0,1.25,0.0,0.0,1559329.83,1.0,96.7,CRITICAL,BLOCK
257810.51183148843,524530.1431155927,419624.1144924741,146105.24428287894,77.85161494392966,0.7377176752177212,0,2.0,1.25,0.636,0.287,299009.73,1.0,70.4,HIGH,MODIFY
867038.1139446625,1038113.6408807351,830490.9127045881,19285.15416688521,97.26980062537272,0.6522352452981164,2,3.0,1.25,0.206,0.183,678700.54,0.375,66.0,HIGH,BLOCK
804223.6565159538,436543.8266872142,293505.8558450104,255735.313624636,94.8783101192446,0.8267624518249412,1,2.0,1.487,0.0,0.0,916921.0,1.0,83.6,CRITICAL,BLOCK
349787.57002713624,928286.1455385528,742628.9164308422,485320.2450414523,71.61577699489051,0.7613133127210043,0,4.0,1.25,0.779,0.125,649450.59,1.0,77.8,HIGH,MODIFY
79957.03831573558,585009.0357251178,468007.22858009423,7737.2938406460535,71.005614875889,0.7216650044762547,0,2.0,1.25,1.079,1.063,0.0,0.066,22.5,LOW,ALLOW
530248.0299616074,1723467.3963565885,326349.8188239927,34889.67448682727,63.81617143530812,0.8874210509149645,1,2.0,5.281,3.656,3.549,0.0,0.059,24.1,LOW,ALLOW
544366.3718850404,684227.9308866761,547382.3447093408,760467.1420995754,69.74601119984314,0.6457346585941356,0,4.0,1.25,0.256,0.0,1167987.93,1.0,81.5,CRITICAL,MODIFY
210125.32113822168,466461.5697111831,373169.2557689465,798296.8578726036,51.758809699604946,0.8834725980591067,0,2.0,1.25,0.687,0.0,915129.87,1.0,89.0,CRITICAL,MODIFY
916021.3686465231,791936.2515410942,633549.0012328754,1582.6705751389447,41.21664965951628,0.8139320586801237,0,3.0,1.25,0.0,0.0,759216.79,0.423,81.3,CRITICAL,BLOCK
13996.83910778153,1268738.655747576,976451.6830930075,416873.8220437603,85.3189589151036,0.8215699712165907,0,3.0,1.299,1.285,0.858,138583.69,0.442,15.4,LOW,ALLOW
986275.9750318927,1555343.426275913,997497.0542308834,111090.97412533152,69.17385494627766,0.964189334199809,1,4.0,1.559,0.57,0.459,539520.58,0.841,70.6,HIGH,MODIFY
882335.7579919524,898768.2477834186,719014.5982267349,240161.2552602688,98.35052650210312,0.9708724022064967,2,4.0,1.25,0.023,0.0,942743.36,1.0,85.3,CRITICAL,BLOCK
1106417.6350839662,640898.9300812396,218393.96641498682,652748.5182354302,97.37400930955783,0.8008694955569409,0,2.0,2.935,0.0,0.0,1336661.19,1.0,73.6,HIGH,BLOCK
540346.3534873239,1501422.537140986,479830.0049206207,743655.2947528439,70.88009098217225,0.6332135553222366,0,3.0,3.129,2.003,0.453,262409.12,0.847,49.9,MEDIUM,MODIFY
967778.477056061,454738.922168413,363791.13773473044,120064.98558985231,41.07209552941949,0.8480095690586563,1,1.0,1.25,0.0,0.0,996895.68,1.0,92.9,CRITICAL,BLOCK
499227.814493074,1572750.4464277052,524941.0201413815,357182.1589568355,62.1286472057069,0.8241541168601194,0,3.0,2.996,2.045,1.365,0.0,0.087,29.0,LOW,ALLOW
73865.5323805938,977496.3855364184,350164.29064239515,46848.151388981576,48.13894260490534,0.9436814846928816,1,2.0,2.792,2.581,2.447,0.0,0.106,19.5,LOW,ALLOW
786615.7304105589,1112592.128470343,890073.7027762745,410671.1414261958,75.19134699124177,0.899152585958723,3,2.0,1.25,0.366,0.0,974768.45,1.0,98.0,CRITICAL,BLOCK
1065818.659539022,260625.2532868176,208500.20262945408,397504.5279388424,80.64080328614219,0.9528854559586781,0,3.0,1.25,0.0,0.0,1411198.14,1.0,80.4,CRITICAL,BLOCK
274500.32420370396,760831.4669697356,608665.1735757885,796596.619215213,41.02641385418813,0.7149171046465939,0,1.0,1.25,0.799,0.0,918930.65,1.0,85.6,CRITICAL,MODIFY
508220.74678941857,392929.16944707686,306863.74065976695,55554.63807786571,50.42467414134595,0.846303200722304,0,1.0,1.28,0.0,0.0,477709.96,1.0,81.9,CRITICAL,BLOCK
82390.38708009892,915648.9327993992,732519.1462395195,481292.0342260184,52.9247327839397,0.7031558495486043,0,1.0,1.25,1.138,0.48,380552.63,0.82,47.1,MEDIUM,MODIFY
45253.41217800953,1140268.864169595,768679.6666458173,578725.0273166817,83.99261898201067,0.6685546038165426,3,2.0,1.483,1.425,0.672,252389.24,0.628,41.0,MEDIUM,BLOCK
1086294.8188539252,361228.3365813509,189642.8412501986,757203.1172058082,82.20447747470001,0.6044960552016333,1,4.0,1.905,0.0,0.0,1671912.44,1.0,85.6,CRITICAL,BLOCK
1097001.220572955,1666814.1155647258,1353127.408297306,603135.5217608737,58.41133699214684,0.8829083773340386,3,3.0,1.232,0.421,0.0,1386450.04,1.0,98.0,CRITICAL,BLOCK
270327.99679066957,1961244.9287746162,715598.5916646365,507210.4710331306,62.586341840683126,0.9768932212129962,0,1.0,2.741,2.363,1.654,0.0,0.05,18.2,LOW,ALLOW
595263.5290172674,568924.0763729062,455139.261098325,119120.61130686391,53.8578283014418,0.8177503646524994,0,4.0,1.25,0.0,0.0,600599.33,1.0,84.8,CRITICAL,BLOCK
992999.6883573255,382802.2103683341,306241.7682946673,534542.80467459,50.813099848182674,0.776694646961075,0,4.0,1.25,0.0,0.0,1450982.05,1.0,91.3,CRITICAL,BLOCK
841560.0701568595,897368.3348514537,623961.228564688,320151.48969115934,49.005922581997645,0.6507085853641045,3,4.0,1.438,0.089,0.0,888304.45,1.0,98.0,CRITICAL,BLOCK
1014727.9277501953,1182399.6930986352,839359.5766719428,632085.5297061522,57.31365690324451,0.782161794034012,0,2.0,1.409,0.2,0.0,1303773.34,1.0,86.4,CRITICAL,MODIFY
1170210.99880228,850890.1195755639,199274.22893981836,87082.4802295946,70.10533358823639,0.7952334331765314,0,3.0,4.27,0.0,0.0,605677.59,1.0,81.6,CRITICAL,BLOCK
874009.261719425,577054.8086887535,222424.22301152378,702964.1076262038,84.48010142390294,0.8135966641412715,2,2.0,2.594,0.0,0.0,1222342.78,1.0,88.6,CRITICAL,BLOCK
434731.4732191391,1528858.6240424062,630978.4428842096,459865.6403163356,50.15198474388065,0.9782596575906207,0,3.0,2.423,1.734,1.005,0.0,0.12,30.0,LOW,ALLOW
738826.3431693505,422704.62052476115,338163.69641980896,619288.0522940444,72.25541677680197,0.631320062556614,0,2.0,1.25,0.0,0.0,1273573.47,1.0,80.8,CRITICAL,BLOCK
605526.9254786781,1418902.7909648926,1215089.2770895755,691200.0626485955,87.57120155205902,0.8823661049102353,0,3.0,1.168,0.669,0.101,1092913.47,1.0,75.1,HIGH,MODIFY
319007.7383126608,241758.38669784632,193406.70935827706,619305.1875727567,60.491685069782974,0.6383524385724804,0,1.0,1.25,0.0,0.0,889961.25,1.0,83.6,CRITICAL,BLOCK
791248.7099483961,1780692.779033824,569852.8141878468,223172.71281636792,87.32668656741258,0.672730362388361,1,1.0,3.125,1.736,1.345,0.0,0.106,29.4,LOW,ALLOW
179310.36069669822,1682832.1494366417,473618.57757349464,570823.9777683066,77.8697417487607,0.797042195053173,0,1.0,3.553,3.175,1.969,0.0,0.03,7.9,LOW,ALLOW
1095778.767764419,1690529.5347124934,990911.8199045032,39598.918439041954,45.27846127485988,0.7076487668801036,2,2.0,1.706,0.6,0.56,435759.97,0.289,61.3,HIGH,BLOCK
988936.4461250259,1093487.5797150237,283516.93411236175,609542.0697464439,72.73177703083688,0.6177790003602428,1,4.0,3.857,0.369,0.0,788507.87,1.0,87.8,CRITICAL,MODIFY
861193.9115378143,1977850.6792473209,628951.0300237902,782215.4328301897,98.44683291021573,0.8814858309019911,0,3.0,3.145,1.775,0.532,294509.7,0.768,43.2,MEDIUM,MODIFY
443943.7085859832,1678656.0918613544,593686.6184391319,7540.468148507529,47.1083394329655,0.6803528810568132,0,2.0,2.828,2.08,2.067,0.0,0.051,20.3,LOW,ALLOW
638896.5887161709,1050586.8424529072,374731.50643297134,693782.6742954311,66.1747945832654,0.8904241751980082,0,4.0,2.804,1.099,0.0,656823.93,1.0,77.7,HIGH,MODIFY
504447.1023670025,608055.6887560105,301134.0016604669,341401.57715970493,72.59896380249639,0.7996744279065474,1,4.0,2.019,0.344,0.0,538926.99,1.0,91.0,CRITICAL,MODIFY
1185534.5203518476,1782407.4802153,943906.17091621,201051.3691969023,68.93419034569519,0.6470396415802449,0,3.0,1.888,0.632,0.419,548084.58,0.881,68.7,HIGH,MODIFY
226652.80297353843,390876.29183684674,312701.0334694774,229436.7763223045,40.88053679280317,0.8818899802816214,0,3.0,1.25,0.525,0.0,377914.32,1.0,85.8,CRITICAL,MODIFY
315702.8639038228,256660.0831338379,205328.06650707033,694501.2586901201,51.45512469936721,0.8995326225655663,0,4.0,1.25,0.0,0.0,958872.11,1.0,89.0,CRITICAL,BLOCK
726933.1387130818,268492.5915361613,214794.07322892908,610734.6855546634,72.53767593795271,0.9302972142234314,0,4.0,1.25,0.0,0.0,1283969.31,1.0,82.8,CRITICAL,BLOCK
302630.3029648689,986475.189891001,789180.1519128009,679763.5733040734,93.94905027717022,0.7422240773724225,1,2.0,1.25,0.867,0.005,785098.84,1.0,79.1,HIGH,MODIFY
96512.55827583419,736745.2255056245,346008.6872751527,384274.178312681,40.5691249954518,0.677073729276297,0,3.0,2.129,1.85,0.74,90050.2,0.56,36.7,MEDIUM,ALLOW
836857.3922208131,1727362.3211785133,1098801.9724181127,496002.22431536665,91.07644949932211,0.8253760490075639,0,3.0,1.572,0.81,0.359,704299.27,0.941,63.5,HIGH,MODIFY
888922.3456073761,218394.01679165647,174715.21343332517,480549.6144853169,87.7598842561324,0.9174784961792335,0,2.0,1.25,0.0,0.0,1325793.16,1.0,80.3,CRITICAL,BLOCK
860025.2760541358,1495451.276425355,1180928.4034384987,791329.4040449545,81.19886735198868,0.7576691524538166,1,2.0,1.266,0.538,0.0,1336831.81,1.0,86.3,CRITICAL,MODIFY
397763.4447836906,1189911.1074454142,276187.7384352635,656148.3032613487,91.94740285651527,0.7076935408690032,0,3.0,4.308,2.868,0.492,140188.38,0.808,40.7,MEDIUM,MODIFY
946813.2170672616,1110015.8220266788,888012.6576213432,684418.1833216917,47.21448946657315,0.7842588754463564,0,3.0,1.25,0.184,0.0,1409228.24,1.0,85.3,CRITICAL,MODIFY
596288.3585849686,337448.04285838525,269958.4342867082,645744.0024523768,47.90519805862309,0.8309873793656024,1,4.0,1.25,0.0,0.0,1174542.75,1.0,93.1,CRITICAL,BLOCK
1127277.04302218,667275.1983894114,533820.1587115292,36491.55951993004,79.6153492623105,0.8334375898549357,0,4.0,1.25,0.0,0.0,1030313.56,0.206,63.2,HIGH,BLOCK
450075.9461397322,1565081.0921837566,1287477.3747291162,224146.88123972111,85.61668259868013,0.7827398892128847,0,1.0,1.216,0.866,0.692,396619.11,0.608,46.3,MEDIUM,MODIFY
561975.8698774772,566433.5661386179,453146.8529108944,289323.0401532296,87.52502897792229,0.8943324924589104,0,2.0,1.25,0.01,0.0,738012.2,1.0,77.9,HIGH,MODIFY
375205.78894505766,589723.4557260924,471778.764580874,182616.73170373606,40.940799003859496,0.6724278345449286,0,1.0,1.25,0.455,0.068,439877.83,1.0,89.8,CRITICAL,MODIFY
225470.794187143,783771.7240320152,627017.3792256122,39848.429930196085,73.19472684109763,0.7296090071739887,1,4.0,1.25,0.89,0.827,108564.88,0.103,39.4,MEDIUM,MODIFY
1002347.5248165895,1011562.8505847281,899250.7189278486,797625.3571849659,66.47299794540217,0.7671582046729472,0,4.0,1.125,0.01,0.0,1687660.75,1.0,84.2,CRITICAL,MODIFY
90441.37956949671,572373.9628409615,457899.17027276923,667867.8733492304,52.18510672928146,0.7319203496814957,1,4.0,1.25,1.052,0.0,643834.46,1.0,82.5,CRITICAL,MODIFY
1072808.6177969459,844642.1629692293,319263.46752158506,344989.90012428496,69.73303233323873,0.7853215587651639,0,1.0,2.646,0.0,0.0,892419.82,1.0,84.7,CRITICAL,BLOCK
713672.9168781184,1885027.7345029113,1491425.0052054885,187004.75797870694,43.3945283885403,0.7304974694122904,0,2.0,1.264,0.785,0.66,507074.95,0.64,57.6,MEDIUM,MODIFY
1002750.2210344456,245718.8251402041,196575.0601121633,617602.2836255446,67.9816567286914,0.8253070969363064,1,3.0,1.25,0.0,0.0,1571208.74,1.0,88.6,CRITICAL,BLOCK
383982.0165060754,1912780.5207913388,1198290.7433951397,545449.1714014865,83.53413190676625,0.760482615497637,0,4.0,1.596,1.276,0.821,214941.41,0.479,25.7,LOW,MODIFY
313082.35026116966,1099660.6162132611,607651.2527819988,349067.35331140977,44.54149201970618,0.8747408447149057,0,3.0,1.81,1.294,0.72,170140.34,0.58,41.5,MEDIUM,MODIFY
1006379.0867103868,578104.2035562105,462483.36284496845,364353.3332863016,52.16828086700648,0.6232581570402157,0,2.0,1.25,0.0,0.0,1255111.58,1.0,86.9,CRITICAL,BLOCK
451480.1546557701,335020.26725299575,268016.2138023966,709605.7801848396,65.12965579925545,0.647069885639829,0,4.0,1.25,0.0,0.0,1094081.88,1.0,83.1,CRITICAL,BLOCK
668616.1631114769,1706869.4844430457,695600.2248757932,25905.55176017819,50.367563862054205,0.6403904889960796,0,1.0,2.454,1.493,1.455,0.0,0.031,29.6,LOW,ALLOW
501718.31834266434,253258.3565807325,202606.685264586,768864.8818966564,73.54969491726229,0.8143412881003806,0,3.0,1.25,0.0,0.0,1219931.53,1.0,79.8,HIGH,BLOCK
512540.4313219856,1091820.1855710554,254533.42073963973,20218.62786025723,44.215718705833254,0.7811757155849028,2,1.0,4.289,2.276,2.196,0.0,0.138,41.5,MEDIUM,BLOCK
936453.530615656,1862931.6251667787,751625.1001326503,710537.805214127,80.42980226603179,0.9671312967153658,0,2.0,2.479,1.233,0.287,535684.81,1.0,60.0,HIGH,MODIFY
342798.9337467758,1025908.4174809728,492636.99604352895,462057.66930506675,90.31588077302884,0.9365799449775558,0,3.0,2.082,1.387,0.449,271585.18,0.851,48.3,MEDIUM,MODIFY
652518.1748310324,634998.7659497829,507999.0127598264,766322.1750427582,41.918167544488185,0.7551024285326191,2,3.0,1.25,0.0,0.0,1291840.6,1.0,98.0,CRITICAL,BLOCK
841668.1740307177,1975953.2257175075,588817.4861429608,175187.0616564756,75.67796513637239,0.6496160182370749,1,4.0,3.356,1.926,1.629,0.0,0.027,27.6,LOW,ALLOW
274428.32189942437,1230665.4632998356,984532.3706398685,521773.92272804974,57.60944325865411,0.9012375994745848,1,1.0,1.25,0.971,0.441,550069.15,0.859,67.4,HIGH,MODIFY
404041.94750364666,955606.3414708711,683429.3501223641,137316.3786746101,90.91774549190745,0.8156562589955575,0,2.0,1.398,0.807,0.606,269181.33,0.694,50.3,MEDIUM,MODIFY
37839.95873217161,1548053.422032917,941618.5725808658,578228.7657294901,69.83426420160075,0.8129913149743612,0,1.0,1.644,1.604,0.99,9633.88,0.31,9.8,LOW,ALLOW
1046534.4190286358,854098.2794490994,707257.4264761668,135716.92731735014,72.19277710172194,0.8593918616235157,2,2.0,1.208,0.0,0.0,1035410.49,1.0,92.3,CRITICAL,BLOCK
934189.1124254665,1588965.0146660043,1370559.7784474113,755597.1819120232,92.04488596332845,0.6928966773426655,0,3.0,1.159,0.478,0.0,1471381.06,1.0,78.7,HIGH,MODIFY
196684.1693573454,1252606.846431695,384026.1788168218,765694.732620886,54.58870519825152,0.6675921307694808,2,2.0,3.262,2.75,0.756,93798.23,0.544,39.8,MEDIUM,BLOCK
968379.1794206786,1657257.493388885,1372922.0698041292,275241.97014276386,97.43210101502683,0.6442736198089628,2,2.0,1.207,0.502,0.301,959285.73,0.999,78.3,HIGH,BLOCK
701265.3638430642,260102.4464284283,208081.95714274264,650527.5044106483,87.70362779539425,0.7110864494823337,1,2.0,1.25,0.0,0.0,1299772.38,1.0,84.2,CRITICAL,BLOCK
303084.8354771431,1775264.655738787,547633.3878728191,735309.1368866644,74.93363434954381,0.651582452750389,1,1.0,3.242,2.688,1.346,0.0,0.052,22.5,LOW,ALLOW
999667.4141991325,1361197.0574772698,315305.9443126585,630928.1126824962,84.40685652899106,0.635281688221246,1,1.0,4.317,1.147,0.0,584704.41,1.0,77.7,HIGH,MODIFY
1050733.2749512563,1277199.6476283611,572626.8457275572,480914.78714220563,47.89994094618672,0.6220123134999179,0,4.0,2.23,0.395,0.0,827075.26,1.0,87.7,CRITICAL,MODIFY
340647.6747279107,1027614.3175079077,822091.4540063263,52453.22529324552,40.87836072334584,0.671078414337084,1,3.0,1.25,0.836,0.772,187578.04,0.528,59.4,MEDIUM,MODIFY
1183320.5740766788,1823036.6796750284,611562.0671948867,78231.1295625976,47.813906056194575,0.7542540543084744,0,2.0,2.981,1.046,0.918,50077.09,0.382,35.9,MEDIUM,MODIFY
514027.1169499707,1500584.8237977035,322946.92899739783,760632.5225476591,67.93370033645341,0.658946460414187,1,4.0,4.647,3.055,0.7,97021.74,0.6,38.3,MEDIUM,MODIFY
1069523.9165333277,1830271.2370109605,1096646.3542304672,340578.7534741492,66.4655634292248,0.8989164926047755,0,2.0,1.669,0.694,0.383,676477.79,0.917,72.9,HIGH,MODIFY
173540.00577236494,1824294.3650740641,575796.8141187422,48867.536729883286,49.80670524093421,0.6412989417798064,0,2.0,3.168,2.867,2.782,0.0,0.129,14.0,LOW,ALLOW
176093.07713387406,687630.4028763673,550104.3223010938,465509.3529215291,46.19898037367499,0.6927274857447613,1,4.0,1.25,0.93,0.084,504076.35,1.0,90.4,CRITICAL,MODIFY
730502.9092643518,1347880.250598368,502253.2439178673,101479.84250999524,80.85302419762083,0.6980164692207286,0,1.0,2.684,1.229,1.027,0.0,0.351,28.9,LOW,ALLOW
843490.2501017401,1330908.5952953324,1061797.9141608155,431760.50061712816,46.45821828284372,0.6703297456132022,2,1.0,1.253,0.459,0.052,1006140.07,1.0,95.1,CRITICAL,BLOCK
764516.3520039807,1086748.7078503163,732419.7788920816,663611.8505870169,51.69818189544158,0.6814981438476202,0,2.0,1.484,0.44,0.0,1073799.27,1.0,86.8,CRITICAL,MODIFY
207455.6957554,1770692.7427017703,1422720.637002332,373815.95800168294,72.03120072383595,0.713036088082296,0,1.0,1.245,1.099,0.836,233299.55,0.464,30.9,LOW,MODIFY
884936.6567840958,1106221.1261249948,884976.9008999959,424323.84605470556,88.94299743764267,0.8111794891729991,3,3.0,1.25,0.25,0.0,1088016.28,1.0,95.1,CRITICAL,BLOCK
214562.29069387505,1060086.6931897118,696116.5690014045,591724.8577351294,55.70140380766999,0.78807945787071,0,2.0,1.523,1.215,0.365,442317.02,0.935,52.6,MEDIUM,MODIFY
389469.741338234,1752074.365349494,1010824.7401647975,298585.7253083771,86.35840063952305,0.752798145084243,0,2.0,1.733,1.348,1.053,0.0,0.028,16.7,LOW,ALLOW
957019.1536082997,1159910.5472120035,626102.816198794,747060.9702803465,63.9383651309621,0.8952038536544141,3,4.0,1.853,0.324,0.0,1170272.39,1.0,97.1,CRITICAL,BLOCK
224533.3209550507,1260168.2958667148,490135.2490417365,10169.900003908073,90.21381758749541,0.6661155532988785,0,3.0,2.571,2.113,2.092,0.0,0.013,6.9,LOW,ALLOW
845577.1273344596,220600.40845356742,168150.3904417464,334004.35682784906,50.04421530706466,0.8705133834698779,0,4.0,1.312,0.0,0.0,1127131.47,1.0,87.0,CRITICAL,BLOCK
1008580.7208166445,1695879.4728319286,612633.0451506535,770298.4427256134,61.31708389064823,0.6757400700613372,0,3.0,2.768,1.122,0.0,695632.74,1.0,78.8,HIGH,MODIFY
887415.362110043,616878.7770430879,251076.08673995757,67521.75435376655,52.95675526180125,0.7445868602959518,0,2.0,2.457,0.0,0.0,589134.43,1.0,85.0,CRITICAL,BLOCK
714344.6243137822,1034624.6433896053,267238.7218625165,305857.1985493777,40.34155243631334,0.618242994425819,3,2.0,3.872,1.198,0.054,252815.9,1.0,96.3,CRITICAL,BLOCK
141967.7628496882,776667.4333807352,529331.9135182716,548069.8749325412,64.66113337148914,0.9278117418394105,0,4.0,1.467,1.199,0.164,442702.12,1.0,66.7,HIGH,MODIFY
1127877.6096645475,593099.5469963608,474479.63759708864,8258.694498094066,73.77413148588167,0.6890249765707646,0,3.0,1.25,0.0,0.0,1017516.39,0.327,67.8,HIGH,BLOCK
142475.7448930094,463903.64276842354,371122.9142147389,786431.0316285293,92.27748422842782,0.9067352770272119,0,3.0,1.25,0.866,0.0,836126.05,1.0,76.1,HIGH,MODIFY
248059.06758714654,983491.0939589627,335242.8087385979,79313.42356854324,60.58899690423373,0.9509719934961175,0,2.0,2.934,2.194,1.957,0.0,0.069,18.6,LOW,ALLOW
1141716.1117498998,899050.6912920327,638716.5352212031,715436.4819442416,84.37105975946128,0.7645760384565197,0,3.0,1.408,0.0,0.0,1596818.44,1.0,79.3,HIGH,BLOCK
1057199.4129567933,1954420.4852059872,1255365.763415011,647081.5960732783,67.9295067067432,0.9347557198455225,0,4.0,1.557,0.715,0.199,1005226.29,1.0,79.2,HIGH,MODIFY
839826.5294542537,1216337.4792025546,382787.9578225511,32941.096318988806,49.9533050874981,0.8185411472282197,0,3.0,3.178,0.984,0.898,39218.1,0.431,37.0,MEDIUM,MODIFY
939276.7057488629,594243.7312275381,475394.98498203047,636904.4554017223,69.55800658174581,0.7516012601056232,0,1.0,1.25,0.0,0.0,1457332.41,1.0,84.1,CRITICAL,BLOCK
172810.4170966574,605710.0957728964,484568.07661831717,447529.5279492138,42.446283866253225,0.8684036198434836,0,4.0,1.25,0.893,0.0,499197.93,1.0,90.5,CRITICAL,MODIFY
13823.35505476543,1375106.521112906,1100085.2168903248,271122.83842048945,69.55072884700759,0.7315143017774102,2,4.0,1.25,1.237,0.991,9924.89,0.309,21.2,LOW,BLOCK
289002.44215377886,364466.45038922643,291573.16031138116,624183.8967202089,75.60094724553974,0.9257393363211486,0,2.0,1.25,0.259,0.0,840293.05,1.0,81.0,CRITICAL,MODIFY
591587.2161630664,1409530.9225411257,217379.78243364644,518034.7182458103,64.22334697459127,0.6366066649891734,0,3.0,6.484,3.763,1.38,0.0,0.283,28.6,LOW,ALLOW
547132.9949308722,875317.6685291372,700254.1348233097,521460.1574124029,90.51220667908161,0.9426034043140614,0,4.0,1.25,0.469,0.0,893529.62,1.0,78.8,HIGH,MODIFY
490917.2724083714,1778310.4009766802,1169274.7895843093,739693.0385180424,93.17841117766399,0.9050379220857172,0,3.0,1.521,1.101,0.468,621574.7,0.832,47.2,MEDIUM,MODIFY
81174.45712902938,1296071.7799384599,195303.39477074373,362249.17456732946,94.54566579350009,0.6651054931057783,1,1.0,6.636,6.221,4.366,0.0,0.117,8.5,LOW,ALLOW
678898.3303920918,1017959.6570854018,814367.7256683215,16347.094118928495,97.60128696214471,0.7417029606598615,1,4.0,1.25,0.416,0.396,491653.49,0.21,52.7,MEDIUM,MODIFY
515518.8778389003,646361.5760175337,510462.23629298236,407356.8418362565,52.46516765353036,0.7545796381562078,0,2.0,1.266,0.256,0.0,786976.38,1.0,84.1,CRITICAL,MODIFY
153088.8976314099,1461517.4757288785,1169213.980583103,746412.7667882402,50.79914715408413,0.671529908508402,0,4.0,1.25,1.119,0.481,607198.17,0.819,56.3,MEDIUM,MODIFY
927605.8565017721,1596982.74095586,979316.2924930104,361697.5695376708,78.17552079198461,0.768054083945958,0,3.0,1.631,0.684,0.314,671636.98,0.986,72.3,HIGH,MODIFY
254242.97736170093,284043.49756970606,227234.79805576487,331768.03114623023,57.97611574161426,0.9171505272833436,0,4.0,1.25,0.131,0.0,529202.31,1.0,88.6,CRITICAL,MODIFY
689492.0254817598,1718916.50712,1009680.8460252171,111199.1335656394,46.9589461160726,0.7776103955722321,0,4.0,1.702,1.02,0.909,91455.5,0.391,42.6,MEDIUM,MODIFY
870713.3086540585,1181117.0798225212,691988.1755245615,23791.637463181913,63.054495283589006,0.6728594190417603,0,1.0,1.707,0.449,0.414,405376.04,0.321,61.2,HIGH,MODIFY
700457.752062467,1054219.8177053342,843375.8541642674,141849.08131800703,89.38169582954973,0.9273291081199555,0,2.0,1.25,0.419,0.251,631462.87,1.0,68.8,HIGH,MODIFY
1061447.4385653632,953623.2133535316,585858.5186585553,163258.8194168508,87.45268658376816,0.7808237164860251,0,1.0,1.628,0.0,0.0,856941.56,1.0,78.8,HIGH,BLOCK
492217.9163165509,754329.7581325674,504259.60705936805,233549.38124260344,41.78221444911184,0.8800056863667656,0,2.0,1.496,0.52,0.057,475697.15,1.0,87.9,CRITICAL,MODIFY
736489.9909070862,708098.5698538017,566478.8558830414,334837.43339563103,41.580259238475186,0.7483487294877887,0,3.0,1.25,0.0,0.0,929707.71,1.0,91.6,CRITICAL,BLOCK
732637.2280068494,203585.16620215733,162868.13296172587,129924.8633300662,98.96101251260718,0.6904801007282015,2,3.0,1.25,0.0,0.0,821845.06,1.0,86.0,CRITICAL,BLOCK
1047162.6655425727,297746.29067834106,238197.03254267285,542635.6305004718,83.68247170333069,0.7817042812900609,0,4.0,1.25,0.0,0.0,1530249.04,1.0,78.4,HIGH,BLOCK
1145079.308172038,210044.69018769506,168035.75215015607,216863.44542100234,53.08584596209413,0.6444201344554017,2,1.0,1.25,0.0,0.0,1319933.82,1.0,92.8,CRITICAL,BLOCK
1105999.6041657669,654675.9470438346,523740.7576350677,526535.8218068889,93.17389791567149,0.8550790888763283,0,1.0,1.25,0.0,0.0,1501600.24,1.0,74.8,HIGH,BLOCK
1124929.7452189154,283486.42592122965,226789.14073698374,781861.2286810632,64.32371104670938,0.7163540850325465,0,1.0,1.25,0.0,0.0,1850093.69,1.0,81.8,CRITICAL,BLOCK
1078922.4977846497,1170958.2154199616,848734.8706635798,768751.8409431152,43.86980941743727,0.6621402714164805,0,2.0,1.38,0.108,0.0,1525450.99,1.0,89.6,CRITICAL,MODIFY
362219.0965799917,512935.84236731805,410348.6738938545,239317.91092423972,71.06806267983235,0.8933837068017221,0,1.0,1.25,0.367,0.0,498949.84,1.0,81.9,CRITICAL,MODIFY
1142177.270220867,1387587.946973864,1110070.3575790913,147080.574283516,78.16390563956405,0.84622489226973,0,4.0,1.25,0.221,0.089,1011740.26,1.0,77.6,HIGH,MODIFY
723810.5479823378,1266205.3706777194,301649.9189359222,715477.003961077,90.65619415417717,0.6668812965000088,0,4.0,4.198,1.798,0.0,474732.1,1.0,64.5,HIGH,MODIFY
295728.2131435835,1154690.7934564645,923752.6347651717,96037.50977688712,43.3522966243368,0.8953898896555693,0,4.0,1.25,0.93,0.826,160827.56,0.474,48.6,MEDIUM,MODIFY
759954.7434944158,786914.4294077419,629531.5435261936,147104.3386574091,54.93182406355787,0.9893447311486978,0,4.0,1.25,0.043,0.0,749676.2,1.0,84.8,CRITICAL,MODIFY
720038.1977267202,1778429.5042833907,440181.994814869,468453.5031916187,95.38848913934811,0.6609219397094959,0,3.0,4.04,2.404,1.34,0.0,0.275,21.7,LOW,ALLOW
307411.4498939618,1669452.311607605,1100691.5448559695,301378.02153244725,84.90165879937038,0.6002999730514368,2,3.0,1.517,1.237,0.964,40028.7,0.336,26.3,LOW,BLOCK
376923.03769300936,1720030.9796388387,1353386.3181703002,281544.4609812486,53.11604760740452,0.8979983301141602,0,1.0,1.271,0.992,0.784,291822.84,0.516,48.9,MEDIUM,MODIFY
341273.8097370185,1621591.1273732043,1201494.024479397,13014.668052776378,54.341222633037965,0.7560420476835736,1,2.0,1.35,1.066,1.055,0.0,0.018,39.4,MEDIUM,ALLOW
449632.0293021934,1996539.6486009907,485839.0707447418,751256.1304110299,63.60387898427038,0.6593853626372997,0,2.0,4.109,3.184,1.638,0.0,0.269,20.7,LOW,ALLOW
1164485.6435763696,1034466.8827040063,827573.506163205,326202.1022063721,74.53312326481728,0.6504456290260326,0,4.0,1.25,0.0,0.0,1283794.37,1.0,82.1,CRITICAL,BLOCK
231334.35398154188,1547290.4867745629,1237832.3894196504,419547.8820023035,50.8866144998472,0.974885943607869,0,2.0,1.25,1.063,0.724,341424.14,0.576,40.5,MEDIUM,MODIFY
1118385.2991263804,330808.6241759142,264646.8993407314,466725.5068312968,50.43832209080073,0.9480907260958368,0,2.0,1.25,0.0,0.0,1518949.08,1.0,88.5,CRITICAL,BLOCK
305058.5277844229,1624025.9506734358,1140921.6172249478,256493.01261601227,72.61791561807266,0.786209104935921,3,4.0,1.423,1.156,0.931,78447.21,0.369,40.6,MEDIUM,BLOCK
526255.7234965651,537123.905643106,429699.1245144848,240886.30152593876,54.57648433769948,0.804824828187674,0,3.0,1.25,0.025,0.0,659717.24,1.0,84.6,CRITICAL,MODIFY
919678.6225839986,1150184.3552504792,405959.18273676286,67710.23365710907,98.47148526785693,0.7569558643090648,0,1.0,2.833,0.568,0.401,243163.68,0.899,58.3,MEDIUM,MODIFY
1116636.0336146238,1961999.7187316704,1092833.454382822,117435.28151557303,76.39944224609602,0.891327254460149,0,3.0,1.795,0.774,0.666,364905.05,0.634,52.7,MEDIUM,MODIFY
879996.135112513,1735232.7247020623,1325465.5140171181,451218.39684675314,52.84590224721,0.6461014216877985,0,4.0,1.309,0.645,0.305,921447.32,0.995,78.2,HIGH,MODIFY
527386.700413142,259709.62840755348,207767.7027260428,261779.99277605562,79.61034748435708,0.7158778455280502,1,2.0,1.25,0.0,0.0,737224.77,1.0,86.5,CRITICAL,BLOCK
287903.3715339899,472396.9943828892,377917.5955063114,665320.666027829,41.827834223534424,0.9636703424822308,3,4.0,1.25,0.488,0.0,858744.64,1.0,98.0,CRITICAL,BLOCK
1087835.446807183,1320293.4600256307,502375.3524142807,320543.0157488724,94.00704814734954,0.8216701633979706,3,1.0,2.628,0.463,0.0,590460.35,1.0,95.1,CRITICAL,BLOCK
15133.4720951193,924136.8290864422,327806.59822462575,379086.45664979075,61.5052254312805,0.8448995429630923,0,4.0,2.819,2.773,1.617,0.0,0.061,15.6,LOW,ALLOW
911657.842172181,799769.9511103878,639815.9608883103,521309.9117002005,83.21984425094249,0.9757979098020879,0,1.0,1.25,0.0,0.0,1273013.76,1.0,76.0,HIGH,BLOCK
855877.2872716672,753236.5149509499,497797.10890871705,254390.1337715287,96.89754370808612,0.8560928988138344,0,3.0,1.513,0.0,0.0,854828.02,1.0,72.8,HIGH,BLOCK
600631.5744578049,553608.7256390932,378903.6575624398,776545.2882624379,43.66448258846692,0.7634270480543582,1,2.0,1.461,0.0,0.0,1202471.79,1.0,92.6,CRITICAL,BLOCK
94469.35864564545,1704485.188803759,956787.3129622281,158620.76589844466,68.57247554815707,0.6818872077707389,0,3.0,1.781,1.683,1.517,0.0,0.11,6.7,LOW,ALLOW
937879.5619488581,715900.0857912772,572720.0686330218,394705.8405354733,41.51468885087934,0.8924190405303233,0,2.0,1.25,0.0,0.0,1189405.39,1.0,91.0,CRITICAL,BLOCK
16114.539230432849,318240.06036973704,254592.04829578963,669552.5495435954,64.39879234105209,0.6297243719785134,1,1.0,1.25,1.187,0.0,622019.08,1.0,71.6,HIGH,MODIFY
1025465.2086621972,1959422.6826284276,1078882.5653675215,779990.5917482371,45.299876798063174,0.8710798426208495,3,2.0,1.816,0.866,0.143,924915.68,1.0,98.0,CRITICAL,BLOCK
239176.9464031207,341222.5997624708,272978.0798099767,204634.57725667596,75.69609428959072,0.6286160778832012,1,1.0,1.25,0.374,0.0,375567.0,1.0,84.9,CRITICAL,MODIFY
123569.06370776532,342296.69654410734,273837.35723528586,716158.031434821,66.6616120515298,0.705786918849812,1,4.0,1.25,0.799,0.0,771267.76,1.0,89.1,CRITICAL,MODIFY
65800.30031106484,1399529.8192691181,1119623.8554152946,393517.54678045603,67.89489809542059,0.6197255857376159,0,2.0,1.25,1.191,0.84,179411.88,0.46,23.6,LOW,ALLOW
1181807.330041127,761164.8247466488,608931.859797319,795568.8223906725,54.67002977913776,0.9600165667198615,1,2.0,1.25,0.0,0.0,1825143.19,1.0,89.6,CRITICAL,BLOCK
57487.639813657144,1580924.3134527574,1146861.085946632,410993.21467725467,94.00497457701933,0.8121553843194719,0,3.0,1.378,1.328,0.97,34417.63,0.33,8.2,LOW,ALLOW
653177.0284832463,237875.16048646445,190300.12838917156,121241.41092146719,58.980060892473325,0.8371513936828647,0,4.0,1.25,0.0,0.0,726843.41,1.0,83.9,CRITICAL,BLOCK
869626.1433639278,1280563.6716780355,1024450.9373424285,274036.6382648525,64.63389686343757,0.6780341407033992,2,4.0,1.25,0.401,0.134,887550.05,1.0,84.6,CRITICAL,BLOCK
73571.89891400677,1105647.591011148,834758.847691146,614897.5303198791,65.48815033402695,0.6166028835414331,1,4.0,1.325,1.236,0.5,417580.69,0.8,49.4,MEDIUM,MODIFY
870234.0944004537,1307240.5723242578,880149.3773816463,554204.5213532535,92.25782900129119,0.7100375263214451,0,1.0,1.485,0.497,0.0,997347.42,1.0,74.9,HIGH,MODIFY
338055.6916350002,380467.9555687853,304374.36445502826,270802.685981257,42.77569602602499,0.6635736558000264,0,2.0,1.25,0.139,0.0,532764.79,1.0,89.9,CRITICAL,MODIFY
1193092.0443776099,1381155.9939824059,193670.54662564863,638976.3097986231,79.6619096642697,0.661983564847921,0,2.0,7.131,0.971,0.0,644582.91,1.0,75.8,HIGH,MODIFY
334437.8141492349,212618.76714891053,170095.01371912844,568934.5078379863,57.479687000323935,0.8832997050308237,2,1.0,1.25,0.0,0.0,860848.57,1.0,98.0,CRITICAL,BLOCK
772281.198095724,1422040.8573049011,335741.9609279984,157349.05648188738,66.1837894565775,0.6247741372348177,0,1.0,4.236,1.935,1.467,0.0,0.447,36.1,MEDIUM,ALLOW
953279.88034667,1237842.359320363,718653.1404639703,643125.196620738,98.87032809914848,0.6515855033724312,0,2.0,1.722,0.396,0.0,1077215.86,1.0,72.8,HIGH,MODIFY
286186.0935517059,876668.4670830396,153747.63973398364,10887.546168970364,84.19337776063136,0.6287322522591547,0,1.0,5.702,3.841,3.77,0.0,0.019,11.3,LOW,ALLOW
472031.31903078064,1007163.8376317007,441710.46669965127,321027.8156305473,59.508001921768894,0.9169143436865148,0,1.0,2.28,1.212,0.485,227605.76,0.815,55.7,MEDIUM,MODIFY
163826.184494879,1692623.0714846747,650802.1724181076,424721.46682202467,77.8231916291719,0.8523219471199965,0,1.0,2.601,2.349,1.696,0.0,0.094,11.5,LOW,ALLOW
150736.09818696653,589440.0869008524,209132.34464595473,131927.04354943184,87.52415133793664,0.6925304628852521,0,3.0,2.819,2.098,1.467,0.0,0.02,14.4,LOW,ALLOW
557480.9649646401,1439407.2142247541,1185979.986732624,296821.94929375465,67.58196320437426,0.8330077658072155,0,1.0,1.214,0.744,0.493,600875.69,0.807,63.4,HIGH,MODIFY
751704.3721881756,1944516.4598998553,206241.0352146449,426756.9269560754,42.53687728084496,0.9365856871540335,0,4.0,9.428,5.784,3.714,0.0,0.48,35.1,MEDIUM,ALLOW
1142664.9423919916,692037.8056665389,553630.2445332311,35075.797552006006,56.86396892430506,0.8171663717585151,0,3.0,1.25,0.0,0.0,1039333.18,0.478,74.3,HIGH,BLOCK
153722.98251730084,1203388.2947960643,1001339.3026398922,438419.20849825715,62.96808934601981,0.8454076888907885,0,3.0,1.202,1.048,0.61,390093.2,0.69,48.4,MEDIUM,MODIFY
720570.379980656,931059.9810065364,744847.9848052291,548662.9985034148,48.81507543681212,0.7923961454663209,0,3.0,1.25,0.283,0.0,1083021.38,1.0,88.9,CRITICAL,MODIFY
132033.22153481454,622520.7414113985,498016.59312911885,335999.2613813666,48.232846172647314,0.8112866995855592,0,1.0,1.25,0.985,0.31,343528.33,0.99,68.0,HIGH,MODIFY
1106591.6323905063,477674.06228173495,382139.24982538796,12828.344887982723,51.607679581983746,0.9119130275233018,0,3.0,1.25,0.0,0.0,1023885.16,0.208,70.7,HIGH,BLOCK
818474.9821852482,207862.45407263024,166289.9632581042,507846.70681433496,45.319801807153716,0.7938496659360504,0,4.0,1.25,0.0,0.0,1284749.2,1.0,85.4,CRITICAL,BLOCK
223298.86000033817,1229746.899838068,654116.5688937942,241777.69467266384,52.34214042479099,0.8303849407828966,0,3.0,1.88,1.539,1.169,0.0,0.008,22.3,LOW,ALLOW
819211.1959745294,1541607.5070028033,438622.112803531,255899.1771602428,95.39917589920256,0.9579813514079147,0,3.0,3.515,1.647,1.064,0.0,0.417,25.1,LOW,ALLOW
483452.9582211777,1144483.1173643842,927031.356972069,771539.0607332845,95.26703525126212,0.9305688364819951,0,2.0,1.235,0.713,0.0,1037540.26,1.0,75.8,HIGH,MODIFY
1058517.08757505,421499.6173732887,337199.693898631,570786.4559130264,69.19887303238173,0.8446084959172869,0,4.0,1.25,0.0,0.0,1545003.62,1.0,82.9,CRITICAL,BLOCK
231025.14881623763,1435996.6013109188,216387.6380189925,194309.90811479266,84.01943001113708,0.7865247917216296,0,1.0,6.636,5.569,4.671,0.0,0.081,9.0,LOW,ALLOW
524659.112928465,495096.32770687464,396077.0621654997,193516.4047301642,51.18956967568563,0.9187780885102304,0,4.0,1.25,0.0,0.0,619156.25,1.0,84.1,CRITICAL,BLOCK
491798.28572291153,578599.952294978,462879.9618359824,207261.01422261074,50.976554626569545,0.8186616962358964,0,2.0,1.25,0.188,0.0,583339.31,1.0,92.1,CRITICAL,MODIFY
557625.3031754035,1882588.3764550816,1359288.8537913817,493849.21109358204,75.0306199231126,0.6728643483723107,0,4.0,1.385,0.975,0.611,528174.99,0.689,53.7,MEDIUM,MODIFY
646551.8103710171,1476395.5063150567,452176.41087811854,270518.19951358775,48.30078995792055,0.6532976659606129,0,1.0,3.265,1.835,1.237,0.0,0.373,33.1,LOW,ALLOW
624356.1739615452,610315.7488261287,488252.59906090295,234668.06494176452,52.53265128083612,0.7157997492917714,0,2.0,1.25,0.0,0.0,736961.09,1.0,87.8,CRITICAL,BLOCK
1012861.9403376245,777947.8188725698,263540.00302512315,552034.8450070411,47.48342604864575,0.7517115687016829,2,4.0,2.952,0.0,0.0,1050488.97,1.0,96.7,CRITICAL,BLOCK
665825.8196837006,1296833.2731739008,243744.0620537723,176909.78124330696,41.737812833659575,0.8794821910903746,0,3.0,5.32,2.589,1.863,0.0,0.495,39.0,MEDIUM,ALLOW
754246.0077434819,1592222.2715993412,733869.5547760167,623266.0958203544,93.90304655260277,0.7921776227300324,0,2.0,2.17,1.142,0.293,519159.39,1.0,57.8,MEDIUM,MODIFY
1152507.6723857685,1796065.0466886,833413.238412057,763953.3007051096,63.70673621286606,0.7165077244098795,0,4.0,2.155,0.772,0.0,953809.16,1.0,80.5,CRITICAL,MODIFY
211664.20424317467,262195.76450515195,209756.61160412157,402738.68916123436,57.949893861867864,0.8457680539949903,0,1.0,1.25,0.241,0.0,561963.74,1.0,87.8,CRITICAL,MODIFY
1078390.1595347389,735520.1118459123,222421.7569721726,216198.90939296855,79.84845280820296,0.9387314396305997,0,3.0,3.307,0.0,0.0,781490.71,1.0,80.1,CRITICAL,BLOCK
1111944.431982042,956446.3917009247,651187.8625928296,673485.8866092355,65.35229565198705,0.6623614018811242,1,2.0,1.469,0.0,0.0,1480171.79,1.0,89.5,CRITICAL,BLOCK
764808.3641221367,1115041.9845599495,892033.5876479596,635088.234004811,95.68636790520593,0.9443848893234716,1,4.0,1.25,0.393,0.0,1176888.2,1.0,82.2,CRITICAL,MODIFY
587984.4377068412,1006069.9826559306,575332.7321504579,468958.34928074945,46.16474433124362,0.9608714849863935,3,4.0,1.749,0.727,0.0,626205.54,1.0,98.0,CRITICAL,BLOCK
721806.7347974794,1474521.4350524053,1286853.2884589983,61909.4446759668,75.32578372150505,0.8753656242592154,0,3.0,1.146,0.585,0.537,596048.03,0.763,55.1,MEDIUM,MODIFY
506165.6598176231,1391309.9227366364,342945.31056126335,697914.6387369549,57.49933234432501,0.649748004089276,1,3.0,4.057,2.581,0.546,155715.69,0.754,55.7,MEDIUM,MODIFY
796034.1400039083,1160601.4121327312,1028737.2984047999,728183.6039085948,59.44311387344564,0.7124434901724018,2,2.0,1.128,0.354,0.0,1392353.63,1.0,94.4,CRITICAL,BLOCK
1092446.6957136926,1854571.2826864407,370521.2253003224,653296.3430379531,97.35797456899448,0.8742476152406177,0,4.0,5.005,2.057,0.294,261692.98,1.0,51.1,MEDIUM,MODIFY
483253.09016561205,1872459.1191601371,368180.7954636271,368876.12191750546,69.73692742786491,0.7917611176896352,1,2.0,5.086,3.773,2.771,0.0,0.136,20.1,LOW,ALLOW
78792.20189522987,1357328.042260298,1026057.5845998263,525811.586062047,97.37933630512195,0.7131480082592598,0,1.0,1.323,1.246,0.734,273333.33,0.566,20.6,LOW,ALLOW
313947.21541468875,1516317.1169152209,1092175.625089589,513947.0539693706,63.648029022297955,0.7823400659230457,3,3.0,1.388,1.101,0.63,403752.78,0.67,58.7,MEDIUM,BLOCK
538149.1122544053,784221.1255994813,627376.900479585,215471.62274938225,85.72761754699056,0.7508600227176481,2,2.0,1.25,0.392,0.049,596776.51,1.0,89.1,CRITICAL,BLOCK
70327.39683165195,562395.1026122915,449916.0820898332,434402.5973043082,73.86187538447498,0.6548764609746673,0,4.0,1.25,1.094,0.128,392250.97,1.0,67.1,HIGH,MODIFY
604122.0668104033,931433.66360627,525007.1223544653,741431.2393828541,95.87429412839737,0.7257647429245228,1,3.0,1.774,0.623,0.0,939126.76,1.0,83.1,CRITICAL,MODIFY
569609.7427817772,1984156.4859368864,382399.65732346236,219677.73440909904,40.40406674955698,0.7507017807235733,0,4.0,5.189,3.699,3.125,0.0,0.121,26.1,LOW,ALLOW
465311.2768378203,303481.7072998282,246243.00457444997,204283.1976717478,46.28417129874578,0.6682987856700413,0,3.0,1.232,0.0,0.0,612355.77,1.0,84.9,CRITICAL,BLOCK
362366.25914183666,1259711.1515769376,787617.7337727475,114976.2380223005,90.0337752562619,0.6786694288151,0,4.0,1.599,1.139,0.993,5249.08,0.307,15.3,LOW,MODIFY
750431.0238732088,934776.6648916495,211535.5230164587,647912.2456110107,55.799088553183466,0.9573597169871828,0,4.0,4.419,0.871,0.0,675102.13,1.0,84.3,CRITICAL,MODIFY
275773.2138497545,1173003.2198178344,938402.5758542676,786495.4150242407,85.83468579863286,0.7084110368878838,0,3.0,1.25,0.956,0.118,827667.98,1.0,75.5,HIGH,MODIFY
586901.2128034815,1682610.5005541714,792101.0293447112,675706.9880920418,88.45487743485054,0.8245839966258373,0,3.0,2.124,1.383,0.53,372098.73,0.77,42.2,MEDIUM,MODIFY
473196.31073756167,683707.0941711111,433155.63939125114,216241.4403356717,40.77776842289136,0.7239315392569113,0,2.0,1.578,0.486,0.0,438886.3,1.0,87.6,CRITICAL,MODIFY
1185549.9752330252,1553225.7277097022,814393.0197049633,778946.1492518766,40.83548287905139,0.7255285485410949,0,2.0,1.907,0.451,0.0,1225663.42,1.0,90.6,CRITICAL,MODIFY
757245.4049878517,1798888.0664572734,939045.2758842892,438805.4433176362,48.28099354962858,0.9832105041187748,0,3.0,1.916,1.109,0.642,336208.06,0.658,49.0,MEDIUM,MODIFY
287589.2568650976,1655735.9497391,209798.35601099988,72018.61950024497,93.7695067472482,0.8341811987030008,1,3.0,7.892,6.521,6.178,0.0,0.078,12.5,LOW,ALLOW
192742.17835541163,1043558.895172012,834847.1161376097,181886.137106234,73.2477611743063,0.7716072159211731,0,3.0,1.25,1.019,0.801,165916.54,0.499,37.3,MEDIUM,MODIFY
145277.75780114648,1297392.4432511579,1037913.9546009264,247010.05260165737,70.29563295142269,0.7658906817268393,0,2.0,1.25,1.11,0.872,132809.32,0.428,24.6,LOW,MODIFY
731584.8713427781,1558306.3014077828,324334.19661807804,629366.2884318102,70.6799834337363,0.7546083967504593,0,3.0,4.805,2.549,0.608,126979.05,0.692,39.4,MEDIUM,MODIFY
210295.1699165858,640446.623892077,512357.29911366163,713200.1842818432,41.83655037338205,0.8507017626660456,1,4.0,1.25,0.84,0.0,795406.03,1.0,97.6,CRITICAL,MODIFY
581873.013512174,498343.4291678957,398674.7433343166,742473.4325191601,52.377431063508695,0.9312295471359354,0,1.0,1.25,0.0,0.0,1224677.76,1.0,86.4,CRITICAL,BLOCK
774267.4378198553,1262639.877084982,1037224.3766108056,545105.7260421023,61.92029752168126,0.9828731445719735,0,1.0,1.217,0.471,0.0,1093957.66,1.0,84.3,CRITICAL,MODIFY
463966.91821337596,730821.8881643631,348019.9064804455,289451.0556560892,60.053258554819664,0.7218396152674004,0,1.0,2.1,0.767,0.0,370615.99,1.0,82.5,CRITICAL,MODIFY
151666.06818041843,459941.086144108,367952.8689152864,499739.0419398958,95.80454933030173,0.6105201999282199,0,2.0,1.25,0.838,0.0,559416.89,1.0,73.1,HIGH,MODIFY
976936.1571813037,1231775.950654635,198480.6132046858,610328.2092719901,65.27638362098594,0.9213296043602061,1,4.0,6.206,1.284,0.0,553969.03,1.0,81.2,CRITICAL,MODIFY
318793.20490371855,1003930.6837742397,585997.038702744,501695.9237519602,66.26503151522903,0.7935958347651696,0,1.0,1.713,1.169,0.313,402555.48,0.987,62.9,HIGH,MODIFY
260055.8196059986,271624.7820659522,217299.82565276176,411350.6678718859,60.811799439847064,0.6252727657925947,0,1.0,1.25,0.053,0.0,617081.53,1.0,85.1,CRITICAL,MODIFY
857526.9614633406,1117869.9759961604,971508.0743941853,312485.24884967954,63.89423511758208,0.8144719562823934,0,4.0,1.151,0.268,0.0,1023650.31,1.0,83.4,CRITICAL,MODIFY
825444.9320584097,1750240.1953935495,1445304.5112848813,318874.9437288854,48.905323013886246,0.8315343504821342,0,2.0,1.211,0.64,0.419,839384.19,0.881,67.1,HIGH,MODIFY
1021172.2748514276,1402220.1618904548,187607.36624335506,590582.1984303937,72.28374021374542,0.9148392496500976,0,4.0,7.474,2.031,0.0,397141.68,1.0,72.6,HIGH,MODIFY
1048960.8392188088,1729657.5109534208,954587.2274747095,37660.255758056584,74.58204682011421,0.6855839659840507,1,2.0,1.812,0.713,0.674,311550.81,0.316,49.6,MEDIUM,MODIFY
798676.8062885057,694821.7230254435,555857.3784203548,679629.8827925853,79.01982358786091,0.8369140574472163,0,1.0,1.25,0.0,0.0,1339342.34,1.0,79.0,HIGH,BLOCK
618128.6619669071,957301.6321919383,592669.902900802,331012.5640764963,70.5952996849529,0.8845462301922007,0,2.0,1.615,0.572,0.014,584509.5,1.0,80.1,CRITICAL,MODIFY
290989.5011058802,223885.47093167005,179108.37674533605,81249.0508910546,50.07770152056214,0.9141029418013845,2,2.0,1.25,0.0,0.0,327461.46,1.0,95.4,CRITICAL,BLOCK
923481.781548017,1337826.1095052552,1069816.5039689308,351982.6333291479,93.39902931400641,0.7394157957249996,0,4.0,1.251,0.387,0.058,1007454.81,1.0,75.9,HIGH,MODIFY
855980.9300182753,1530471.2548908489,847380.690050836,224125.3510916681,42.63803624629675,0.7433813505837595,0,2.0,1.806,0.796,0.531,397015.72,0.769,68.9,HIGH,MODIFY
954001.7730296988,1885176.2042066387,1469998.8013136266,680665.4158188079,51.708674085402365,0.8089441191128437,0,3.0,1.282,0.633,0.17,1219489.79,1.0,81.8,CRITICAL,MODIFY
98830.86096457354,1881908.8920772064,870650.2714183155,29979.59007489275,77.69333683577719,0.9425531627264432,0,4.0,2.161,2.048,2.014,0.0,0.081,6.9,LOW,ALLOW
935793.4922486547,1349857.2107578882,558446.7667028334,213607.68292641934,65.15474942498139,0.713849785348235,0,4.0,2.417,0.741,0.359,357990.73,0.941,69.0,HIGH,MODIFY
985089.3022035054,1846962.9807048189,1486062.2786959142,338606.7493297412,90.51726193136798,0.9719737487009437,1,1.0,1.243,0.58,0.352,962795.35,0.948,65.3,HIGH,MODIFY
912475.1873563591,1303680.774381283,797683.8759716615,404825.5363816331,52.290444711205645,0.6464198321735577,0,4.0,1.634,0.49,0.0,811303.83,1.0,85.4,CRITICAL,MODIFY
806538.353303742,488300.52973744215,390640.42378995375,530037.1077011958,53.77776407572012,0.798527143325404,3,2.0,1.25,0.0,0.0,1238915.36,1.0,98.0,CRITICAL,BLOCK
448263.6271186346,1693759.457466832,597426.0840932599,564176.6170375871,57.9536868178058,0.6638341925174938,1,2.0,2.835,2.085,1.14,0.0,0.026,29.3,LOW,ALLOW
649677.5538806043,824527.0574710654,659621.6459768524,466462.3584321763,87.02872126515663,0.609346736738282,0,2.0,1.25,0.265,0.0,951234.5,1.0,74.9,HIGH,MODIFY
472643.6860878491,1723806.2653518978,1107175.6295391987,581724.3464132053,60.37723794458522,0.8465539085358212,0,3.0,1.557,1.13,0.605,437737.4,0.695,47.8,MEDIUM,MODIFY
515386.7935071438,1862027.4623659106,973175.127842435,353562.7603705965,59.86353638600221,0.9698387890533295,2,1.0,1.913,1.384,1.02,0.0,0.077,34.7,LOW,BLOCK
351148.318950653,329249.51882626675,263399.61506101344,798746.8725376241,53.44766825047435,0.8976511971424685,1,4.0,1.25,0.0,0.0,1084045.29,1.0,88.1,CRITICAL,BLOCK
679318.710357255,1469420.1191025798,494446.4802991813,555195.8768776262,87.84081759702534,0.7122426012163898,1,2.0,2.972,1.598,0.475,259540.95,0.825,53.0,MEDIUM,MODIFY
800681.1214084706,425674.8777987521,340539.9022390017,797536.5653119327,97.29451252427444,0.9005537087794597,0,2.0,1.25,0.0,0.0,1513082.71,1.0,73.9,HIGH,BLOCK
45188.48049949236,826185.5791854854,660948.4633483883,580807.2069037535,74.52340946855976,0.8757612688800418,0,2.0,1.25,1.182,0.303,460758.57,0.997,50.7,MEDIUM,MODIFY
1188037.738907565,421605.71276850795,337284.57021480636,331090.35155479534,96.20024351477335,0.6005833075525197,3,4.0,1.25,0.0,0.0,1434806.95,1.0,92.9,CRITICAL,BLOCK
169968.46045692443,1660353.9102541937,1394321.1428321651,679223.7033741887,47.552350326513725,0.8652192552580674,3,3.0,1.191,1.069,0.582,583159.4,0.718,65.7,HIGH,BLOCK
872985.6512761455,330266.9511687744,264213.5609350195,777559.4200097127,72.66987732814047,0.9475302814258684,0,1.0,1.25,0.0,0.0,1584491.68,1.0,82.4,CRITICAL,BLOCK
490290.420004384,1344196.4667139377,522705.54042786977,219478.25130084562,41.587204943523574,0.6640397878170208,0,3.0,2.572,1.634,1.214,0.0,0.009,29.3,LOW,ALLOW
176733.8701604225,848893.7033839955,679114.9627071964,647203.1377368816,87.99981109127584,0.6429170318271095,0,4.0,1.25,0.99,0.037,654158.27,1.0,73.9,HIGH,MODIFY
903021.3085895625,319671.87241987116,255737.49793589694,588051.2827908748,77.92790556328103,0.9485148815722229,0,3.0,1.25,0.0,0.0,1427138.22,1.0,80.9,CRITICAL,BLOCK
456998.6243729393,528873.8613928978,423099.08911431825,704638.9178199064,87.90167568227807,0.7164659193684445,0,2.0,1.25,0.17,0.0,1055862.77,1.0,81.2,CRITICAL,MODIFY
963882.1232921021,204464.2549085983,163571.40392687864,274620.05057064217,82.9878343537329,0.9817201970609399,1,3.0,1.25,0.0,0.0,1197609.32,1.0,82.4,CRITICAL,BLOCK
1093619.908599354,1066000.0521930107,393766.7177628789,182955.05388178173,40.04682376787598,0.782840574416973,0,2.0,2.707,0.0,0.0,604341.63,1.0,87.1,CRITICAL,BLOCK
583820.0644997413,1452361.7055315203,654618.3420491288,464207.7137795604,51.68041002586631,0.7394632635726783,0,4.0,2.219,1.327,0.618,250284.41,0.682,48.9,MEDIUM,MODIFY
169475.57189367551,1683019.0909673818,438435.95374943566,550562.9361157252,57.08128059524205,0.82743352469556,0,4.0,3.839,3.452,2.196,0.0,0.074,15.5,LOW,ALLOW
967225.4844384742,549774.513342839,439819.6106742712,401638.7644505399,43.52669792543658,0.8820037975290194,0,2.0,1.25,0.0,0.0,1258909.35,1.0,87.3,CRITICAL,BLOCK
87258.26976972113,351753.91870908777,274333.9357281497,183071.9675608525,68.4014840167521,0.760895591055034,0,1.0,1.282,0.964,0.297,192910.25,1.0,69.9,HIGH,MODIFY
742015.9569304563,1187826.7811312801,281379.04041413486,324311.31977356557,70.94582484576796,0.7650654279996827,0,4.0,4.221,1.584,0.432,159879.54,0.868,57.8,MEDIUM,MODIFY
179917.60401302995,1186248.665847302,948998.9326778416,342251.0017273911,74.11297680241016,0.6771898126997987,2,1.0,1.25,1.06,0.7,284918.87,0.6,48.6,MEDIUM,BLOCK
491050.81036356115,1472111.7581239548,414837.509516779,42235.0656073462,51.51902277916342,0.6721575992851382,0,3.0,3.549,2.365,2.263,0.0,0.147,25.4,LOW,ALLOW
1099459.8051817822,1451674.267902675,1061628.1605563704,110484.3209278564,57.01009112382774,0.6372748100562146,0,2.0,1.367,0.332,0.228,819898.02,1.0,75.0,HIGH,MODIFY
314752.52040112467,266002.7279375062,212802.182350005,590828.2732297385,73.41699821023929,0.6074463920833535,3,4.0,1.25,0.0,0.0,852380.25,1.0,96.3,CRITICAL,BLOCK
163182.74201052848,1727848.1836046234,851064.162998474,682304.4487037067,56.39464560303194,0.6122877911222978,0,2.0,2.03,1.838,1.037,0.0,0.028,18.0,LOW,ALLOW
1153447.547400544,451708.66831412213,187167.2505815908,591328.1596538378,84.69299193274279,0.9316311885375902,0,2.0,2.413,0.0,0.0,1480234.29,1.0,77.6,HIGH,BLOCK
281111.6592114672,602528.8912398885,286388.81154208013,139447.45280514477,50.71059237051283,0.7477446503385095,3,2.0,2.104,1.122,0.635,104419.03,0.665,61.8,HIGH,BLOCK
499947.3205084885,657493.3588800065,525994.6871040053,226646.58625874852,47.448184719518736,0.718668917882528,0,3.0,1.25,0.3,0.0,595095.23,1.0,89.5,CRITICAL,MODIFY
216182.5449303803,996893.1821789907,797514.5457431925,466919.8662757803,65.37285746883248,0.6753974037943247,0,1.0,1.25,0.979,0.393,483723.77,0.907,66.6,HIGH,MODIFY
550042.3095198147,841896.6356331928,740308.3023650807,536016.7650792208,76.8810402854512,0.9381181465101872,0,3.0,1.137,0.394,0.0,984470.74,1.0,78.7,HIGH,MODIFY
931532.4670792895,617696.0158436036,494156.81267488294,267686.67512153304,50.476255050595476,0.7496228509613589,2,3.0,1.25,0.0,0.0,1075679.94,1.0,98.0,CRITICAL,BLOCK
1077698.294253671,319404.2509907478,255523.40079259826,768352.9445988301,61.81418482560305,0.696052424834755,0,1.0,1.25,0.0,0.0,1782170.39,1.0,85.2,CRITICAL,BLOCK
941479.9688847124,740263.3487389049,509911.39999172755,295579.13076386147,54.703602059594296,0.9311084469171309,0,2.0,1.452,0.0,0.0,1006707.15,1.0,85.0,CRITICAL,BLOCK
919973.9181148257,1986372.8754829615,515573.14207505673,347441.79081725585,58.74906354657171,0.6909968428451189,0,4.0,3.853,2.068,1.394,0.0,0.238,33.2,LOW,ALLOW
307311.55934463587,1192599.6974021764,607763.2457741785,231708.89140694123,91.76835410100375,0.8757588947150223,3,4.0,1.962,1.457,1.075,0.0,0.139,34.5,LOW,BLOCK
1121473.9772516026,1023799.8348037921,819039.8678430337,760721.6965944511,83.951853132937,0.8133503915606133,0,3.0,1.25,0.0,0.0,1677435.71,1.0,76.1,HIGH,BLOCK
901408.6554997222,939483.7184798104,593506.8832731637,197080.8069035761,74.08731799231408,0.761053925872363,0,2.0,1.583,0.064,0.0,752512.63,1.0,80.2,CRITICAL,MODIFY
904940.4003352555,1350047.8656996458,981480.0062877311,607133.5944317519,86.45233894720008,0.6300939444598512,0,2.0,1.376,0.454,0.0,1143506.14,1.0,79.6,HIGH,MODIFY
623170.1735435175,382710.9970791082,306168.79766328656,157387.36209057685,67.25237365226958,0.611398503001696,0,2.0,1.25,0.0,0.0,704015.34,1.0,83.0,CRITICAL,BLOCK
997816.2050261152,1048754.6357813478,374162.33045064635,3253.5430370858267,45.62970996020966,0.80915913305642,0,4.0,2.803,0.136,0.127,326477.44,0.488,76.1,HIGH,MODIFY
166859.7450499421,695177.2856184355,430808.6772193257,97988.87359527191,56.8430234603262,0.9056641936795349,0,3.0,1.614,1.226,0.999,480.01,0.301,26.2,LOW,MODIFY
1007611.061793106,531098.3626690991,424878.6901352793,598932.2041163004,98.49820746518307,0.8468055142025249,0,3.0,1.25,0.0,0.0,1500323.59,1.0,74.5,HIGH,BLOCK
139572.8675828225,1850889.9634234642,408194.13965265953,110955.70175678251,94.9141160362935,0.9356240859221298,0,3.0,4.534,4.192,3.921,0.0,0.002,2.0,LOW,ALLOW
1192236.2637865974,1110128.7970219925,888103.037617594,87869.83598185811,77.87983659955171,0.8739811920770022,0,3.0,1.25,0.0,0.0,1058080.34,1.0,80.8,CRITICAL,BLOCK
40434.02850565122,937996.4322797662,750397.145823813,545542.4302161144,72.49153140356829,0.6851958186042924,0,1.0,1.25,1.196,0.469,398377.17,0.831,39.3,MEDIUM,MODIFY
487609.00596919714,1592043.2584598255,187178.8580219788,574732.2454863697,73.49350233745787,0.7061223762872727,0,1.0,8.505,5.9,2.83,0.0,0.258,20.8,LOW,ALLOW
335622.0373126874,1640193.7065214908,1441946.5700211304,635652.7274870328,56.60536383606372,0.9219545891859172,0,3.0,1.137,0.905,0.464,773027.63,0.836,63.7,HIGH,MODIFY
1192830.8623190522,1280891.7730280624,200891.26564400736,726967.7731061213,45.37731291443139,0.7561781117622893,3,1.0,6.376,0.438,0.0,839798.13,1.0,98.0,CRITICAL,BLOCK
1111737.2390008958,1787060.3840873567,1301841.3224290428,323358.6723564781,72.1131833341409,0.6128623484202921,3,1.0,1.373,0.519,0.27,949876.85,1.0,86.5,CRITICAL,BLOCK
316802.1814324968,1918591.5881554617,1189106.2246320578,716254.9599571108,95.13756319447212,0.7179217317392805,0,2.0,1.613,1.347,0.745,303571.78,0.555,23.1,LOW,MODIFY
808846.7809143688,1451646.0974551712,913390.2667380818,388530.7719548549,95.41347291142058,0.8307545339977654,0,4.0,1.589,0.704,0.278,659121.72,1.0,64.2,HIGH,MODIFY
1061674.0080179898,1064994.3573622976,851995.4858898381,632572.5525350118,46.84436167026618,0.9419929743017279,1,1.0,1.25,0.004,0.0,1481247.69,1.0,93.7,CRITICAL,MODIFY
171076.92503267206,1725672.5778463786,171902.18452427041,724969.7772498754,79.47140742226296,0.6016801612303634,3,1.0,10.039,9.043,4.826,0.0,0.043,23.6,LOW,BLOCK
1121325.0809138152,770804.8183179748,616643.8546543799,60066.33503798868,94.83673207347651,0.6831194377556711,0,3.0,1.25,0.0,0.0,1027230.45,1.0,76.2,HIGH,BLOCK
294222.1215321734,971665.9168715784,777332.7334972628,630894.4163559892,44.70177430818263,0.958008566934536,0,1.0,1.25,0.871,0.06,730783.35,1.0,87.6,CRITICAL,MODIFY
211489.92707512723,1608423.321244654,1286738.6569957233,513132.3942646489,47.01925340706642,0.7107439665646973,0,2.0,1.25,1.086,0.687,402937.66,0.613,42.5,MEDIUM,MODIFY
799516.7404836232,796693.2437756545,704802.2672958386,772649.4053714847,50.94722007903179,0.6259074289988188,0,3.0,1.13,0.0,0.0,1480275.17,1.0,84.0,CRITICAL,BLOCK
12399.7510621511,1531268.596361564,1356118.604550659,506397.2673611888,56.6967465632183,0.8810589340731738,0,4.0,1.129,1.12,0.747,343647.03,0.553,27.9,LOW,ALLOW
1098732.7161631586,1304447.1211481916,852805.155215494,287110.4325408865,63.03517748911703,0.7101073498845591,0,2.0,1.53,0.241,0.0,934201.18,1.0,85.3,CRITICAL,MODIFY
1101247.2963947773,1012551.8636864614,810041.4909491692,166565.7720900793,61.47963834493994,0.7968976523394513,2,2.0,1.25,0.0,0.0,1065302.7,1.0,94.0,CRITICAL,BLOCK
168590.1487238835,1020232.5275608313,676116.9753646844,522728.11747566034,63.90052316822515,0.6100972286686771,0,1.0,1.509,1.26,0.486,347202.71,0.814,47.8,MEDIUM,MODIFY
788152.3095515951,349405.5906631686,279524.4725305349,219563.50869674442,89.49110119138996,0.6019865201775966,1,4.0,1.25,0.0,0.0,937834.7,1.0,84.3,CRITICAL,BLOCK
935854.9188193064,1617415.9248231398,841134.2661891698,82085.93652813905,40.30373821558351,0.9776817092961585,3,4.0,1.923,0.81,0.713,241659.2,0.587,70.1,HIGH,BLOCK
967006.289020468,1410168.468128875,1128134.7745031,80232.48604453483,47.99896063388601,0.6548802517578451,0,2.0,1.25,0.393,0.322,765205.08,0.978,72.5,HIGH,MODIFY
794925.0885247584,419086.32391776005,335269.0591342081,112005.59275965967,48.426689308737494,0.657752455328276,0,2.0,1.25,0.0,0.0,823113.42,1.0,86.3,CRITICAL,BLOCK
635950.517648456,1047876.422018825,838301.13761506,286332.69071533513,75.75374566668467,0.8322432341120578,0,3.0,1.25,0.491,0.15,712707.92,1.0,76.2,HIGH,MODIFY
1068989.153655535,1644560.7841646643,458033.5874377541,81423.87690860656,46.81221167910648,0.696047131980519,0,3.0,3.59,1.257,1.079,0.0,0.258,42.4,MEDIUM,ALLOW
1116082.295996323,1862364.3732529555,160335.3170200187,231414.6406511079,77.73383936518671,0.9650432115742034,0,4.0,11.615,4.655,3.211,0.0,0.367,29.0,LOW,ALLOW
96617.62280939706,1867941.6341543861,173211.38940384885,715963.9674431201,46.03727329299987,0.7122023914375385,1,3.0,10.784,10.226,6.093,0.0,0.036,18.0,LOW,ALLOW
617540.932338916,1566297.6937535836,1211968.49814692,725112.1049857552,94.86025996276291,0.7024284354022545,0,4.0,1.292,0.783,0.185,988323.84,1.0,71.3,HIGH,MODIFY
53331.05369352212,1790814.715116132,324005.3280689836,68001.95957159642,70.08642415533919,0.816631558174431,0,1.0,5.527,5.363,5.153,0.0,0.058,6.9,LOW,ALLOW
1162000.5610561043,1842908.1753391156,1017341.8023362566,538950.8664333031,53.41332514893181,0.817741349996785,1,2.0,1.811,0.669,0.14,875385.05,1.0,91.1,CRITICAL,MODIFY
1085592.8113688934,1000339.0003073647,800271.2002458918,657615.4453784024,63.74735013529224,0.8245264897894777,0,3.0,1.25,0.0,0.0,1543140.46,1.0,88.3,CRITICAL,BLOCK
714904.2170560093,1846939.829642893,1208734.5849894732,244848.84558840233,85.32119474731755,0.8124451904462917,0,1.0,1.528,0.937,0.734,321547.82,0.566,44.6,MEDIUM,MODIFY
830469.8352863222,973865.7624988981,779092.6099991185,287428.88506569335,49.040345398109345,0.8370173876910733,0,1.0,1.25,0.184,0.0,923125.57,1.0,86.2,CRITICAL,MODIFY
296305.3543709112,899313.142871909,717511.1388459202,361877.68433181057,56.12873683798331,0.7731803478191432,0,4.0,1.253,0.84,0.336,476381.03,0.964,72.4,HIGH,MODIFY
800019.7560829306,367820.1576143373,294256.12609146984,55289.69346786097,74.6770074668242,0.8152164523515748,0,2.0,1.25,0.0,0.0,781745.42,1.0,82.3,CRITICAL,BLOCK
742998.6052244821,550012.2969004447,440009.83752035577,128583.21452228862,76.15930753263751,0.7551301710705964,0,4.0,1.25,0.0,0.0,761579.36,1.0,82.8,CRITICAL,BLOCK
1052962.8932162714,1836916.3030730938,586196.6664616386,7320.234367273759,56.637067368950056,0.6718324231635885,1,3.0,3.134,1.337,1.325,0.0,0.026,37.7,MEDIUM,ALLOW
1131333.238773015,1496263.3147522004,611710.815376868,318656.2216302907,46.372729579583265,0.8084851025181581,0,3.0,2.446,0.597,0.076,565436.96,1.0,88.6,CRITICAL,MODIFY
603795.1783097424,251829.67105143424,201463.73684114742,647194.197051666,40.88183202271864,0.7082446620179077,0,1.0,1.25,0.0,0.0,1200623.44,1.0,86.0,CRITICAL,BLOCK
955845.577360281,598921.8308246594,344938.5284467526,540525.2194391714,57.17588279523956,0.6707004238892929,0,1.0,1.736,0.0,0.0,1242387.49,1.0,84.4,CRITICAL,BLOCK
279368.1884173099,1658774.2928470601,859236.9938066682,223627.31111202115,93.7872568507509,0.6545303662567535,0,2.0,1.931,1.605,1.345,0.0,0.136,14.2,LOW,ALLOW
361634.0354235574,996719.3445881972,283931.83727006207,125579.45013188582,48.19123887214063,0.6510985650890521,0,4.0,3.51,2.237,1.794,0.0,0.07,22.2,LOW,ALLOW
465115.1855208508,1262612.5180495325,1010090.0144396261,167932.84699224858,90.64783452779463,0.9253429987425518,0,2.0,1.25,0.79,0.623,380525.53,0.677,53.5,MEDIUM,MODIFY
284447.47438862635,1948117.6449940195,313498.49799761217,125513.15724916261,42.66430315987878,0.8073391405067716,2,3.0,6.214,5.307,4.906,0.0,0.001,23.3,LOW,BLOCK
695980.5265429454,1408563.9748951017,215811.07037833263,514389.5640582957,52.487139106144284,0.8414081188143807,0,4.0,6.527,3.302,0.918,17617.19,0.382,31.1,LOW,MODIFY
229204.9807429816,974516.4467320592,658656.8683192402,272409.6261058624,82.2169833582532,0.8640359666906405,1,1.0,1.48,1.132,0.718,185755.03,0.582,40.5,MEDIUM,MODIFY
875241.9817067793,1945689.4195039852,567290.876830499,463493.69286001264,76.67729557977492,0.950422082808795,0,3.0,3.43,1.887,1.07,0.0,0.438,29.3,LOW,ALLOW
108584.10734850206,590951.3715363261,472761.09722906095,308056.60278135276,77.02395245175556,0.7815345496480101,1,1.0,1.25,1.02,0.369,298450.44,0.931,63.7,HIGH,MODIFY
301624.787064538,993965.863593298,538718.8012236368,10278.831615277095,83.66531211121315,0.8398261107901204,2,3.0,1.845,1.285,1.266,0.0,0.029,34.3,LOW,BLOCK
1169101.5773546274,1855994.063202314,1054608.0128053997,342326.55745265755,64.82249019278888,0.7669243288233334,0,2.0,1.76,0.651,0.327,710042.08,0.973,73.4,HIGH,MODIFY
41538.22722037631,1567398.3689588523,240310.23359879234,460398.9133842049,72.672684893801,0.9203330867224511,0,4.0,6.522,6.35,4.434,0.0,0.082,7.5,LOW,ALLOW
167134.05849507975,1498450.2041705372,230830.0399067815,55397.979469135,46.71875406843948,0.7865995670420288,0,4.0,6.492,5.768,5.528,0.0,0.004,13.6,LOW,ALLOW
171225.1043311555,969640.406728506,602654.5076236166,158738.00327751244,68.69136899160704,0.8102689193095038,0,1.0,1.609,1.325,1.061,0.0,0.13,22.6,LOW,ALLOW
447484.7898092957,1496831.0975437684,1023614.0656623901,176536.1899829795,69.38083094316345,0.6324193010595898,1,3.0,1.462,1.025,0.853,150803.95,0.447,42.7,MEDIUM,MODIFY
302333.1879679793,1694320.5655066199,1193427.340881871,601873.186456406,73.31135985675431,0.8717872908556166,1,1.0,1.42,1.166,0.662,403313.15,0.638,42.0,MEDIUM,MODIFY
607623.7705590834,820243.301086044,656194.6408688353,304079.05209058174,76.14374245191227,0.6494558822263071,0,3.0,1.25,0.324,0.0,747654.16,1.0,77.0,HIGH,MODIFY
501154.1036335619,563069.7909191642,450455.8327353314,456099.74903809023,92.06069436774007,0.7329226122740771,0,2.0,1.25,0.137,0.0,844639.89,1.0,75.0,HIGH,MODIFY
1040300.3853834365,727106.8061231106,581685.4448984885,701459.4925661621,91.41876811803704,0.7438320958227613,1,4.0,1.25,0.0,0.0,1596338.52,1.0,80.6,CRITICAL,BLOCK
971280.2199453767,1897520.8179784357,447819.93924840336,199125.710064226,96.0607532130997,0.7425182530457533,0,4.0,4.237,2.068,1.624,0.0,0.384,24.9,LOW,ALLOW
978833.6373461916,966548.8786066838,372327.0809368847,462205.05409228243,81.7813099301523,0.9238797798523481,0,4.0,2.596,0.0,0.0,846816.89,1.0,80.2,CRITICAL,BLOCK
1165126.651788535,1925432.9990140817,931102.5237662995,335045.3157841625,62.6015728674537,0.9622356250895792,1,2.0,2.068,0.817,0.457,505841.49,0.843,68.4,HIGH,MODIFY
595706.1144962497,1005158.1336294775,714152.3384287849,477821.635870086,53.65348773182936,0.7246349074977622,0,4.0,1.407,0.573,0.0,782521.96,1.0,87.0,CRITICAL,MODIFY
174794.81828815912,1432666.6711211524,513542.69586308446,104792.33011918083,46.50457539236951,0.7704636301009643,1,3.0,2.79,2.449,2.245,0.0,0.135,21.5,LOW,ALLOW
1122552.5887085185,1190186.9577999322,952149.5662399458,559387.8070600638,83.06540557923049,0.6024384254357297,2,4.0,1.25,0.071,0.0,1443903.0,1.0,90.7,CRITICAL,BLOCK
1038182.5336702566,1778997.1235878214,654333.4153063109,233045.37354775955,78.6709157829317,0.7789926321018388,0,2.0,2.719,1.132,0.776,146564.2,0.524,34.6,LOW,MODIFY
1182202.6019358765,1425141.733240907,1140113.3865927258,115214.62067467727,54.33791314356777,0.7734358766793608,1,2.0,1.25,0.213,0.112,1012388.88,1.0,88.4,CRITICAL,MODIFY
591002.8149652424,315256.31466494437,252205.0517319555,612749.8372187844,66.27075472245583,0.7542154190456929,0,2.0,1.25,0.0,0.0,1140701.39,1.0,87.3,CRITICAL,BLOCK
517342.82716027554,1610881.9869395953,1240816.1062918382,3475.4342605098464,43.97445312379249,0.6539441338515246,1,2.0,1.298,0.881,0.879,150752.38,0.004,47.4,MEDIUM,MODIFY
160535.2198433944,725920.2681935101,580736.2145548081,653685.4222603277,85.62085491356768,0.9391743627326448,0,2.0,1.25,0.974,0.0,669036.59,1.0,75.2,HIGH,MODIFY
950080.4446363111,1237262.963398145,180970.30020092003,133108.49033894998,97.66148514888386,0.8107003652009985,0,1.0,6.837,1.587,0.851,26896.27,0.449,28.8,LOW,MODIFY
311301.5443223835,1733278.3773841164,1014155.2371098909,733883.6090924756,92.5484998945675,0.9419161520692161,0,1.0,1.709,1.402,0.678,326062.01,0.622,29.5,LOW,MODIFY
1002392.678125786,954751.7203083419,763801.3762466735,90979.70644883481,51.080035959100044,0.7020048773470248,0,1.0,1.25,0.0,0.0,902422.04,1.0,84.8,CRITICAL,BLOCK
102159.87949710058,1944422.1064597224,1330736.5950288957,719137.5931012767,57.21463743670852,0.6427925328562069,0,1.0,1.461,1.384,0.844,207611.96,0.456,23.8,LOW,MODIFY
696721.7170470771,1912985.525601065,1140560.3232824872,605865.697433073,83.38257499864412,0.7114780878242816,0,1.0,1.677,1.066,0.535,530162.21,0.765,47.7,MEDIUM,MODIFY
1073413.5312264839,314973.8865154065,251979.1092123252,271944.3683376777,80.53911113441762,0.9251187589672756,0,1.0,1.25,0.0,0.0,1282363.12,1.0,77.7,HIGH,BLOCK
429193.69691436103,1059161.2663755545,768409.9963428106,39950.94416788216,42.48170439782335,0.8492730653635314,0,4.0,1.378,0.82,0.768,178393.37,0.077,43.2,MEDIUM,MODIFY
546455.5355400493,397981.7396156852,318385.3916925482,209811.22872884086,45.38141856910235,0.9615851470619246,0,4.0,1.25,0.0,0.0,676670.42,1.0,91.6,CRITICAL,BLOCK
835758.6712011538,928637.2051792137,742909.764143371,516670.4338984741,52.04815009638844,0.8736734268077013,0,1.0,1.25,0.125,0.0,1166701.66,1.0,80.6,CRITICAL,MODIFY
1173541.5345627829,963727.8628775082,770982.2903020065,90258.1994842735,73.5562630869887,0.783308896365573,1,4.0,1.25,0.0,0.0,1071054.16,1.0,84.7,CRITICAL,BLOCK
200199.32204819925,1138369.2708874966,910695.4167099973,52538.308361115414,91.31732268973724,0.8805726912999939,1,3.0,1.25,1.03,0.972,25063.78,0.328,30.7,LOW,MODIFY
775912.3434241938,874863.1294165875,495037.61106226617,53579.07764948875,60.51887316925033,0.7275881301723073,1,3.0,1.767,0.2,0.092,449665.9,1.0,88.0,CRITICAL,MODIFY
486213.8920631647,493570.04693239613,364950.1858179273,113621.01491847243,67.61934993728899,0.902942938753632,0,1.0,1.352,0.02,0.0,471215.05,1.0,80.9,CRITICAL,MODIFY
519030.81999855535,1665891.0802143242,1404191.230045149,387901.92368478974,91.27140994573408,0.6016771818531083,1,2.0,1.186,0.817,0.54,645232.89,0.76,57.8,MEDIUM,MODIFY
907200.246060311,1686317.257818927,391338.8386118135,343998.0005772528,73.05036149811761,0.8524661077303561,0,1.0,4.309,1.991,1.112,0.0,0.391,36.9,MEDIUM,ALLOW
626252.1742361325,496291.7251578222,319805.6055677201,754710.2469195378,65.16167709442395,0.9776295183825174,0,4.0,1.552,0.0,0.0,1204476.3,1.0,82.8,CRITICAL,BLOCK
208631.49993610338,1200025.7950801589,960020.6360641271,387024.1868100055,68.03183319180772,0.7777934123482033,1,1.0,1.25,1.033,0.63,355650.53,0.67,50.7,MEDIUM,MODIFY
609705.6326019363,1447929.2967802135,798987.4842080387,311948.73570453835,40.06470582659343,0.8349902607051776,0,1.0,1.812,1.049,0.659,272712.56,0.641,51.8,MEDIUM,MODIFY
816594.4918061141,722481.313943473,442418.5495779273,41463.25200080128,83.59270314023021,0.7885371031688068,1,4.0,1.633,0.0,0.0,577994.98,0.496,70.4,HIGH,BLOCK
518359.8921616668,1870255.4047902361,1110948.8905924775,96247.62343082258,74.19780466237134,0.84604975890478,0,3.0,1.683,1.217,1.13,0.0,0.106,24.3,LOW,ALLOW
362234.80044620764,924744.5805772946,764599.5873888695,485804.5256698131,82.68233558680433,0.7472747902152383,1,2.0,1.209,0.736,0.1,687894.33,1.0,79.8,HIGH,MODIFY
191283.5757595112,231437.7241357257,185150.17930858058,748935.305023909,89.53793496348996,0.9685408067999763,3,4.0,1.25,0.217,0.0,893931.34,1.0,93.6,CRITICAL,BLOCK
1149053.6851176878,1604596.3840634187,992593.0479198135,145839.17335977626,89.42952592824672,0.8259876112611303,1,2.0,1.617,0.459,0.312,682889.52,0.988,71.3,HIGH,MODIFY
511386.78475902916,712125.0499847035,569700.0399877628,609810.4304910759,59.739921108466866,0.9075504240379519,0,1.0,1.25,0.352,0.0,978772.21,1.0,87.1,CRITICAL,MODIFY
92398.932892001,1541398.9295346902,279846.68097798445,567071.3474083188,93.66229681620099,0.7634330132862643,0,1.0,5.508,5.178,3.151,0.0,0.02,2.5,LOW,ALLOW
567784.3667759353,576082.8346383895,503233.1458504416,269011.2864844403,66.88714409580459,0.8169591875241726,1,2.0,1.145,0.016,0.0,763945.96,1.0,87.0,CRITICAL,MODIFY
1074372.7695660144,1484714.0027033447,633511.4539727226,480098.40361411,46.360020300281,0.8224774598117073,0,1.0,2.344,0.648,0.0,703268.62,1.0,90.2,CRITICAL,MODIFY
1109711.334717791,1946538.5437998453,1109688.744561615,787960.9503362792,62.85297827669056,0.7106161576116359,1,2.0,1.754,0.754,0.044,1060822.49,1.0,91.4,CRITICAL,MODIFY
936629.4223588163,933802.6774071804,642570.6550288284,113589.61647974217,63.17787793863443,0.7298983129330662,1,2.0,1.453,0.0,0.0,758987.02,1.0,92.6,CRITICAL,BLOCK
34741.42976004009,1522347.3997081988,1038069.113274573,312898.3775619913,42.92814021628559,0.7186357416953927,1,1.0,1.467,1.433,1.132,0.0,0.048,24.5,LOW,ALLOW
180456.65628950024,808256.7729327532,431436.51233812445,701929.3076666688,63.638019094669446,0.8541639381582893,1,2.0,1.873,1.455,0.0,505565.7,1.0,76.1,HIGH,MODIFY
268313.80683074443,957455.448217901,765964.3585743209,478618.1551979086,84.995002926318,0.9497371248029265,1,1.0,1.25,0.9,0.275,555440.87,1.0,76.8,HIGH,MODIFY
145610.08986287515,318739.69730347267,254991.75784277814,2841.203269614301,95.49023240263486,0.9329070835660426,0,1.0,1.25,0.679,0.668,84703.35,0.026,30.0,LOW,MODIFY
753742.026483282,1897985.2458852977,1170597.5438848825,40457.884202227135,83.63611013872023,0.6192538864921804,0,2.0,1.621,0.977,0.943,66812.21,0.095,23.4,LOW,MODIFY
645209.6113582408,1586565.9710129462,681775.9445311984,514157.76625116187,70.19885139572105,0.9162020543375275,0,2.0,2.327,1.381,0.627,254577.35,0.673,44.3,MEDIUM,MODIFY
1039608.2636388268,320203.68447767344,256162.94758213876,457662.85838544264,86.00877812559136,0.9487104924171339,3,4.0,1.25,0.0,0.0,1433230.39,1.0,95.3,CRITICAL,BLOCK
115049.56493705264,1988314.712723909,1315271.6014319528,783582.5344851704,80.17195864290244,0.969282284473743,0,2.0,1.512,1.424,0.828,225588.99,0.472,18.8,LOW,MODIFY
1174691.0603047514,1006156.2740334941,830181.53787994,75731.59073412148,74.48724337859966,0.6486688742885623,0,4.0,1.212,0.0,0.0,1074447.91,1.0,82.1,CRITICAL,BLOCK
780690.1961881677,934745.384158222,747796.3073265776,605974.4878320294,46.12690266912152,0.9167948469480163,0,1.0,1.25,0.206,0.0,1199715.61,1.0,88.5,CRITICAL,MODIFY
641616.7437717649,1765519.4358251654,319108.1318152901,648393.0942904388,52.78789519623559,0.9614664092817391,0,3.0,5.533,3.522,1.49,0.0,0.207,30.0,LOW,ALLOW
557269.3836684445,1596686.3126171397,1013838.3959828152,321214.4981139753,74.93534773123267,0.671789424760599,0,4.0,1.575,1.025,0.708,295635.97,0.592,42.6,MEDIUM,MODIFY
241712.3177094761,220147.51453531344,176118.01162825077,514865.090829623,45.0518912600468,0.7541176727109334,1,2.0,1.25,0.0,0.0,712547.91,1.0,97.0,CRITICAL,BLOCK
561921.4684278247,1167996.2377356044,972414.831078889,464624.1342051747,54.268412066228585,0.7240165307416336,0,2.0,1.201,0.623,0.145,830964.2,1.0,79.7,HIGH,MODIFY
394032.1256942486,1064490.0533313733,355596.7970615331,482609.29486719286,69.26432893746147,0.7155904687920632,0,2.0,2.994,1.885,0.528,167748.16,0.772,48.0,MEDIUM,MODIFY
44898.2399693909,1535693.721160009,183259.59949246413,57951.8730548382,81.9243667239713,0.9646764729429367,0,4.0,8.38,8.135,7.819,0.0,0.016,3.8,LOW,ALLOW
690272.0280234925,1069122.6988478368,936661.6573515224,762717.9075656225,48.205432063517314,0.973333793283343,1,4.0,1.141,0.404,0.0,1320528.89,1.0,92.4,CRITICAL,MODIFY
145839.39717263778,1159178.30761166,258376.38508668297,781596.4895985714,71.0093452579029,0.61535734259987,1,3.0,4.486,3.922,0.897,26633.96,0.403,22.6,LOW,MODIFY
632195.0718611034,1269858.5261941762,1012105.8567932136,357764.5812104829,89.28096878119277,0.7915973663057125,0,1.0,1.255,0.63,0.277,732206.98,1.0,69.2,HIGH,MODIFY
31441.243566233723,1593094.5713395819,946028.3034655368,81340.28751305574,91.75412310544851,0.7325592068367588,0,4.0,1.684,1.651,1.565,0.0,0.125,2.0,LOW,ALLOW
487785.2027659526,1228917.1945871676,983133.7556697341,514502.3798985883,60.3331434265141,0.988230799590436,0,2.0,1.25,0.754,0.231,756504.14,1.0,76.4,HIGH,MODIFY
467485.717386725,414319.21080632694,331455.36864506156,709148.4072318537,40.80476482335539,0.971367980870643,0,1.0,1.25,0.0,0.0,1093770.28,1.0,90.7,CRITICAL,BLOCK
546966.4481471571,667212.2676905112,533769.814152409,191374.41795810178,95.76625152501236,0.8865630448436139,0,1.0,1.25,0.225,0.0,604898.41,1.0,77.1,HIGH,MODIFY
970043.9425109413,1791433.247979062,1082012.3968588507,610112.1382539836,57.999456219901646,0.9689544617288162,3,3.0,1.656,0.759,0.195,870735.23,1.0,95.5,CRITICAL,BLOCK
596606.7209757352,1496649.9826667677,882712.7115379605,166622.90311984424,78.11053300598118,0.698729290638121,0,3.0,1.696,1.02,0.831,149292.35,0.469,34.6,LOW,MODIFY
663277.9691403203,885471.0040954462,729335.4605141032,429167.3461357355,88.54055439465606,0.7380349736043557,1,2.0,1.214,0.305,0.0,936309.77,1.0,87.3,CRITICAL,MODIFY
678261.5637203836,1112017.7340279403,889614.1872223523,684919.7043695502,79.0196770462911,0.9614633382688295,0,4.0,1.25,0.488,0.0,1140777.72,1.0,83.3,CRITICAL,MODIFY
1174578.5062465672,1697824.9944012028,441376.32575734245,663896.3121158691,70.53752667813153,0.6937316539150507,0,4.0,3.847,1.185,0.0,582026.15,1.0,75.9,HIGH,MODIFY
734647.8917894211,208235.76199830306,166588.60959864245,194962.55015771443,85.6152343537322,0.8536733068475137,1,2.0,1.25,0.0,0.0,887963.29,1.0,85.1,CRITICAL,BLOCK
877272.2328636202,741378.8679163089,593103.0943330472,797453.4785572467,80.74002053510972,0.9379430291717727,0,1.0,1.25,0.0,0.0,1526449.94,1.0,84.1,CRITICAL,BLOCK
1193486.0691254574,774429.0816744993,230424.0695207603,25504.872774366748,50.317239198004366,0.7049645711954555,0,1.0,3.361,0.0,0.0,674985.93,0.215,70.5,HIGH,BLOCK
243419.71661822515,1974460.8742347725,964736.3649603558,36542.723756688654,67.57899326356767,0.6886378450447659,1,2.0,2.047,1.794,1.756,0.0,0.127,18.7,LOW,ALLOW
758374.1438664317,1619244.1616934133,616235.4681669794,548500.0670241545,54.259658077146554,0.960896685802528,0,2.0,2.628,1.397,0.507,303865.52,0.793,50.5,MEDIUM,MODIFY
37559.966243364,208758.0199525896,167006.41596207168,147993.13521040344,73.17729157625573,0.7215442330523574,0,1.0,1.25,1.025,0.139,143801.5,1.0,67.5,HIGH,MODIFY
810079.417188541,676681.8612009409,541345.4889607527,186032.29418017957,53.20401811067171,0.7916736220715329,1,3.0,1.25,0.0,0.0,860775.34,1.0,92.6,CRITICAL,BLOCK
695564.3013472785,456025.2221688709,364820.1777350968,219816.98270892317,91.26729849610716,0.7564309516519918,0,4.0,1.25,0.0,0.0,824176.24,1.0,78.5,HIGH,BLOCK
1088271.7215864551,981436.0463089271,785148.8370471417,644899.485515582,60.29281463138432,0.8698412790889583,0,4.0,1.25,0.0,0.0,1536884.0,1.0,83.8,CRITICAL,BLOCK
358141.17638203193,1486842.2748030329,622631.4069372277,763647.9442134321,55.31309979620072,0.8950736031550293,3,1.0,2.388,1.813,0.586,257578.25,0.714,58.6,MEDIUM,BLOCK
1108559.8372092794,341106.4494993211,272885.1595994569,275216.024093612,61.09126896744374,0.8947615637396471,0,4.0,1.25,0.0,0.0,1315554.57,1.0,84.2,CRITICAL,BLOCK
552196.7368405882,1178869.2811232947,295332.2977665046,197960.5879918447,54.760607777021846,0.6372326563976565,1,1.0,3.992,2.122,1.452,0.0,0.4,42.1,MEDIUM,ALLOW
1044690.7187933075,961721.1378697694,769376.9102958156,133428.94769341074,65.09871682660548,0.9443583720891655,0,4.0,1.25,0.0,0.0,985775.44,1.0,81.5,CRITICAL,BLOCK
789453.241497798,413350.91829370847,330680.7346349668,313803.98368706554,40.83282076388725,0.8423601385491686,0,2.0,1.25,0.0,0.0,1020587.04,1.0,85.5,CRITICAL,BLOCK
409872.2848317492,622768.4696115917,498214.7756892734,59002.91464225402,83.9391662340629,0.9669997167820734,0,1.0,1.25,0.427,0.309,344321.51,0.991,70.6,HIGH,MODIFY
1102045.5055449745,1678710.89028054,878801.3994159712,100034.15891158296,79.95359786994777,0.8821942351260891,0,1.0,1.91,0.656,0.542,402170.17,0.758,51.7,MEDIUM,MODIFY
671703.5862163099,1690012.3804488664,866871.2768083294,765815.7827763456,58.20601163523516,0.7342209575443084,2,3.0,1.95,1.175,0.291,614378.27,1.0,77.1,HIGH,BLOCK
486878.0552175501,864735.2076623742,691788.1661298994,293014.2226588603,90.68223977157318,0.6564535676364678,0,2.0,1.25,0.546,0.123,606945.24,1.0,71.2,HIGH,MODIFY
535460.4642877735,1048485.1766471667,838788.1413177334,373246.61126616807,75.77633327222168,0.6249301161093834,1,3.0,1.25,0.612,0.167,699010.04,1.0,81.5,CRITICAL,MODIFY
111246.25705474132,1331679.4147027242,412011.382048243,680671.6245844838,51.984273300818415,0.7166702984050313,0,3.0,3.232,2.962,1.31,0.0,0.034,23.1,LOW,ALLOW
585536.5131888968,1396050.4022716002,940095.2767814854,542562.9356057454,46.32498061598019,0.6061618643188483,0,1.0,1.485,0.862,0.285,672144.32,1.0,79.0,HIGH,MODIFY
86435.20938266315,1608066.673039647,608638.2366121716,361531.58672827156,90.57675251023247,0.7986011164896314,1,2.0,2.642,2.5,1.906,0.0,0.103,10.6,LOW,ALLOW
716507.6852175179,1313395.6125387223,361586.7129134595,196948.48297280192,73.46480640838789,0.6294512453442069,0,2.0,3.632,1.651,1.106,0.0,0.404,33.9,LOW,ALLOW
682207.2560450082,1591176.8976481932,634629.5594038601,545955.7142926507,68.75210981114023,0.7724076592248159,0,1.0,2.507,1.432,0.572,271615.63,0.728,46.1,MEDIUM,MODIFY
22319.215927636324,657731.9673709219,579024.6298090359,790553.4456824161,40.34682544115928,0.9026843550951686,0,2.0,1.136,1.097,0.0,734165.32,1.0,71.1,HIGH,MODIFY
1128757.162008565,261587.2591487902,209269.80731903217,510360.96421611373,91.94936792747768,0.6663393924521929,0,4.0,1.25,0.0,0.0,1586800.67,1.0,76.7,HIGH,BLOCK
333918.73099003354,627931.476886818,502345.1815094544,483669.5836834377,82.41076883325027,0.6802290224770127,0,4.0,1.25,0.585,0.0,692002.02,1.0,80.3,CRITICAL,MODIFY
183972.82574855824,323853.3285680788,259082.66285446307,631046.1427209623,71.96050847168512,0.6375407245562588,0,2.0,1.25,0.54,0.0,750248.3,1.0,85.4,CRITICAL,MODIFY
1046903.5782136591,1003532.9871665067,246755.79231554293,250857.65779095102,54.37737816147107,0.7095187394050196,0,3.0,4.067,0.0,0.0,540984.04,1.0,83.8,CRITICAL,BLOCK
216837.0184862335,504306.1528428769,403444.9222743015,616758.5882554844,83.6736919404732,0.8672051159677624,0,4.0,1.25,0.713,0.0,732734.38,1.0,79.4,HIGH,MODIFY
1010904.3717440569,1346914.8199255343,450055.8902375659,190047.21961898223,73.35507684892022,0.8603501207030286,0,4.0,2.993,0.747,0.324,304092.66,0.976,68.0,HIGH,MODIFY
781139.0954885588,1118505.292136369,894804.2337090953,342728.54019488534,50.867047672899105,0.6166692808942686,0,1.0,1.25,0.377,0.0,900166.58,1.0,84.3,CRITICAL,MODIFY
1096856.4359882,1604977.9898720784,1283982.3918976628,365401.60843217315,65.5883947778136,0.7049077588963892,0,1.0,1.25,0.396,0.111,1141262.45,1.0,82.8,CRITICAL,MODIFY
224560.9973956867,1708309.7643552797,582865.3558393524,367022.2402001604,71.21609313717148,0.6315615203846369,0,1.0,2.931,2.546,1.916,0.0,0.093,14.8,LOW,ALLOW
730554.4262558745,667175.081987174,533740.0655897392,113414.47601816217,63.33024522887849,0.7319882977150326,1,2.0,1.25,0.0,0.0,710533.89,1.0,88.8,CRITICAL,BLOCK
824382.8451257087,625389.276374455,500311.421099564,93063.21554242718,84.55967553606666,0.7954000705866934,0,2.0,1.25,0.0,0.0,792368.21,1.0,80.4,CRITICAL,BLOCK
893200.415507352,837875.7247434974,293844.86587000784,611929.9222778149,62.51928374541051,0.9027809059757108,0,1.0,2.851,0.0,0.0,961099.48,1.0,83.5,CRITICAL,BLOCK
1016820.1411810986,1025779.4959634695,414056.1974423774,419802.32881204697,84.09894315081264,0.9210340737340872,0,2.0,2.477,0.022,0.0,824899.17,1.0,76.2,HIGH,MODIFY
803988.0753541669,1491298.538227116,1193038.8305816927,769131.8277647945,57.813628968075236,0.9071089679187767,2,2.0,1.25,0.576,0.0,1274860.2,1.0,95.5,CRITICAL,BLOCK
819172.320376601,593142.2248596493,474513.7798877195,57294.701370811475,66.96764935962602,0.9038627621362902,0,2.0,1.25,0.0,0.0,757838.58,1.0,83.7,CRITICAL,BLOCK
144106.63101933096,534023.8879020427,427219.1103216342,317425.70394486166,71.37999140836445,0.7643842992992065,2,4.0,1.25,0.913,0.17,354727.56,1.0,85.0,CRITICAL,BLOCK
715854.7342383224,1169566.09456631,913258.3865756085,721915.2479352728,94.69138679868729,0.6844157387106696,0,2.0,1.281,0.497,0.0,1181462.27,1.0,73.3,HIGH,MODIFY
877434.4380210763,1856961.409399313,457580.41174793354,552076.201694842,44.646718018986,0.7343610069520378,3,2.0,4.058,2.141,0.934,30129.64,0.366,49.3,MEDIUM,BLOCK
776180.4005468183,1906472.0367561758,303379.9834011707,386043.40514565806,43.401414339354666,0.72863391610489,0,1.0,6.284,3.726,2.453,0.0,0.213,29.0,LOW,ALLOW
122083.5047031018,1885954.4667159335,345957.82445119845,434572.8781918443,50.04999333298703,0.8002895616083032,0,1.0,5.451,5.099,3.842,0.0,0.078,13.8,LOW,ALLOW
73579.69305738017,1980022.57125676,690646.0481152302,661906.6863087325,59.745282798644645,0.7747978397091471,0,3.0,2.867,2.76,1.802,0.0,0.125,14.3,LOW,ALLOW
77687.46551656237,1305740.752874555,992780.8702763993,128983.93827592419,91.22667913850017,0.6415176686736173,0,3.0,1.315,1.237,1.107,0.0,0.082,9.9,LOW,ALLOW
122955.78247265077,951516.0653047491,847658.0317764628,495848.8436611721,79.11166539801897,0.9880113468079974,2,1.0,1.123,0.977,0.393,514946.59,0.907,72.9,HIGH,BLOCK
1149506.881979527,1337316.607247439,1074360.3237205036,565252.6933752481,63.9765547576,0.6948690538625272,3,2.0,1.245,0.175,0.0,1451803.29,1.0,98.0,CRITICAL,BLOCK
1001035.6216084579,1029797.0411622947,823837.6329298358,358905.06993517926,50.50249987800373,0.9380262759609881,0,4.0,1.25,0.035,0.0,1153981.28,1.0,88.2,CRITICAL,MODIFY
613468.7202015996,592253.4814358234,473802.78514865873,70943.96694874004,89.51163182859555,0.6823910696429515,1,1.0,1.25,0.0,0.0,565961.99,1.0,85.2,CRITICAL,BLOCK
1189418.7020328972,223342.49391603432,178673.99513282746,278447.2119124241,86.92533205682635,0.8712868638111562,0,2.0,1.25,0.0,0.0,1423197.42,1.0,81.6,CRITICAL,BLOCK
1006718.4943562115,958865.0573615861,312721.3543887888,61505.39201621079,76.22129375337053,0.8054845273381095,0,1.0,3.066,0.0,0.0,422080.18,1.0,84.9,CRITICAL,BLOCK
725638.1489719152,636810.6995314278,509448.55962514225,599788.0655279966,61.92271981714235,0.9028447183209227,0,3.0,1.25,0.0,0.0,1198064.07,1.0,86.0,CRITICAL,BLOCK
912620.2500516875,1275863.512238299,941095.4027624,98929.88296239729,68.42791635681742,0.7085961469239317,1,2.0,1.356,0.386,0.281,676782.02,1.0,76.3,HIGH,MODIFY
531154.983731949,1929933.349829592,611734.7627348145,217863.25019442936,89.18398449876706,0.8732199144997372,0,1.0,3.155,2.287,1.93,0.0,0.094,14.2,LOW,ALLOW
154602.00308631407,538165.3139775165,430532.2511820132,433599.99892213923,53.762987216677146,0.8333113122123246,0,1.0,1.25,0.891,0.0,480568.94,1.0,90.6,CRITICAL,MODIFY
121641.0661012084,1198745.7026022705,579757.689428092,311689.4377328637,85.7828712024581,0.8352120204606723,0,4.0,2.068,1.858,1.32,0.0,0.09,11.6,LOW,ALLOW
784228.4940086342,1595306.1306795455,989379.2134694081,342919.20480587194,79.03450834039879,0.7413213616904051,1,4.0,1.612,0.82,0.473,521220.78,0.827,63.5,HIGH,MODIFY
901617.3938469734,1512883.6189046411,909244.5237943269,484281.3483848789,50.37467754970844,0.6419683438521018,0,2.0,1.664,0.672,0.14,782259.65,1.0,85.0,CRITICAL,MODIFY
255372.9436307641,1114800.094931345,239832.4525685272,770392.8805691006,67.75764370958848,0.9643791623207107,0,4.0,4.648,3.583,0.371,150798.18,0.929,50.2,MEDIUM,MODIFY
1169798.9521424035,1382352.1763641627,1103926.7740886007,565077.7633183099,50.63532226556662,0.6517156066274489,0,2.0,1.252,0.193,0.0,1456451.31,1.0,83.7,CRITICAL,MODIFY
283145.6092357821,1783206.28274562,1283305.960331034,647502.4703820401,64.29588714054861,0.9558214603796384,0,2.0,1.39,1.169,0.664,430747.76,0.636,39.4,MEDIUM,MODIFY
128854.8679805403,225948.84462252384,180759.0756980191,632722.1352458231,57.12116726367826,0.665596397337668,1,3.0,1.25,0.537,0.0,716387.23,1.0,85.4,CRITICAL,MODIFY
376103.90270255285,862140.2696757105,689712.2157405685,329082.1930827932,81.391552342268,0.9658121639150077,0,4.0,1.25,0.705,0.228,532758.04,1.0,71.3,HIGH,MODIFY
132629.68121190264,1302839.4791846862,927543.4820708607,395994.2361805022,51.35192518412197,0.8102691641585237,1,2.0,1.405,1.262,0.835,153327.92,0.465,34.2,LOW,MODIFY
1008137.1388323429,1695472.4441864898,331217.4268447652,792094.6245988529,80.37825469205397,0.8431997834277376,0,2.0,5.119,2.075,0.0,435976.75,1.0,69.3,HIGH,MODIFY
42322.02384751336,1823272.1960489186,1202867.0619823695,159707.20242444304,62.61652039626221,0.8404361301973122,0,2.0,1.516,1.481,1.348,0.0,0.005,11.1,LOW,ALLOW
703872.3623016359,888015.898168273,665166.3108487129,749233.1564365503,64.98216560778732,0.6675749340086684,0,3.0,1.335,0.277,0.0,1230255.93,1.0,81.8,CRITICAL,MODIFY
1003369.5551593285,367886.9532318864,294309.5625855091,500090.00791740493,71.96419187012089,0.894252935236924,0,1.0,1.25,0.0,0.0,1429882.17,1.0,83.4,CRITICAL,BLOCK
187067.57903044493,704796.8415667787,563837.473253423,1760.4850444000951,65.05375149643052,0.6692931212472248,1,3.0,1.25,0.918,0.915,47868.7,0.062,36.5,MEDIUM,MODIFY
1143203.65304779,1131306.1875837767,966085.698534529,205883.41479710906,67.88574962977091,0.6399857710021557,2,4.0,1.171,0.0,0.0,1183866.58,1.0,92.5,CRITICAL,BLOCK
933494.8540625259,1516978.52065495,835435.9666763839,289577.059816929,56.990236612915574,0.7108687308217946,1,2.0,1.816,0.698,0.352,541529.36,0.948,76.4,HIGH,MODIFY
34780.032301116546,440391.4078926528,352313.12631412223,215190.85290552623,60.06152329184381,0.9248168995862189,0,3.0,1.25,1.151,0.54,161892.6,0.76,46.3,MEDIUM,MODIFY
454128.9554122577,1141511.2052301255,988975.0911648561,217583.51849995813,98.1447074737298,0.7870456460787052,0,1.0,1.154,0.695,0.475,519176.36,0.825,53.8,MEDIUM,MODIFY
512119.8257596886,1827752.8769454989,1329393.0895345202,261407.32890086938,59.04024017196478,0.6374891909018731,1,4.0,1.375,0.99,0.793,275167.37,0.507,47.4,MEDIUM,MODIFY
249676.8928720874,424281.4469681826,339425.15757454606,30108.468306196377,74.92315438458333,0.8295941444686573,0,4.0,1.25,0.514,0.426,194929.07,0.264,50.6,MEDIUM,MODIFY
803684.789530759,1513506.5160612545,1020825.8781034718,413075.84621233627,65.5846583943983,0.7754898124912881,0,3.0,1.483,0.695,0.291,724080.0,1.0,73.2,HIGH,MODIFY
1027612.7584617477,391685.092625297,313348.07410023763,17799.22170747863,90.9341326216286,0.9334948643964514,0,1.0,1.25,0.0,0.0,967074.96,0.454,70.9,HIGH,BLOCK
265722.435713714,345428.43436725705,276342.74749380565,418879.5760912297,86.97094607451908,0.9709256078986186,2,4.0,1.25,0.288,0.0,615516.32,1.0,86.0,CRITICAL,BLOCK
876195.7965619335,1692684.69993244,715422.2945375919,41.21454131142954,59.98368358252824,0.8116996216320158,0,1.0,2.366,1.141,1.141,0.0,0.103,32.8,LOW,ALLOW
822877.8213637721,669367.005030477,535493.6040243816,163528.1520133411,80.96336049021589,0.9781661268067723,0,4.0,1.25,0.0,0.0,852532.57,1.0,80.1,CRITICAL,BLOCK
341104.22295186,1789298.1451565684,1489460.9093708901,607575.022633857,40.981691711374125,0.7306982551127712,0,2.0,1.201,0.972,0.564,648842.01,0.736,62.4,HIGH,MODIFY
1082429.035488585,444285.9655967594,355428.77247740753,720992.8403970461,86.92888252510438,0.7695070684561087,0,2.0,1.25,0.0,0.0,1714564.68,1.0,80.0,CRITICAL,BLOCK
296453.7771143881,1964607.7539918406,1071359.9980623117,258980.89928205774,81.63779649839196,0.7912959148500465,1,4.0,1.834,1.557,1.315,0.0,0.131,17.6,LOW,ALLOW
352151.30397554167,1560577.0934288402,848357.4336261585,195595.04842007707,84.17064686883262,0.9351860498497053,1,4.0,1.84,1.424,1.194,0.0,0.029,22.2,LOW,ALLOW
926038.7800228967,1496162.752150128,264183.1769000227,680123.1072195005,48.33682768730239,0.8142158785869269,0,3.0,5.663,2.158,0.0,374182.31,1.0,79.4,HIGH,MODIFY
557003.0825349017,1762808.2187970278,1105952.6049429886,419344.6897032728,84.78021442902119,0.619021335301534,0,3.0,1.594,1.09,0.711,319492.16,0.589,37.3,MEDIUM,MODIFY
311938.0277530331,549745.4475257117,439796.35802056943,544002.2604540521,52.465805754834506,0.832102041845652,0,4.0,1.25,0.541,0.0,745991.2,1.0,89.9,CRITICAL,MODIFY
812375.6301103139,618732.471681482,494985.97734518565,120431.37071237719,53.11866870430293,0.7715003259111548,0,4.0,1.25,0.0,0.0,809060.51,1.0,89.6,CRITICAL,BLOCK
1007456.1781257236,286070.8997196537,228856.71977572297,708727.0465284622,57.78573558119301,0.9378909173559988,0,4.0,1.25,0.0,0.0,1658969.04,1.0,83.6,CRITICAL,BLOCK
476971.8436818604,444628.7594633065,355703.00757064525,430546.2140629394,81.10060389658264,0.7986816966500785,2,4.0,1.25,0.0,0.0,818592.31,1.0,91.2,CRITICAL,BLOCK
455457.199512408,1092431.476258779,873945.1810070232,218091.9986017843,56.92440512294867,0.6933765328449764,0,3.0,1.25,0.729,0.479,455062.9,0.821,63.5,HIGH,MODIFY
946781.6696462213,542464.7882806154,433971.8306244923,702542.0893778041,91.28356173353109,0.9752981974464847,1,4.0,1.25,0.0,0.0,1540830.8,1.0,81.5,CRITICAL,BLOCK
1047821.9950113758,1055575.635332663,183779.9542243545,18021.91113410938,91.12800669164278,0.7642876672165535,0,3.0,5.744,0.042,0.0,194048.23,0.379,63.1,HIGH,MODIFY
922171.5703394979,336856.43353135954,269485.14682508766,521392.5586757405,52.26969422030675,0.8425762073655472,0,1.0,1.25,0.0,0.0,1376192.84,1.0,87.4,CRITICAL,BLOCK
957607.4142512605,1731990.4468951654,1146941.0221667672,298080.5241967916,61.067032231631714,0.7974338485189222,0,3.0,1.51,0.675,0.415,670638.51,0.885,69.1,HIGH,MODIFY
406903.3051959128,1145600.7448564745,916480.5958851796,525780.0604263927,61.56196257110019,0.7333630217760363,0,2.0,1.25,0.806,0.232,703563.22,1.0,77.9,HIGH,MODIFY
761244.4110468817,940912.1004768246,752729.6803814596,732337.2895446457,79.59530595689122,0.605256717324729,2,3.0,1.25,0.239,0.0,1305399.28,1.0,89.3,CRITICAL,BLOCK
81316.7026294664,1227115.7825466432,256219.85304868536,196411.87676747292,58.1522307359423,0.9859439916450611,0,4.0,4.789,4.472,3.705,0.0,0.012,11.7,LOW,ALLOW
484931.63847865316,1103355.5852014862,948618.6488945608,251486.5398026611,44.74063797383796,0.8135712417938031,0,3.0,1.163,0.652,0.387,581681.24,0.913,73.6,HIGH,MODIFY
488133.6951807023,1006079.6187639217,804863.6950111374,61200.626563781225,83.07980794517954,0.7834496951474558,0,1.0,1.25,0.644,0.567,348118.4,0.733,54.2,MEDIUM,MODIFY
10071.313261913627,935052.815973901,807262.0623041311,576437.7621505157,83.25158176891111,0.7605274100300607,0,4.0,1.158,1.146,0.432,458718.32,0.868,38.2,MEDIUM,MODIFY
857297.6064567938,1305398.1753325528,1149505.0128800147,295088.0849606756,60.24251338615339,0.8341555690661452,0,1.0,1.136,0.39,0.133,996492.53,1.0,79.4,HIGH,MODIFY
878694.048484951,618806.8303836865,462602.4384414553,459401.236202548,50.97021302049157,0.7648970981257004,0,1.0,1.338,0.0,0.0,1181890.89,1.0,83.3,CRITICAL,BLOCK
512573.92449628457,1424736.3897826108,991241.338642615,731700.6180022124,43.958034768322364,0.6213701079657361,0,1.0,1.437,0.92,0.182,810779.49,1.0,81.5,CRITICAL,MODIFY
1042461.6830045492,754988.5874405224,565163.2425110098,170571.2232098775,74.8560659322329,0.6352125845014964,0,3.0,1.336,0.0,0.0,1023207.56,1.0,79.2,HIGH,BLOCK
13168.680769900535,1756539.204302445,1267278.6423792918,261851.49315421362,55.48488169639955,0.6402135249712164,2,2.0,1.386,1.376,1.169,0.0,0.137,23.1,LOW,BLOCK
1190613.5062700748,1361251.4660223466,1089001.1728178773,429816.4481864969,84.11541146960525,0.8728757225302238,1,4.0,1.25,0.157,0.0,1348179.66,1.0,79.1,HIGH,MODIFY
252506.50299567985,1094421.038495889,558302.5539587531,775499.6133062587,94.20172173993039,0.6297783973599835,0,1.0,1.96,1.508,0.119,491887.63,1.0,54.2,MEDIUM,MODIFY
1164888.8946913602,552071.6807362759,441657.3445890207,617956.8250076753,71.53619199296959,0.630628571780116,0,3.0,1.25,0.0,0.0,1672431.38,1.0,83.7,CRITICAL,BLOCK
419035.36836371553,1080126.8368264972,963128.5137878527,498094.2476196954,76.57272650610852,0.9154499055829731,0,1.0,1.121,0.686,0.169,800131.29,1.0,75.2,HIGH,MODIFY
1065647.7362503968,849810.6885982447,679848.5508785958,692280.6925213462,62.230598011480396,0.734613117021176,0,2.0,1.25,0.0,0.0,1587966.29,1.0,86.7,CRITICAL,BLOCK
643667.2385560236,374781.5851693897,299825.2681355118,763675.1268621663,45.41029159960275,0.9476961556779291,1,1.0,1.25,0.0,0.0,1332386.05,1.0,91.6,CRITICAL,BLOCK
847257.1370897691,893323.0708564926,499806.2109323785,785623.6804510965,50.20991416568791,0.9567438800724195,0,3.0,1.787,0.092,0.0,1239363.96,1.0,88.4,CRITICAL,MODIFY
71906.32358264629,635892.8677479539,508714.2941983631,470103.27419939946,94.50071584429358,0.667621661832128,0,2.0,1.25,1.109,0.185,414831.02,1.0,56.1,MEDIUM,MODIFY
871237.6016220235,363220.2370633425,267660.64017434383,70496.85833836695,54.7180563281998,0.729612658576928,0,3.0,1.357,0.0,0.0,846174.86,1.0,84.4,CRITICAL,BLOCK
363230.748267566,541656.7542105532,433325.4033684426,359824.20111269393,71.43661133340822,0.8619702695888423,0,1.0,1.25,0.412,0.0,614723.6,1.0,85.7,CRITICAL,MODIFY
370664.2128507502,933080.7734207257,746464.6187365806,614443.1132844811,58.866233758185,0.7586431200739346,1,4.0,1.25,0.753,0.0,798491.17,1.0,85.8,CRITICAL,MODIFY
152418.4294929481,785965.3858714995,628772.3086971997,446689.4074796585,97.45145420612366,0.833077992055526,0,4.0,1.25,1.008,0.297,441914.76,1.0,60.1,HIGH,MODIFY
107620.56494186344,299137.50850079104,239310.00680063284,494498.919948107,83.29081168337012,0.6401617275099013,0,1.0,1.25,0.8,0.0,542291.98,1.0,81.8,CRITICAL,MODIFY
1075254.1368973919,1308547.0629327758,173313.6339446836,710550.6172192228,90.13952422467531,0.8834169680275779,0,2.0,7.55,1.346,0.0,650571.33,1.0,72.1,HIGH,MODIFY
178260.47350995132,1532096.149193467,696072.0887257811,659381.4701048004,94.57825807802978,0.6592585354889593,0,4.0,2.201,1.945,0.998,1617.88,0.302,5.4,LOW,MODIFY
1004433.1660550609,506898.5921940973,405518.87375527783,454784.6006101176,62.506053591680555,0.6569441341004224,0,3.0,1.25,0.0,0.0,1357838.05,1.0,84.3,CRITICAL,BLOCK
23235.692239273973,1475149.5521920214,1156769.6750554517,454962.4516391429,48.20998618797119,0.9118646577545738,0,3.0,1.275,1.255,0.862,159818.27,0.438,22.9,LOW,ALLOW
847116.4359112957,1192282.7909077336,765417.8352382855,126320.51793198142,41.79982676171482,0.9744636114813499,0,3.0,1.558,0.451,0.286,546572.0,1.0,80.1,CRITICAL,MODIFY
237735.76998886687,1523028.9148678791,493019.65226853616,370464.5093636251,47.20370111271839,0.8379234848645536,0,3.0,3.089,2.607,1.856,0.0,0.028,20.1,LOW,ALLOW
1111351.4770968382,1418404.5493046113,840821.5283914537,514015.47803323285,81.68332552801903,0.6574937431981841,0,4.0,1.687,0.365,0.0,1047783.93,1.0,76.9,HIGH,MODIFY
951640.9512088473,718465.0286611358,188717.88668802666,665402.8247709803,55.466696856579404,0.7632185235279687,0,3.0,3.807,0.0,0.0,1087296.63,1.0,87.9,CRITICAL,BLOCK
1175878.9921724403,1918314.8238685615,688838.1725921971,772831.1797443948,42.45782490345097,0.826033007272218,0,1.0,2.785,1.078,0.0,719233.52,1.0,83.9,CRITICAL,MODIFY
253042.88046046955,905856.6282189353,724685.3025751483,75014.68599188357,62.946796755675265,0.8445319450496813,0,2.0,1.25,0.901,0.797,146886.24,0.503,44.2,MEDIUM,MODIFY
536929.0366495119,1155517.6296501337,924414.103720107,704058.7745959577,60.508088850293376,0.8719302143394134,2,2.0,1.25,0.669,0.0,1009884.29,1.0,92.5,CRITICAL,BLOCK
162292.56535476743,1926166.8599727768,712532.1293149764,741982.6396587614,89.75740764962967,0.6089817395436848,0,1.0,2.703,2.476,1.434,0.0,0.12,12.9,LOW,ALLOW
998542.3532951983,216418.72569761303,173134.98055809044,221675.3641689368,84.4409384532703,0.9519948093895672,0,1.0,1.25,0.0,0.0,1176933.97,1.0,76.4,HIGH,BLOCK
630055.9227791985,1514497.3059105254,1306731.1528544899,638111.1382861639,85.15250134495255,0.8846425357900398,0,3.0,1.159,0.677,0.189,1060400.91,1.0,70.5,HIGH,MODIFY
972566.1071419399,1556274.0908538061,500480.9038375462,584861.5947233416,96.46495732172987,0.6910097906736578,0,2.0,3.11,1.166,0.0,501634.51,1.0,71.9,HIGH,MODIFY
265912.9066849471,1923162.982789798,701933.170782129,45036.362529238795,73.29956643694257,0.8841980118767503,0,4.0,2.74,2.361,2.297,0.0,0.074,11.5,LOW,ALLOW
979484.0684226117,1118959.218013663,848041.6211889411,422976.4267695824,85.44314042790546,0.9255381292989344,0,2.0,1.319,0.164,0.0,1131542.9,1.0,79.0,HIGH,MODIFY
646407.4049116978,1593737.061279707,1418002.4429729395,148457.04360388278,92.26845646926884,0.8049594845878404,0,1.0,1.124,0.668,0.563,619129.83,0.737,53.0,MEDIUM,MODIFY
259505.60666370354,593000.8208578255,481383.61166601937,349431.67506621935,70.08724127218213,0.733710739810516,0,3.0,1.232,0.693,0.0,497320.07,1.0,86.2,CRITICAL,MODIFY
599298.7777131376,1072925.2445099223,702830.6932213687,14777.681891988692,95.9963139262363,0.7086313333089622,1,2.0,1.527,0.674,0.653,243981.91,0.072,38.5,MEDIUM,MODIFY
408320.31305436464,785816.816208598,628653.4529668784,63479.532188481084,61.08743857245537,0.6782597820583937,2,3.0,1.25,0.6,0.5,314636.48,0.8,75.0,HIGH,BLOCK
750956.4537656918,485553.29488797765,388442.63591038215,219630.3876486363,81.8037142603389,0.9764935073093273,0,1.0,1.25,0.0,0.0,873476.18,1.0,80.5,CRITICAL,BLOCK
1179484.6620780835,1147814.0286683221,918251.2229346577,125192.23349417654,66.18200499617012,0.8966390478381301,1,1.0,1.25,0.0,0.0,1075114.09,1.0,91.1,CRITICAL,BLOCK
329182.7806802315,963921.414784412,601770.9877522785,325007.3275303405,86.44069157376379,0.6280571765402423,0,4.0,1.602,1.055,0.515,292039.68,0.785,48.5,MEDIUM,MODIFY
517853.8304025201,925944.5964774451,740755.6771819561,748292.2418274027,40.46824027521448,0.9154881405042852,0,2.0,1.25,0.551,0.0,1080957.15,1.0,88.9,CRITICAL,MODIFY
481243.0721021981,530633.840783283,424507.0726266264,153337.0067901826,42.22070980121067,0.895854364016646,0,4.0,1.25,0.116,0.0,528453.31,1.0,90.1,CRITICAL,MODIFY
633947.3710515318,1859536.5666255902,345187.73757249967,607459.6377697597,86.72093771369268,0.6838369352301267,1,2.0,5.387,3.551,1.791,0.0,0.344,26.4,LOW,ALLOW
528713.7742291326,1331173.137842268,1184494.512103153,555326.2713510673,96.34013944779296,0.9137411090520744,1,1.0,1.124,0.677,0.209,937361.42,1.0,69.9,HIGH,MODIFY
15959.588182475116,553763.1305901764,443010.50447214115,670804.2791744008,59.6849895071801,0.6854776889165274,1,3.0,1.25,1.214,0.0,576011.24,1.0,70.1,HIGH,MODIFY
134148.9794475378,920441.2339342847,736352.9871474277,276736.4461797238,55.411666736613,0.7625632592550886,0,2.0,1.25,1.068,0.692,226797.18,0.608,46.4,MEDIUM,MODIFY
586621.3247805279,273625.2375475887,218900.19003807098,213858.78879663337,84.11657687021068,0.9863196167881133,0,2.0,1.25,0.0,0.0,745755.07,1.0,79.0,HIGH,BLOCK
1110962.791213014,798964.3063313977,428383.6881322296,682052.8196889659,57.63583925976605,0.8236203769188891,0,2.0,1.865,0.0,0.0,1422434.99,1.0,89.6,CRITICAL,BLOCK
755579.4757703634,828243.4965355875,662594.79722847,546240.2948949568,87.37815431190566,0.7421279967409862,0,1.0,1.25,0.11,0.0,1136171.07,1.0,81.6,CRITICAL,MODIFY
1034465.4850910314,1381446.7161261612,902061.7852506428,538862.094265982,66.7853357126628,0.9411532257110624,0,1.0,1.531,0.385,0.0,1093942.65,1.0,85.6,CRITICAL,MODIFY
732734.506437397,950212.9798209585,443684.5661865964,318131.96824605763,77.83951621657543,0.7041280238519819,1,1.0,2.142,0.49,0.0,544338.06,1.0,85.1,CRITICAL,MODIFY
997861.8443655872,1697951.9504329301,1272105.8476617322,65748.86242332302,86.09531970865224,0.8194048525528406,0,1.0,1.335,0.55,0.499,637764.6,0.801,57.4,MEDIUM,MODIFY
192280.31658662905,1069894.0729674678,649939.1417391916,542068.9445018314,56.36286993054438,0.6374311634112263,0,2.0,1.646,1.35,0.516,314394.33,0.784,46.0,MEDIUM,MODIFY
654382.2201463071,972999.2661757406,522050.06023408385,416010.7777079073,79.7048674958742,0.6953695025426612,1,3.0,1.864,0.61,0.0,619443.79,1.0,86.1,CRITICAL,MODIFY
461290.0640693085,991954.6321101063,736403.6423950023,255391.42836540288,92.97553648177775,0.7877494309642121,0,3.0,1.347,0.721,0.374,461130.5,0.926,63.2,HIGH,MODIFY
1004059.8079863336,1628824.7277964184,433833.2385731749,178124.0879535109,85.18426794918368,0.8094469506561215,0,1.0,3.754,1.44,1.03,0.0,0.301,30.7,LOW,ALLOW
997781.430131886,1911348.9840444566,1129997.3801047234,212505.19017983516,76.1370003942933,0.9500619758737802,0,2.0,1.691,0.808,0.62,428935.02,0.68,52.1,MEDIUM,MODIFY
565279.2353088956,578916.3026801915,463133.0421441532,795287.478273828,79.17541959745125,0.6428180353939312,2,3.0,1.25,0.029,0.0,1244783.45,1.0,89.3,CRITICAL,BLOCK
322768.4606318652,1579699.5544279034,979658.1025963328,530569.8577866348,88.30018465795689,0.8571126491750912,0,4.0,1.613,1.283,0.741,253296.87,0.559,27.0,LOW,MODIFY
410752.09869098756,857508.342287966,686006.6738303729,203649.8970023536,53.171795965834846,0.7054417619316394,3,4.0,1.25,0.651,0.354,442900.33,0.946,87.1,CRITICAL,BLOCK
566435.6711108687,791838.2151124267,633470.5720899414,495659.59969276976,58.53035520722918,0.6927370345270211,0,3.0,1.25,0.356,0.0,903727.63,1.0,87.8,CRITICAL,MODIFY
902353.2697012043,231775.30989931314,185420.2479194505,628605.0854204173,89.36384643835288,0.7895339210425807,0,4.0,1.25,0.0,0.0,1484603.29,1.0,76.7,HIGH,BLOCK
194906.90094995225,1376517.9986939689,693310.1293431241,718340.9864303382,71.3232797803829,0.9545424991277728,0,1.0,1.985,1.704,0.668,230040.02,0.632,33.7,LOW,MODIFY
789689.280291255,629005.092264182,503204.0738113457,769864.0921001651,57.81514999418211,0.6007335718514574,0,1.0,1.25,0.0,0.0,1433752.35,1.0,81.1,CRITICAL,BLOCK
862417.5653923976,1994764.3410894729,750194.2463618368,203588.34105451882,97.76527925632374,0.8610819770399347,0,2.0,2.659,1.509,1.238,0.0,0.146,18.9,LOW,ALLOW
59670.73788240418,774815.115551875,609061.6218212015,570294.3218752866,69.45950942777823,0.7105264424191168,1,4.0,1.272,1.174,0.238,464211.57,1.0,58.6,MEDIUM,MODIFY
129919.80718792247,543734.3068068444,434987.4454454756,62266.465783818516,60.528141888459814,0.8643437579436861,0,1.0,1.25,0.951,0.808,83439.41,0.492,46.9,MEDIUM,MODIFY
691606.538003589,263478.606136225,210782.88490898,516964.61003846116,73.90281876901663,0.7906636697930727,0,2.0,1.25,0.0,0.0,1155875.43,1.0,83.7,CRITICAL,BLOCK
847326.3869118242,1423827.3201596753,687122.432665663,87873.57061660952,87.08946520495972,0.8255373362158589,1,4.0,2.072,0.839,0.711,198495.07,0.589,47.5,MEDIUM,MODIFY
519839.1766794053,835293.0605172057,417221.44124874513,799885.745287852,61.712851024212654,0.8627846258154334,0,4.0,2.002,0.756,0.0,901653.3,1.0,81.7,CRITICAL,MODIFY
1160775.9999053262,585917.73872199,468734.190977592,184387.14623955157,60.37895147797538,0.6415234867019937,0,1.0,1.25,0.0,0.0,1227979.6,1.0,83.1,CRITICAL,BLOCK
378766.08935231343,1286481.8352652485,1029185.4682121989,393999.12139924103,58.27560418515846,0.8396497359008884,0,2.0,1.25,0.882,0.499,515468.84,0.801,61.8,HIGH,MODIFY
924664.3674076985,1508923.9479750185,708962.6032575944,707551.1459264492,96.09094907325313,0.7045317490612151,3,2.0,2.128,0.824,0.0,832254.17,1.0,93.9,CRITICAL,BLOCK
71344.01267666998,1804348.1230855659,164855.2469660392,365021.5546700025,82.53408032261811,0.9137911594066028,1,4.0,10.945,10.512,8.298,0.0,0.127,10.7,LOW,ALLOW
1169428.2198046364,1683851.725200875,843449.3182975312,274164.1055433436,95.9664290510721,0.8610614969721542,0,4.0,1.996,0.61,0.285,603189.92,1.0,69.6,HIGH,MODIFY
918668.913487174,454682.82547176414,363746.2603774113,312272.1757242931,95.39948562840495,0.6404376293309006,1,2.0,1.25,0.0,0.0,1140004.52,1.0,79.6,HIGH,BLOCK
199289.37061185957,1383814.6768473405,585066.2970550001,302088.63069181656,94.47310116428227,0.8283765380144151,1,2.0,2.365,2.025,1.508,0.0,0.126,13.7,LOW,ALLOW
758720.5783922034,773251.7615907555,618601.4092726045,218278.70832408892,93.96809985463165,0.8730259237718608,0,3.0,1.25,0.023,0.0,822348.93,1.0,78.5,HIGH,MODIFY
417704.5460905164,1730003.0572423772,1371864.994913206,171063.33602694582,94.36061697869437,0.6731562932533894,3,3.0,1.261,0.957,0.832,230629.82,0.468,48.4,MEDIUM,BLOCK
129318.07362377564,1685953.0565628577,1018682.1272882166,474489.6126770244,66.22899062493875,0.9709756735838059,0,3.0,1.655,1.528,1.062,0.0,0.117,20.0,LOW,ALLOW
319603.2317324145,1751519.613668167,1417784.494223938,536608.5596953577,49.78293750171494,0.9689862602878758,0,2.0,1.235,1.01,0.631,522476.67,0.669,51.4,MEDIUM,MODIFY
142437.6023535062,1954599.6167316812,1364190.2568306923,354332.7103196618,71.96045690936201,0.9554531280083602,0,1.0,1.433,1.328,1.069,0.0,0.076,18.9,LOW,ALLOW
64989.75389789285,723943.7747276059,579155.0197820847,458407.96238521993,98.49169000897916,0.8579460969519221,0,1.0,1.25,1.138,0.346,378608.96,0.954,46.2,MEDIUM,MODIFY
511070.59514898626,1286660.2277138662,153487.92599362764,386224.26205302996,89.46192151960093,0.848238360600576,0,1.0,8.383,5.053,2.537,0.0,0.35,18.1,LOW,ALLOW
68697.62973157395,1721999.83841972,682915.0189253249,239843.48835335983,69.5592284352029,0.9174297397135057,0,2.0,2.522,2.421,2.07,0.0,0.133,10.5,LOW,ALLOW
486720.7597604103,735271.4432613134,593483.742135697,491806.62291884254,67.56882253745292,0.6425834196779184,0,4.0,1.239,0.419,0.0,836739.68,1.0,83.9,CRITICAL,MODIFY
1094950.0474907863,1427115.385508386,672319.9669960665,636867.7425241689,73.57854405759447,0.976449884475606,1,4.0,2.123,0.494,0.0,977022.37,1.0,87.3,CRITICAL,MODIFY
1197678.326861905,435239.09602558264,348191.27682046616,564134.0432246212,75.17479995330487,0.8662440478853979,0,1.0,1.25,0.0,0.0,1674764.55,1.0,82.5,CRITICAL,BLOCK
1192229.391398629,1232962.708024039,403568.0814541366,113761.20793567397,63.084330859841884,0.9722490218594828,0,2.0,3.055,0.101,0.0,476595.97,1.0,82.3,CRITICAL,MODIFY
768763.4127779348,643885.1410193179,515108.11281545437,318378.51839438366,48.174284525786135,0.9411053887975361,2,4.0,1.25,0.0,0.0,958364.9,1.0,98.0,CRITICAL,BLOCK
1115774.4735517367,403546.87990396086,322837.5039231687,20067.140760439273,81.76250106165259,0.7776432805736883,1,1.0,1.25,0.0,0.0,1055132.24,0.242,72.4,HIGH,BLOCK
658831.292946939,558176.194063311,446540.9552506488,604804.2685001228,88.82580891687057,0.6749284120362457,1,1.0,1.25,0.0,0.0,1152000.32,1.0,80.1,CRITICAL,BLOCK
1023026.8137939916,630763.5575063608,504610.84600508865,384014.381834855,59.94624412192627,0.6989512487290717,0,3.0,1.25,0.0,0.0,1280888.48,1.0,86.2,CRITICAL,BLOCK
189144.77343819838,1833223.1108401187,1182962.3220069455,434463.8481410949,51.17450215011874,0.8228291483883815,0,4.0,1.55,1.39,1.023,0.0,0.085,24.0,LOW,ALLOW
842118.048309703,1087299.5938852625,869839.6751082101,153796.464399447,60.37858160762135,0.795123639972817,2,3.0,1.25,0.282,0.105,778454.59,1.0,89.3,CRITICAL,BLOCK
402651.92621152825,1879146.6717240561,665682.2361536112,770541.0801897073,54.94883166932588,0.9155690335514026,1,3.0,2.823,2.218,1.06,0.0,0.263,32.4,LOW,ALLOW
919117.1908449136,407545.9641285054,326036.77130280435,322969.46321430855,67.42250540908049,0.8602201526602913,1,1.0,1.25,0.0,0.0,1160577.46,1.0,87.6,CRITICAL,BLOCK
1012921.9950001198,784275.325351478,627420.2602811824,744975.8385844367,87.14324761362874,0.7774681417179532,0,2.0,1.25,0.0,0.0,1601042.77,1.0,81.5,CRITICAL,BLOCK
280899.4698427614,1050354.4268648895,469051.2069331088,141637.66064761073,74.22850312056735,0.7638775596162868,1,4.0,2.239,1.64,1.338,0.0,0.05,26.1,LOW,ALLOW
414940.1744336587,1964043.4762481523,1492635.5646713038,623585.2897186416,57.82948575934666,0.7095534004255605,0,1.0,1.316,1.038,0.62,567117.55,0.68,51.0,MEDIUM,MODIFY
268487.7035319789,1969794.148130867,1129238.4202233723,93654.11723495302,45.47104893221559,0.7343309960584083,0,3.0,1.744,1.507,1.424,0.0,0.127,24.0,LOW,ALLOW
699868.4618961933,1803800.781747214,635836.157976079,711817.0756035799,87.3620303508775,0.7612870553468354,0,1.0,2.837,1.736,0.617,243720.91,0.683,37.7,MEDIUM,MODIFY
811596.9904093733,1786003.0979606137,638777.3960188441,280874.6362824891,60.1438093499746,0.658444641005822,0,4.0,2.796,1.525,1.086,0.0,0.246,32.6,LOW,ALLOW
1132495.260513476,732877.9184254844,606102.0248553918,544240.1887460297,84.73449446998413,0.8261883037840012,0,3.0,1.209,0.0,0.0,1549959.56,1.0,81.3,CRITICAL,BLOCK
23575.26289666185,1744888.6813817518,1151218.0396375372,347098.60312316474,82.69032938642675,0.8842764123753388,0,4.0,1.516,1.495,1.194,0.0,0.01,7.5,LOW,ALLOW
753506.9224488763,1607217.9763477333,793083.0642252379,689841.7082003313,92.10596427322722,0.9472445527309472,0,3.0,2.027,1.076,0.207,629213.72,1.0,62.8,HIGH,MODIFY
992243.2510812491,569217.0890056009,455373.67120448075,115452.07128672903,53.1464460888739,0.7826899846629145,0,4.0,1.25,0.0,0.0,993851.9,1.0,84.0,CRITICAL,BLOCK
164719.56691994795,629053.1946647224,503242.555731778,477659.1445174395,50.171084754604465,0.8576686614696665,0,2.0,1.25,0.923,0.0,516568.07,1.0,86.6,CRITICAL,MODIFY
297809.0942035916,546666.2573213843,437333.00585710746,630234.8205035777,52.72483253024647,0.8298607843543498,0,3.0,1.25,0.569,0.0,818710.66,1.0,84.9,CRITICAL,MODIFY
1003076.9777991996,1665911.6184343726,1350955.9384522245,761546.2240436734,62.29290648843295,0.9841151629386957,0,2.0,1.233,0.491,0.0,1449667.52,1.0,85.5,CRITICAL,MODIFY
1057146.1356895228,543312.5392633851,434650.0314107081,258494.9599416733,48.293912904920845,0.7191530232521455,0,3.0,1.25,0.0,0.0,1206978.59,1.0,84.8,CRITICAL,BLOCK
1035168.2009461885,287408.27038445533,229926.61630756428,211920.87086324926,71.33268825159291,0.9229309190565178,0,4.0,1.25,0.0,0.0,1189607.42,1.0,83.6,CRITICAL,BLOCK
761783.9016511864,391940.8635020719,313552.6908016575,611734.955308181,70.69664671432125,0.6038242331133096,0,3.0,1.25,0.0,0.0,1295130.68,1.0,82.4,CRITICAL,BLOCK
914557.8333891621,645646.3184503298,516517.0547602639,242146.64084090575,47.78871927816158,0.7298783230951325,0,4.0,1.25,0.0,0.0,1027575.21,1.0,88.5,CRITICAL,BLOCK
817695.3111194614,1003934.2372107626,685798.0093882051,33634.586505203675,82.60429615389862,0.970872594123512,0,2.0,1.464,0.272,0.223,533193.67,0.466,64.5,HIGH,MODIFY
487527.6603378735,1490747.2925366503,590138.4953874839,331764.55451550265,52.32200382004537,0.8308279404231718,0,2.0,2.526,1.7,1.138,0.0,0.081,28.3,LOW,ALLOW
628079.5593671873,1071265.0678088008,857012.0542470408,162386.1540935418,87.05728163034023,0.62975257924291,1,3.0,1.25,0.517,0.328,576212.7,0.972,72.4,HIGH,MODIFY
573928.450939797,512626.05963125103,410100.84770500084,533226.4159765091,63.14580840820715,0.7171626530199763,0,2.0,1.25,0.0,0.0,1004629.65,1.0,82.9,CRITICAL,BLOCK
15342.004322033314,1202074.1932973647,158949.47339490024,259345.1146994882,81.39344525663793,0.6697310026404091,0,3.0,7.563,7.466,5.834,0.0,0.103,6.9,LOW,ALLOW
870558.6152975402,1380950.4341621702,154895.70953744074,391278.698211028,57.55588932058116,0.9693750209057368,0,3.0,8.915,3.295,0.769,35782.59,0.531,38.8,MEDIUM,MODIFY
76108.82739311483,1385387.3458266186,1089837.6911282805,710436.7689434298,63.94165376937458,0.6513271349000483,0,1.0,1.271,1.201,0.549,490995.94,0.751,41.4,MEDIUM,MODIFY
542306.6166110799,930356.8067081472,744285.4453665178,220619.94773632393,88.68896227327917,0.6896265996874217,1,1.0,1.25,0.521,0.225,576855.2,1.0,74.3,HIGH,MODIFY
1119085.2438452314,814977.852450597,651982.2819604776,644007.5051107365,51.8981281354309,0.8234173099500103,0,4.0,1.25,0.0,0.0,1600097.18,1.0,85.4,CRITICAL,BLOCK
851589.1849001818,1199703.2909773386,687160.187751999,8372.559703854688,42.889487444919624,0.6342905702227887,0,4.0,1.746,0.507,0.494,347418.64,0.493,60.5,HIGH,MODIFY
799755.1266291345,1073767.809091949,511652.98447803344,273792.59169201617,81.51799400809152,0.8421747116548154,0,1.0,2.099,0.536,0.0,511432.89,1.0,77.9,HIGH,MODIFY
1177647.7107253503,1217893.2978072301,820074.4544905494,780344.9897968012,79.48925597818072,0.6108064274549172,0,1.0,1.485,0.049,0.0,1560173.86,1.0,80.4,CRITICAL,MODIFY
871348.8751488618,1727094.3866091364,358895.50292571425,282265.30031161226,54.05822108226893,0.8749624682088486,3,4.0,4.812,2.384,1.598,0.0,0.453,54.4,MEDIUM,BLOCK
706733.7895568785,1731793.9606001037,1167833.6411225293,404416.69321969344,75.00999825939522,0.6402248437257981,0,3.0,1.483,0.878,0.531,547190.16,0.769,60.9,HIGH,MODIFY
1168578.7072262373,349907.45863586914,279925.96690869535,723230.2057001475,67.53208605736914,0.9238910796878104,0,1.0,1.25,0.0,0.0,1821827.42,1.0,85.1,CRITICAL,BLOCK
703560.4297394606,1659264.833047533,1266079.8972219392,126761.05729030861,47.686876828996795,0.8345031505904651,0,2.0,1.311,0.755,0.655,437136.55,0.645,58.9,MEDIUM,MODIFY
1161737.1178578883,1375643.5337304217,1100514.8269843373,731946.9897140673,82.92941744269709,0.6918974303923004,2,4.0,1.25,0.194,0.0,1618555.4,1.0,90.6,CRITICAL,BLOCK
363509.7068370172,509331.9489610441,407465.5591688353,508285.107050637,51.655625158177386,0.9445032813669522,1,4.0,1.25,0.358,0.0,769928.42,1.0,92.2,CRITICAL,MODIFY
577097.9829227774,1954075.2556966043,658128.8608802055,270046.7580795501,63.95993578738209,0.8772915494594704,0,1.0,2.969,2.092,1.682,0.0,0.125,22.9,LOW,ALLOW
1114433.9833065101,1573218.5665588477,455632.46283519524,517819.2616627384,77.80173737192831,0.6488908123543446,0,4.0,3.453,1.007,0.0,514667.14,1.0,77.2,HIGH,MODIFY
841812.0435003982,217070.77981929085,173656.6238554327,386343.37918790884,68.19505299997911,0.6497034713798292,1,4.0,1.25,0.0,0.0,1184741.27,1.0,86.1,CRITICAL,BLOCK
445501.155565842,1448968.8955241507,336868.3902170696,475119.49034803937,94.44772173427137,0.6861212694712776,1,2.0,4.301,2.979,1.568,0.0,0.216,25.2,LOW,ALLOW
1169705.458579886,683174.1367378429,546539.3093902743,729896.6473356234,80.0474247678606,0.6578403078916429,0,1.0,1.25,0.0,0.0,1762967.28,1.0,81.0,CRITICAL,BLOCK
88341.95776107418,528102.4032295011,422481.9225836009,393073.84467125894,91.11072612827472,0.7642306281098379,3,1.0,1.25,1.041,0.111,375795.32,1.0,83.6,CRITICAL,BLOCK
736347.952922064,1139066.0425917162,319929.5240629355,178219.36736957813,97.7545942102938,0.8382195789048105,3,3.0,3.56,1.259,0.702,95430.8,0.598,50.7,MEDIUM,BLOCK
298404.95349866356,484246.33022677456,387397.0641814197,635148.2150723169,84.93787315633492,0.8971697938888248,0,4.0,1.25,0.48,0.0,836703.9,1.0,81.5,CRITICAL,MODIFY
1179696.355014778,1057999.339960893,846399.4719687144,199357.0498409544,75.11258012930203,0.9079611325698806,0,2.0,1.25,0.0,0.0,1167453.54,1.0,82.8,CRITICAL,BLOCK
22611.350125224948,1602870.3661657847,693623.4577596469,575762.3267340205,48.45172277615755,0.8194793708339385,0,1.0,2.311,2.278,1.448,0.0,0.065,18.2,LOW,ALLOW
368316.16605313326,1756397.497007846,1020643.6311519264,361288.0796387084,68.84454042252715,0.928393528369388,1,3.0,1.721,1.36,1.006,0.0,0.039,26.4,LOW,ALLOW
722442.2930992679,424893.6960175203,339914.9568140163,579294.7095950213,84.24557649052697,0.8865358699025101,0,3.0,1.25,0.0,0.0,1216758.26,1.0,80.4,CRITICAL,BLOCK
373874.6543049052,1227627.8093780647,989663.291090812,184958.1341976517,73.89954666506115,0.8291180112026456,0,2.0,1.24,0.863,0.676,320868.27,0.624,52.9,MEDIUM,MODIFY
829778.662939697,1757227.5648251506,1218099.0948402286,139613.98311486334,67.65978230475052,0.870626154070709,0,2.0,1.443,0.761,0.647,430264.18,0.653,49.2,MEDIUM,MODIFY
303065.23787554825,1119694.2819468258,895755.4255574606,747403.0046546572,53.7141637828709,0.7327508993963548,0,2.0,1.25,0.912,0.077,826529.39,1.0,83.6,CRITICAL,MODIFY
576027.2026118004,521684.0749572863,417347.2599658291,202798.46800350424,77.3789211782318,0.8101061289457991,0,4.0,1.25,0.0,0.0,674488.86,1.0,79.1,HIGH,BLOCK
96421.26661327288,824313.3446624896,587665.4989004403,38558.20373006757,54.663748655233256,0.6515069135084367,0,1.0,1.403,1.239,1.173,0.0,0.073,17.4,LOW,ALLOW
1159966.42848447,297450.1762326752,237960.14098614018,507239.92584745237,81.1976008049198,0.7066193061265001,0,3.0,1.25,0.0,0.0,1607716.32,1.0,82.2,CRITICAL,BLOCK
195960.62631822765,328171.5582434326,262537.2465947461,650409.7781912179,90.49520476287961,0.6513224027685026,0,1.0,1.25,0.504,0.0,780736.09,1.0,79.9,HIGH,MODIFY
275624.41876365925,238378.74106119364,190702.99284895492,550866.790473821,76.06318193449738,0.699032064403029,1,1.0,1.25,0.0,0.0,778815.46,1.0,89.2,CRITICAL,BLOCK
1031402.595044494,398135.33425127575,318508.2674010206,251247.16972078272,69.27448138605234,0.6472978280388804,2,4.0,1.25,0.0,0.0,1203022.7,1.0,93.9,CRITICAL,BLOCK
1176987.2808488004,1126875.9707901366,901500.7766321093,327663.66151589964,41.02951636578021,0.9056952536696752,0,4.0,1.25,0.0,0.0,1279275.75,1.0,94.4,CRITICAL,BLOCK
862181.541508172,1382839.6294745132,1106271.7035796107,189957.2331663533,47.75397482176296,0.9408603123862331,0,4.0,1.25,0.471,0.299,775570.85,1.0,79.8,HIGH,MODIFY
732464.9493338811,720491.190827764,223892.1893718064,527624.3709648388,69.55751555943388,0.7398147506295248,0,4.0,3.218,0.0,0.0,763490.32,1.0,82.5,CRITICAL,BLOCK
1157579.2168283854,541725.4405804686,441292.0499979408,19182.949739121734,95.0630220905393,0.6163928118393833,1,1.0,1.228,0.0,0.0,1076328.78,0.233,63.9,HIGH,BLOCK
1020999.1599587025,1557758.549985856,1139191.1251817897,586143.6379942241,75.39384729250645,0.7893809522249745,0,1.0,1.367,0.471,0.0,1188575.37,1.0,81.3,CRITICAL,MODIFY
474979.6035972827,705885.6594461771,564708.5275569417,91664.14371653629,95.35797114179512,0.8163964110908736,0,4.0,1.25,0.409,0.247,425466.62,1.0,70.2,HIGH,MODIFY
430333.1480904657,359470.97204175586,287576.7776334047,336371.2664303999,75.15718651338673,0.9872743540756536,0,4.0,1.25,0.0,0.0,694810.22,1.0,80.3,CRITICAL,BLOCK
462430.29787818494,1202247.8130858024,961798.250468642,140877.76854041457,42.022215498312256,0.7868752894565917,0,4.0,1.25,0.769,0.623,362858.5,0.677,62.3,HIGH,MODIFY
355555.9290382267,1411813.2174296386,1129450.573943711,123470.23267909058,51.39617014697181,0.6822035509881743,0,1.0,1.25,0.935,0.826,196663.52,0.474,47.6,MEDIUM,MODIFY
1151718.523761824,1503974.1209257953,1204442.5911370718,177556.08588288343,85.35014505401398,0.835427573643203,2,3.0,1.249,0.292,0.145,1029743.08,1.0,81.8,CRITICAL,BLOCK
253259.2631866839,1958496.4671082802,970212.5753510249,369160.47866164893,44.686416650954826,0.7511360065453822,0,1.0,2.019,1.758,1.377,0.0,0.142,22.2,LOW,ALLOW
1043392.8043232277,952141.3699462464,652975.2246462586,270101.0332278101,68.99398396685504,0.6393807381597192,0,3.0,1.458,0.0,0.0,1014327.69,1.0,82.4,CRITICAL,BLOCK
488583.1204548595,1293716.2267572386,643347.9961632653,797529.9734095943,54.68768406392314,0.8926926847909977,0,4.0,2.011,1.251,0.012,635744.86,1.0,72.8,HIGH,MODIFY
951298.5413862348,822982.0621858538,597223.2708623211,192181.1388166568,67.71380155911181,0.7859588771911209,1,1.0,1.378,0.0,0.0,917720.89,1.0,88.7,CRITICAL,BLOCK
138835.7957032633,1091232.310515069,902232.8387900615,626211.7931895748,89.53930652532966,0.6420151635613954,0,4.0,1.209,1.056,0.362,576048.12,0.938,51.6,MEDIUM,MODIFY
1146812.853988236,303638.64041337563,242910.91233070052,232057.88932451748,58.95374380352146,0.8566918383728217,3,3.0,1.25,0.0,0.0,1318143.02,1.0,98.0,CRITICAL,BLOCK
802311.4980061832,1988350.1569917533,1121893.6122897663,468919.33034898434,72.48312770376303,0.6814245321715705,1,4.0,1.772,1.057,0.639,404774.28,0.661,51.8,MEDIUM,MODIFY
459232.77367578517,1118003.4224760432,332391.2387215054,313382.22750756214,40.77818598545846,0.9113502574673757,1,2.0,3.364,1.982,1.039,0.0,0.358,42.4,MEDIUM,ALLOW
1183239.8139024866,752984.1207953569,602387.2966362856,393374.88229061314,97.44583655236886,0.7084120810887148,0,4.0,1.25,0.0,0.0,1426017.87,1.0,74.8,HIGH,BLOCK
746844.7134708732,1558270.7039823732,356015.29286190326,554549.6296563828,61.19435138171009,0.8035288928910927,1,2.0,4.377,2.279,0.722,99138.93,0.578,42.0,MEDIUM,MODIFY
76267.28516050658,1600380.378880735,1002979.1131295086,132746.8700849697,54.73889040353852,0.6505593180472952,2,3.0,1.596,1.52,1.387,0.0,0.006,21.7,LOW,BLOCK
131480.58630152128,1735607.9096079795,1467051.7071125116,287540.57931192213,78.89841484106176,0.8022762660675211,1,3.0,1.183,1.093,0.897,150464.96,0.403,23.9,LOW,MODIFY
613140.7669950158,1332260.0982994079,1192473.784936796,726572.6447819016,59.87204016817759,0.7609989193602897,0,1.0,1.117,0.603,0.0,1199927.1,1.0,86.6,CRITICAL,MODIFY
359756.33418467414,428761.50964225765,343009.2077138061,220328.74516197544,77.45825120984368,0.6131217334243971,0,2.0,1.25,0.201,0.0,494332.78,1.0,80.2,CRITICAL,MODIFY
996662.0643918947,1052543.6140867658,842034.8912694127,648250.8648158198,90.47504269040276,0.7099207987492605,0,1.0,1.25,0.066,0.0,1434404.21,1.0,75.5,HIGH,MODIFY
477534.65837059525,651911.7919060884,521529.4335248707,579349.5242029225,54.414665730521634,0.779980890613311,0,3.0,1.25,0.334,0.0,926501.82,1.0,85.8,CRITICAL,MODIFY
140753.35172523366,332612.09955570614,266089.6796445649,426410.85405091144,81.03155712781455,0.7483010235043286,0,1.0,1.25,0.721,0.0,500641.79,1.0,80.2,CRITICAL,MODIFY
111471.0283217106,1232755.712686297,158641.50797849102,210955.42582392736,94.9100829375399,0.9073028923279107,1,1.0,7.771,7.068,5.738,0.0,0.125,10.3,LOW,ALLOW
792755.2435925928,1724598.0330290287,660792.8636756365,479397.9772509012,92.41506051959584,0.8832496300311294,0,2.0,2.61,1.41,0.685,208348.05,0.615,34.1,LOW,MODIFY
623645.7245300491,367825.47203009913,294260.3776240793,88691.4667121661,90.6140551192001,0.9334092010507102,0,3.0,1.25,0.0,0.0,638772.1,1.0,76.0,HIGH,BLOCK
805534.5928121319,408519.52136219793,326815.6170897584,247774.18560873938,66.57572070713782,0.795907941764979,0,3.0,1.25,0.0,0.0,971604.87,1.0,85.9,CRITICAL,BLOCK
555937.8467247994,732641.9397372593,586113.5517898075,170144.10537009814,41.28507586328699,0.6407809210750735,1,3.0,1.25,0.301,0.011,579553.56,1.0,95.8,CRITICAL,MODIFY
919838.8927536812,766464.4722107222,318943.4202581197,366179.71258236316,79.02214928437982,0.7842346427132261,0,1.0,2.403,0.0,0.0,838497.55,1.0,80.0,CRITICAL,BLOCK
1125457.3265849275,600471.404095219,480377.12327617523,212419.71408290396,76.47597602021597,0.8264435358288912,2,4.0,1.25,0.0,0.0,1217782.76,1.0,89.9,CRITICAL,BLOCK
1198665.8831067088,611766.8457905347,489413.47663242783,231144.4347438906,50.96350554476231,0.8457286962700112,3,1.0,1.25,0.0,0.0,1307456.95,1.0,98.0,CRITICAL,BLOCK
972787.0604887241,603465.258345704,482772.2066765632,280474.31846703764,95.47788701099671,0.8741010002188568,0,3.0,1.25,0.0,0.0,1132568.33,1.0,75.4,HIGH,BLOCK
53084.78554073636,634584.5949475495,507667.67595803965,21409.77976590861,71.49510967397005,0.7583580912736264,0,4.0,1.25,1.145,1.103,0.0,0.118,17.2,LOW,ALLOW
35368.79713166563,267413.318897004,213930.65511760322,224719.05613429737,57.14499171141095,0.8032109244615004,0,3.0,1.25,1.085,0.034,206605.19,1.0,74.8,HIGH,MODIFY
627402.1920801774,1344039.709456782,938235.5637998624,217299.1008088921,54.88721205658544,0.627041188420697,0,2.0,1.433,0.764,0.532,438897.15,0.768,62.6,HIGH,MODIFY
552633.9340175655,1978810.0398808944,1393826.7868328493,374828.2492394966,84.45612020967262,0.7733611554626507,2,2.0,1.42,1.023,0.754,342478.93,0.546,48.1,MEDIUM,BLOCK
972644.2150798946,1833415.6465373647,953949.745120968,652698.6300362969,95.11968957022847,0.7732189725774825,0,1.0,1.922,0.902,0.218,745876.94,1.0,65.2,HIGH,MODIFY
1191313.5803002957,1566001.3806940867,1273398.9664934247,222425.5956178152,41.393937133573374,0.9595463193670062,0,3.0,1.23,0.294,0.12,1121136.76,1.0,82.2,CRITICAL,MODIFY
286510.9176011329,961173.3198607714,527076.6836185527,532466.6658757891,70.61998784452115,0.8588008422420278,1,3.0,1.824,1.28,0.27,384880.95,1.0,65.6,HIGH,MODIFY
933624.3613723678,1221584.440575161,297012.27320775867,21210.961452385836,52.45583822493755,0.6913139361178525,0,1.0,4.113,0.97,0.898,30263.16,0.463,41.2,MEDIUM,MODIFY
224333.66088438706,1450517.2136019247,940649.891554337,501206.1858428624,97.81685693212624,0.683632512767188,0,1.0,1.542,1.304,0.771,215672.52,0.529,23.9,LOW,MODIFY
1154219.543530276,386778.18618721724,309422.54894977383,695242.5676789199,85.03757736255781,0.8708435334718604,0,4.0,1.25,0.0,0.0,1772106.47,1.0,79.6,HIGH,BLOCK
976026.9538058894,1852847.4848936275,1220252.7922200796,658146.5801536797,89.90205325958934,0.7466851611774475,0,2.0,1.518,0.719,0.179,1001578.84,1.0,72.6,HIGH,MODIFY
668555.6621801084,1062492.3332477773,849993.8665982219,531025.1420288609,55.38569540810903,0.63051394564288,2,2.0,1.25,0.463,0.0,987082.34,1.0,95.2,CRITICAL,BLOCK
1101719.0771152084,423862.33963208797,339089.8717056704,312413.54012679105,95.29630968696856,0.7678642257473379,0,1.0,1.25,0.0,0.0,1329360.15,1.0,76.1,HIGH,BLOCK
150946.40328135496,774974.0081467745,619979.2065174197,573678.8876142213,62.92628918616922,0.7322104597803508,0,2.0,1.25,1.007,0.081,569630.49,1.0,78.3,HIGH,MODIFY
258264.843339743,673352.2691403391,558050.5366688188,474023.6969895051,80.94373761983391,0.7746655637478415,0,3.0,1.207,0.744,0.0,616986.81,1.0,81.3,CRITICAL,MODIFY
1017876.5036909129,789783.7031566694,631826.9625253356,184621.20055734977,82.32349045576814,0.6977095919694801,0,1.0,1.25,0.0,0.0,1044540.96,1.0,78.0,HIGH,BLOCK
160110.38936049282,1936781.7437026484,638856.4142205431,667000.7935300148,78.25837563150276,0.7284141601570167,0,2.0,3.032,2.781,1.737,0.0,0.058,13.7,LOW,ALLOW
398776.50823233684,1549722.660330601,262271.6583629544,59039.666743744325,44.15437841355197,0.8283137306516805,0,3.0,5.909,4.388,4.163,0.0,0.118,21.5,LOW,ALLOW
11436.713455511155,1905605.8910332324,1304811.2099009298,538068.7578908618,72.80642903005804,0.654573345001846,1,3.0,1.46,1.452,1.039,0.0,0.1,17.3,LOW,ALLOW
1140633.0397627635,292221.16899111593,233776.93519289276,730564.4256406149,88.37519648730944,0.932551985143891,0,2.0,1.25,0.0,0.0,1812753.23,1.0,78.7,HIGH,BLOCK
639778.1137272271,310450.3666956194,248360.29335649556,395032.18338649883,92.4491118765786,0.9818187426166199,2,2.0,1.25,0.0,0.0,972720.22,1.0,87.6,CRITICAL,BLOCK
387241.82704330084,1821880.4530027525,639780.8273041738,335192.746342464,75.74859617778412,0.6493136266265218,0,2.0,2.848,2.242,1.718,0.0,0.132,15.9,LOW,ALLOW
759334.8014844981,1065246.0596854363,235226.1786267254,779797.9993688108,53.177314720151784,0.6113317465831403,0,3.0,4.529,1.3,0.0,709112.92,1.0,82.9,CRITICAL,MODIFY
613024.0995081981,985451.5112459008,472293.3778301385,253491.3296285918,76.91487539529697,0.8305114204867621,0,4.0,2.087,0.789,0.252,353357.3,1.0,70.6,HIGH,MODIFY
697112.1577400411,638872.7774114569,454193.04709952837,54175.84605823178,73.72234512356063,0.6889652295920982,0,3.0,1.407,0.0,0.0,566608.27,1.0,83.3,CRITICAL,BLOCK
703976.2970763721,1798514.1834952333,474539.6544968988,484010.7133729127,76.85244034597693,0.7251424918309394,1,2.0,3.79,2.307,1.287,0.0,0.294,33.7,LOW,ALLOW
629081.0202905618,663073.4120655712,556734.4533139621,608096.4920606256,54.65044155183921,0.9594999691197812,0,4.0,1.191,0.061,0.0,1130838.55,1.0,86.5,CRITICAL,MODIFY
941952.8735846354,1790828.7227829115,250420.44011726097,178050.28093329928,42.7335983972181,0.7004265373161449,0,1.0,7.151,3.39,2.679,0.0,0.296,34.7,LOW,ALLOW
716660.282336391,801098.6281266453,640878.9025013163,527940.8561094713,80.96086314537666,0.9006601359674353,2,2.0,1.25,0.132,0.0,1084381.41,1.0,91.8,CRITICAL,BLOCK
1107530.268982303,1872328.3342834539,220376.15389999805,461701.8347857531,80.59763076130076,0.6061664417249212,1,4.0,8.496,3.47,1.375,0.0,0.486,37.4,MEDIUM,ALLOW
482236.00223936915,521439.60144656926,417151.6811572554,579876.7210393389,52.765483316775395,0.6742021043327476,0,1.0,1.25,0.094,0.0,957824.8,1.0,86.9,CRITICAL,MODIFY
746881.8990992778,1320479.7713090095,615345.7223486663,454219.12641160446,68.89264642176046,0.9001291336020649,1,2.0,2.146,0.932,0.194,495966.98,1.0,77.7,HIGH,MODIFY
918732.6420996002,1079956.61448603,931473.1834560158,53958.42530921113,96.7385582027318,0.9182882556837724,0,4.0,1.159,0.173,0.115,824207.64,1.0,70.9,HIGH,MODIFY
1185290.4164485717,315903.08594012033,252722.4687520963,770540.2608061876,66.90692677124677,0.6851830170831736,0,2.0,1.25,0.0,0.0,1892650.06,1.0,85.9,CRITICAL,BLOCK
133846.8123455195,1375284.8270045933,1100227.8616036747,128250.14212589183,95.93640525475925,0.7137488214284963,1,2.0,1.25,1.128,1.012,0.0,0.031,23.1,LOW,ALLOW
48167.318212295475,850688.7444575201,680550.9955660161,758186.3791237085,81.26609510647519,0.8254342356768464,0,3.0,1.25,1.179,0.065,636215.95,1.0,58.1,MEDIUM,MODIFY
961251.5135977445,1836403.098027474,1317067.8316148578,31452.31537804625,67.83048919062438,0.879285524811327,0,1.0,1.394,0.664,0.641,473368.56,0.026,40.4,MEDIUM,MODIFY
355823.5470076992,1966861.7683325366,1179370.5373371695,279148.56761304074,50.849628248494064,0.7840551313918559,0,4.0,1.668,1.366,1.129,0.0,0.127,27.1,LOW,ALLOW
92532.15663027539,1045928.520382134,836742.8163057072,545502.7205733653,49.44978031451514,0.839098079296149,0,2.0,1.25,1.139,0.487,428849.17,0.813,51.3,MEDIUM,MODIFY
399413.02918377594,482618.2836627223,386094.62693017785,265613.53261097905,80.38144259045346,0.6075988320793579,2,1.0,1.25,0.216,0.0,568502.91,1.0,88.4,CRITICAL,BLOCK
520836.5645540134,660679.0906042568,324012.2338675616,138334.57355494038,80.71482036122477,0.6050173126296963,0,4.0,2.039,0.432,0.005,322504.28,1.0,78.0,HIGH,MODIFY
639447.0599650398,268915.3930274644,215132.31442197153,2256.451281246008,93.36046157951384,0.86116956342734,0,3.0,1.25,0.0,0.0,587920.43,0.259,61.1,HIGH,BLOCK
923348.8796056928,1233768.162179816,987014.5297438529,113236.65290725637,96.44541744928813,0.6117529888983282,0,4.0,1.25,0.315,0.2,789831.9,1.0,69.8,HIGH,MODIFY
517264.26749331807,959648.3686001662,767718.694880133,308405.5771598121,72.93095575871678,0.883484474298834,0,2.0,1.25,0.576,0.175,633740.17,1.0,70.9,HIGH,MODIFY
128512.3385393171,315699.7002449726,175460.8495225902,312770.97024859895,74.23680672343193,0.6016708334680257,0,3.0,1.799,1.067,0.0,301044.46,1.0,72.1,HIGH,MODIFY
877353.1388529161,1194174.263249671,284800.71048749285,75986.95450902841,64.02579058453514,0.6556534991878394,2,2.0,4.193,1.112,0.846,43966.54,0.454,47.9,MEDIUM,BLOCK
17224.716009518805,732292.6817283537,310670.6368490864,654493.0995592977,78.59761974946059,0.9760862480428883,0,4.0,2.357,2.302,0.195,250095.77,1.0,47.8,MEDIUM,MODIFY
200158.69968217434,492371.5343700863,393897.22749606904,195633.79702755288,49.59603643310359,0.857656977544289,3,1.0,1.25,0.742,0.245,297318.19,1.0,90.3,CRITICAL,BLOCK
539613.8514339448,547591.770972244,438073.4167777952,243328.53099710724,60.64064613992571,0.7056951735069327,0,3.0,1.25,0.018,0.0,673424.03,1.0,84.8,CRITICAL,MODIFY
814870.9950312076,1889155.1420968194,1157305.2370920344,476651.50978644134,42.75664858910225,0.641537702485222,0,3.0,1.632,0.928,0.516,559672.6,0.784,69.4,HIGH,MODIFY
1003440.547779773,774814.3368346709,619851.4694677367,370405.4739792429,81.54333579580913,0.8153436809773604,0,1.0,1.25,0.0,0.0,1218883.15,1.0,77.8,HIGH,BLOCK
1091086.3806081617,1944865.7753193951,176827.26602168052,286995.51106894994,93.24216301355628,0.947448675193168,0,4.0,10.999,4.828,3.205,0.0,0.235,21.7,LOW,ALLOW
993912.5907592387,1799924.411842094,1288582.7833251853,104997.05182368083,75.93998010834754,0.9482206901600381,0,3.0,1.397,0.626,0.544,587568.01,0.756,58.0,MEDIUM,MODIFY
886378.1510606962,1782706.9142899215,211014.02558445715,282099.5483608894,63.99914480845872,0.7252583158278298,0,1.0,8.448,4.248,2.911,0.0,0.232,25.4,LOW,ALLOW
31802.51943530896,1266345.598067833,890140.1739696008,244360.13554689958,59.550138068172465,0.7605540949770114,0,3.0,1.423,1.387,1.112,0.0,0.049,17.3,LOW,ALLOW
563058.234861201,841961.058544842,673568.8468358736,758874.5775161736,87.08153659577852,0.6425215982831707,0,2.0,1.25,0.414,0.0,1153540.6,1.0,73.3,HIGH,MODIFY
718184.1066066485,562551.5690598503,450041.25524788024,300768.80491249496,40.45798169828492,0.800466973754357,0,4.0,1.25,0.0,0.0,906442.6,1.0,90.6,CRITICAL,BLOCK
1066865.3793953054,1408914.2301206077,1008086.7616831181,469369.2422951915,82.56955565072295,0.6027426619669426,3,4.0,1.398,0.339,0.0,1135407.15,1.0,97.6,CRITICAL,BLOCK
908570.6156527316,1514940.7230822947,922530.6981489228,383331.4989645248,92.14755484281258,0.9297999082640832,0,1.0,1.642,0.657,0.242,699492.09,1.0,74.9,HIGH,MODIFY
1095714.7523160535,1452677.030184158,1162141.6241473265,685040.6160889053,52.99927535253298,0.8031395373786687,0,3.0,1.25,0.307,0.0,1490219.96,1.0,88.3,CRITICAL,MODIFY
1132627.9747290728,857891.2177755284,686312.9742204228,688624.2247508143,70.2140063300526,0.799886515544838,0,3.0,1.25,0.0,0.0,1649673.96,1.0,82.1,CRITICAL,BLOCK
686482.7327443508,292069.19432562345,233655.35546049877,516039.901996093,67.74557406451927,0.7936121686479475,0,3.0,1.25,0.0,0.0,1144108.8,1.0,84.5,CRITICAL,BLOCK
310654.81122406176,1431183.865824186,1017469.7934855091,639976.7178875617,56.34912316880256,0.9314996169177756,0,4.0,1.407,1.101,0.472,536917.46,0.828,57.6,MEDIUM,MODIFY
771896.9274141649,1538871.212056859,332840.9252357621,741001.5245876301,56.80374540088577,0.690581236676202,1,3.0,4.623,2.304,0.078,306868.17,1.0,70.0,HIGH,MODIFY
699889.5007832997,1520526.5631259084,486805.6298061568,735682.5501644169,52.348580191531724,0.8383773220414864,0,1.0,3.123,1.686,0.175,401851.12,1.0,69.0,HIGH,MODIFY
443010.37872191553,1609068.8484172747,1287255.0787338198,684057.6309813603,66.57592839699689,0.8949678776931587,2,4.0,1.25,0.906,0.374,805254.24,0.926,77.0,HIGH,BLOCK
577572.0973032316,1635262.7783558904,247258.53883372626,247544.02635096008,88.6048646037785,0.9864831885663226,0,4.0,6.614,4.278,3.277,0.0,0.126,15.3,LOW,ALLOW
969580.6932984506,997142.2014674434,797713.7611739547,672157.8864215069,67.47581207365387,0.7512924933182342,2,2.0,1.25,0.035,0.0,1442310.14,1.0,94.0,CRITICAL,BLOCK
196499.41389894887,1162282.6665061833,673670.6717924929,152597.88750035313,82.21429661649735,0.7954092405393963,0,2.0,1.725,1.434,1.207,0.0,0.136,16.6,LOW,ALLOW
406306.4866641186,812121.6061250306,649697.2849000245,612662.0295239569,82.95467935539733,0.6874412441546423,1,2.0,1.25,0.625,0.0,856544.19,1.0,83.8,CRITICAL,MODIFY
808456.3902468449,1025481.3568905531,573308.6644662935,264811.6457990529,47.013987159727996,0.8429968864149691,0,1.0,1.789,0.379,0.0,621095.34,1.0,86.6,CRITICAL,MODIFY
738725.320342106,334705.8380069922,267764.67040559376,708983.8924013366,74.52444330855096,0.8770408506632195,0,3.0,1.25,0.0,0.0,1380768.05,1.0,78.7,HIGH,BLOCK
507535.0270383528,1046474.3096579433,249417.91975988538,247334.49378889168,95.28405139645568,0.9092570958329436,0,4.0,4.196,2.161,1.169,0.0,0.44,25.6,LOW,ALLOW
798579.629886954,1191822.174300948,486530.0789600729,74595.03386349606,77.45719072745011,0.7862675443591945,1,1.0,2.45,0.808,0.655,167882.57,0.645,55.0,MEDIUM,MODIFY
1088290.8102351981,987679.0338970516,697048.5526289548,135087.95421900493,48.81620243545439,0.9815855699106898,0,1.0,1.417,0.0,0.0,932748.28,1.0,87.1,CRITICAL,BLOCK
305515.5307704511,954643.4030191826,763714.7224153462,3496.7657137507936,55.14352390086445,0.7441895619504033,1,3.0,1.25,0.85,0.845,118083.62,0.087,41.9,MEDIUM,MODIFY
924110.8042845945,211910.5167649709,169528.41341197674,484572.1113801602,79.65768891859943,0.9599434586576994,0,2.0,1.25,0.0,0.0,1366300.81,1.0,79.8,HIGH,BLOCK
83442.54503246392,545035.1106956976,436028.0885565581,542699.3538348709,64.25253550027738,0.6114003867106433,0,2.0,1.25,1.059,0.0,517134.88,1.0,73.7,HIGH,MODIFY
179119.23086768232,1389241.0112134481,1111392.8089707585,767912.6824384263,92.49772681160813,0.8194942830262711,0,2.0,1.25,1.089,0.398,669183.71,0.902,46.1,MEDIUM,MODIFY
37802.89759106317,874144.5355714529,605164.244870258,83346.74512095183,85.62227681073574,0.6144792244460412,0,4.0,1.444,1.382,1.244,0.0,0.004,6.7,LOW,ALLOW
258454.28221593174,300470.48310169176,240376.38648135343,247470.9726071441,41.956711485748386,0.7702052230660745,0,2.0,1.25,0.175,0.0,445831.16,1.0,91.8,CRITICAL,MODIFY
240428.4953786568,1510608.5161342788,894164.5780669311,190136.55635660404,80.48920408081976,0.6901722681476534,1,1.0,1.689,1.421,1.208,0.0,0.111,24.4,LOW,ALLOW
276954.2702259102,402454.82626855373,321963.861014843,384307.15253972815,49.417309405109606,0.9586612650974257,0,1.0,1.25,0.39,0.0,580770.46,1.0,86.1,CRITICAL,MODIFY
226378.97648137578,1033941.851556663,827153.4812453305,623523.0449088874,58.617835170613546,0.841972586201633,0,4.0,1.25,0.976,0.222,643113.65,1.0,73.2,HIGH,MODIFY
899275.8871881511,1388420.839111474,1110736.6712891792,20633.685350332966,44.66986662052715,0.9887632855422073,0,1.0,1.25,0.44,0.422,642225.4,0.47,60.7,HIGH,MODIFY
173451.50762331075,858214.7025010359,686571.7620008287,704831.375305365,68.9731061390993,0.6051249687329723,0,1.0,1.25,0.997,0.0,706639.94,1.0,82.4,CRITICAL,MODIFY
836781.6440528359,1911454.1417172917,743946.9610162266,205655.69947252193,88.17760751366691,0.7336300906463322,0,2.0,2.569,1.445,1.168,0.0,0.068,22.4,LOW,ALLOW
320436.7568103362,1090672.4779711585,872537.9823769268,353215.0686001987,87.81734698352068,0.8726391523803648,0,3.0,1.25,0.883,0.478,455517.33,0.822,57.6,MEDIUM,MODIFY
112828.62051809013,1761549.0980084534,1491910.0361754599,723905.5014540057,70.32299689581444,0.8365988371295221,2,2.0,1.181,1.105,0.62,567095.06,0.68,47.9,MEDIUM,BLOCK
172233.7165478834,1140414.8154730655,912331.8523784524,637319.1296392911,48.6510299646949,0.7564109466816245,1,4.0,1.25,1.061,0.363,581469.88,0.937,67.5,HIGH,MODIFY
596303.003271616,202357.6528942601,161886.12231540808,516379.01971307956,95.5488611238485,0.612977402363186,0,4.0,1.25,0.0,0.0,1072210.49,1.0,76.3,HIGH,BLOCK
1156797.2029976803,562276.5849060363,449821.26792482904,321135.43974160485,58.03124853944748,0.7840605181311928,1,3.0,1.25,0.0,0.0,1365477.33,1.0,91.0,CRITICAL,BLOCK
156620.71226045166,1248739.9499316073,407726.0200807112,139360.1462898819,84.94336899225274,0.7023783518528871,0,3.0,3.063,2.679,2.337,0.0,0.036,5.3,LOW,ALLOW
31426.844528627193,349770.5125005456,279816.4100004365,461440.70985275664,45.05039448774712,0.8405538943185142,0,1.0,1.25,1.138,0.0,422913.45,1.0,72.8,HIGH,MODIFY
833645.6269933234,1464412.3078383487,786229.4901280538,623555.5751557986,80.4241423504262,0.7895005607617409,2,3.0,1.863,0.802,0.009,779018.38,1.0,87.0,CRITICAL,BLOCK
75228.76576216353,1367955.6324051993,1128117.0437575965,661608.1791235919,43.4346943409286,0.6881746557185412,0,3.0,1.213,1.146,0.559,496998.36,0.741,47.6,MEDIUM,MODIFY
1095294.1536118707,1015421.0676170756,354749.4290393407,329827.094574198,79.51176265752915,0.7277340020986927,0,1.0,2.862,0.0,0.0,764449.61,1.0,83.5,CRITICAL,BLOCK
70685.57299776393,200906.80191095878,160725.44152876703,84908.2022688517,72.76077390818033,0.741227056763694,1,1.0,1.25,0.81,0.282,115412.41,1.0,76.4,HIGH,MODIFY
204532.05463612292,1397222.7865480466,913217.1685941498,610080.9629576815,76.97634625098831,0.8742985025513493,0,1.0,1.53,1.306,0.638,330607.4,0.662,34.1,LOW,MODIFY
781622.4533933977,1623000.550906978,789050.8716046142,539551.1191655324,78.58321547622276,0.9354372742433655,0,2.0,2.057,1.066,0.383,487223.89,0.917,61.2,HIGH,MODIFY
547052.9412501875,1271005.4543668225,1016804.363493458,247385.6702709491,89.05357706431266,0.665129333921924,0,3.0,1.25,0.712,0.469,540237.52,0.831,58.7,MEDIUM,MODIFY
144476.898652122,706305.1741576572,565044.1393261257,622848.2468056602,52.46016097074523,0.7137710830967594,2,3.0,1.25,0.994,0.0,626064.11,1.0,90.4,CRITICAL,BLOCK
283425.657252922,1605758.0424095558,977023.3030313476,355310.84411987494,65.00117331726148,0.8931217481511322,1,4.0,1.644,1.353,0.99,10001.76,0.31,23.9,LOW,MODIFY
1101507.7460982664,1416907.325542847,658577.4945886086,669986.1319672734,58.89360749920307,0.7935977567662336,0,4.0,2.151,0.479,0.0,1013164.05,1.0,83.3,CRITICAL,MODIFY
742298.6292918691,1639889.3986173433,853302.7362277417,312788.388229675,70.03925606348817,0.7072626546503555,0,1.0,1.922,1.052,0.685,268500.36,0.615,44.7,MEDIUM,MODIFY
486913.62525067746,1675077.18380194,605502.4126878101,226593.1709675276,42.66283291396935,0.7386390552911266,0,3.0,2.766,1.962,1.588,0.0,0.004,26.1,LOW,ALLOW
920174.6207456958,576379.5072494687,498890.02445895405,253870.34502838325,97.46684240580308,0.8872886249464255,0,1.0,1.155,0.0,0.0,1096555.48,1.0,78.6,HIGH,BLOCK
1154970.234749736,1641225.5052280927,1313163.0438983992,200228.2465121654,79.968252606937,0.9498563912477691,0,3.0,1.25,0.37,0.218,1027136.02,1.0,74.2,HIGH,MODIFY
696481.2373395215,337473.4881294754,269978.7905035803,94227.56135511454,79.29449820793445,0.6204029760458049,0,2.0,1.25,0.0,0.0,723214.1,1.0,81.9,CRITICAL,BLOCK
913637.8955651893,1732558.5421724021,161224.0678425054,707799.7932207384,48.720005905194725,0.934786166274924,0,3.0,10.746,5.079,0.689,50103.21,0.611,43.2,MEDIUM,MODIFY
660512.2304947592,802903.6546708043,598041.054981083,131172.30428836314,73.89233313877476,0.9391982662298128,2,1.0,1.343,0.238,0.019,586821.94,1.0,91.7,CRITICAL,BLOCK
345479.7603925438,315627.8963160313,252502.31705282503,777394.2451661167,55.06770275475206,0.8842491274366873,0,3.0,1.25,0.0,0.0,1059748.43,1.0,85.7,CRITICAL,BLOCK
1150508.754800226,1250974.2933976045,1000779.4347180836,385423.1758180749,72.31095621147904,0.6983072883341852,0,2.0,1.25,0.1,0.0,1285737.07,1.0,79.4,HIGH,MODIFY
647049.0634175311,1024420.1669818964,823699.2661172984,646937.7414669025,60.30408939149956,0.6561821700810115,1,2.0,1.244,0.458,0.0,1093265.9,1.0,88.0,CRITICAL,MODIFY
609101.9478215222,1710066.4613406619,986559.2315144977,519242.37977659306,66.84476541572165,0.9873288108504241,0,4.0,1.733,1.116,0.59,404837.1,0.71,47.9,MEDIUM,MODIFY
912605.1195781234,1122897.8877095012,898318.310167601,773180.9322194529,53.90040903821931,0.6016658445824921,2,2.0,1.25,0.234,0.0,1461206.47,1.0,98.0,CRITICAL,BLOCK
1193717.965854109,1445457.2824440747,437588.8586903433,733551.3770774667,80.78409324861542,0.9753987874448753,0,4.0,3.303,0.575,0.0,919400.92,1.0,78.5,HIGH,MODIFY
1173170.2194236454,475744.17376915517,380595.33901532413,229074.2086626647,57.381752023343026,0.8355767007510099,0,3.0,1.25,0.0,0.0,1307095.59,1.0,81.6,CRITICAL,BLOCK
669717.4466099421,325829.88117738866,260663.90494191094,321650.3151422926,81.60980866705225,0.8734799223350165,0,1.0,1.25,0.0,0.0,926201.79,1.0,76.8,HIGH,BLOCK
1041002.8849253552,1303920.4154475161,849921.0681084214,774240.3282646274,46.026148187721326,0.613698053890576,1,4.0,1.534,0.309,0.0,1361243.87,1.0,94.2,CRITICAL,MODIFY
533591.2281473288,646536.4105637637,437792.7644546742,540149.8149410539,87.69715022453788,0.956300275875043,1,4.0,1.477,0.258,0.0,864997.4,1.0,80.5,CRITICAL,MODIFY
553316.2323975845,1367660.295154988,533762.8983157836,699470.2121743197,64.6838187135393,0.9360151974441449,1,1.0,2.562,1.526,0.215,418889.05,1.0,69.7,HIGH,MODIFY
1085853.834234486,1180155.4137869528,401110.8745095199,431669.02517256816,87.07883152217923,0.9534065755016073,0,3.0,2.942,0.235,0.0,738478.32,1.0,79.2,HIGH,MODIFY
621183.3288341347,1320649.2137251715,839387.0405651209,301367.18292025797,60.86472487857562,0.7271803500233132,1,1.0,1.573,0.833,0.474,441288.34,0.826,69.8,HIGH,MODIFY
631481.5671702063,1331261.7759266936,893816.6925228662,270870.8294600834,44.485562990235955,0.6668287787347985,0,4.0,1.489,0.783,0.48,464907.31,0.82,68.2,HIGH,MODIFY
740008.7807646809,1865586.9332624811,1276144.4947539696,312090.6209309813,94.41820570953433,0.8362310537332976,1,2.0,1.462,0.882,0.637,462656.96,0.663,53.5,MEDIUM,MODIFY
1188276.6816094858,1988364.1976626387,1284943.1855159337,359206.0201372404,42.12419742622953,0.6601050153176325,0,2.0,1.547,0.623,0.343,844061.69,0.957,78.0,HIGH,MODIFY
1086523.621512377,1310408.8304393683,899908.5543343008,72936.6766969524,83.28160940500723,0.9373007986348788,0,2.0,1.456,0.249,0.168,748960.02,1.0,75.1,HIGH,MODIFY
529409.7642331845,978663.3946028454,665207.6311855635,234383.9176105023,86.47123394242169,0.9624922981884527,1,4.0,1.471,0.675,0.323,450337.92,0.977,74.7,HIGH,MODIFY
560694.4270368619,535074.6858727697,344433.9436620383,302975.2372596106,41.714554746599035,0.6948483623439212,0,4.0,1.553,0.0,0.0,673028.92,1.0,89.3,CRITICAL,BLOCK
1148339.717795117,683547.7083007748,546838.1666406199,5802.526513933515,50.73780577841734,0.8094081497844072,1,3.0,1.25,0.0,0.0,1017432.7,0.391,76.1,HIGH,BLOCK
848037.1292550614,1562142.2794575414,1249713.8235660333,384270.9257764689,60.18526453190847,0.7658603036229227,0,2.0,1.25,0.571,0.264,919879.6,1.0,75.3,HIGH,MODIFY
403404.0728466882,1580786.2078084887,225511.80380456796,271725.5087538989,61.03071904657344,0.8277643885704006,0,2.0,7.01,5.221,4.016,0.0,0.116,15.4,LOW,ALLOW
419825.20357384905,1684845.5118225128,379790.6219475988,739574.222624937,66.44157097074442,0.9555239075335236,0,2.0,4.436,3.331,1.384,0.0,0.437,25.6,LOW,ALLOW
728321.1148118217,722636.7804023267,578109.4243218614,631797.7529785507,80.35205660874375,0.9826305564176323,1,4.0,1.25,0.0,0.0,1215591.51,1.0,85.6,CRITICAL,BLOCK
673921.9338413333,387198.11847824056,309758.49478259246,683047.1512933989,44.07988009766803,0.9075988390868508,0,3.0,1.25,0.0,0.0,1279529.46,1.0,88.0,CRITICAL,BLOCK
946257.2586829112,619124.0128111703,495299.21024893626,699002.8342203479,62.426704525311344,0.6039620896118714,3,3.0,1.25,0.0,0.0,1521435.29,1.0,98.0,CRITICAL,BLOCK
604358.644097089,676202.0673083529,540961.6538466824,182611.27595441992,51.05732684574168,0.6695431651413729,1,2.0,1.25,0.133,0.0,651729.51,1.0,90.4,CRITICAL,MODIFY
830471.4235728002,834048.6970721653,667238.9576577323,23205.936018034467,78.89489222386392,0.7650638402816309,0,3.0,1.25,0.005,0.0,686867.62,0.482,70.6,HIGH,MODIFY
511877.5126841546,1715362.3871675532,1444497.4762614132,25418.999720750435,64.34224497093064,0.8481102184691417,0,2.0,1.188,0.833,0.816,266431.6,0.009,35.8,MEDIUM,MODIFY
610419.906925938,411190.851288907,328952.6810311256,72893.92868962965,84.79320102318638,0.6560744923522895,0,3.0,1.25,0.0,0.0,601075.67,1.0,78.1,HIGH,BLOCK
932322.2133358701,776843.2721791157,621474.6177432926,60557.10934514354,71.9094490762491,0.6065943513005364,0,2.0,1.25,0.0,0.0,837510.67,1.0,80.6,CRITICAL,BLOCK
555477.1992951575,1654609.5740490323,590204.4660970214,103440.3302424427,78.7002845819388,0.7914908447461075,0,4.0,2.803,1.862,1.687,0.0,0.011,16.2,LOW,ALLOW
448028.1547500873,1294675.2859405286,1041067.8344841537,557470.0708181785,74.30059664248948,0.9502098373723618,0,4.0,1.244,0.813,0.278,751890.77,1.0,70.9,HIGH,MODIFY
40247.47923261247,1226076.2607122688,980861.0085698151,274082.6447260984,92.89650477665484,0.6935962922010442,0,2.0,1.25,1.209,0.93,69114.87,0.37,10.5,LOW,ALLOW
443814.3504533524,997598.8001117056,555489.3768863915,712073.2900921665,89.55062048798258,0.9500525352282791,0,3.0,1.796,0.997,0.0,713778.22,1.0,73.7,HIGH,MODIFY
783632.4884956236,1594715.6665232286,250312.9782705212,77024.55445329077,43.95896376673315,0.845369412800734,0,3.0,6.371,3.24,2.933,0.0,0.125,29.0,LOW,ALLOW
966558.913837122,732532.7558473125,351065.98907006544,32288.150724720843,87.6031503098,0.6528474417678853,0,3.0,2.087,0.0,0.0,617380.3,0.339,65.1,HIGH,BLOCK
441227.5400237021,302030.29468204913,241624.2357456393,686594.4340346598,50.16586932306163,0.9655049269326712,1,3.0,1.25,0.0,0.0,1067415.92,1.0,94.3,CRITICAL,BLOCK
248327.27237355194,1526212.3023272692,383377.8890722386,618322.9710847617,53.7795435941527,0.8511544413554939,1,1.0,3.981,3.333,1.72,0.0,0.086,22.1,LOW,ALLOW
795441.1629294716,269813.35916411376,215850.68733129103,282865.52714225766,73.72877342031958,0.8273678879558399,0,1.0,1.25,0.0,0.0,1024344.02,1.0,77.5,HIGH,BLOCK
172191.6135591858,1294007.851508086,491388.8854498405,728717.533680247,53.96334283314657,0.6600066776329117,0,1.0,2.633,2.283,0.8,98290.18,0.5,30.9,LOW,MODIFY
854962.2893080027,619802.1789757535,495841.7431806028,378393.221310719,51.92558817301694,0.8343223757235965,0,4.0,1.25,0.0,0.0,1109395.07,1.0,86.6,CRITICAL,BLOCK
985070.012530851,534151.080909549,472942.4476025854,92779.62903978389,46.87333772252128,0.6101087658969768,0,1.0,1.129,0.0,0.0,1016641.01,1.0,89.7,CRITICAL,BLOCK
1032564.1773143805,270980.26399374363,216784.21119499492,448386.76473122725,49.60290822733994,0.8050005804062434,0,1.0,1.25,0.0,0.0,1426754.89,1.0,88.4,CRITICAL,BLOCK
234024.52930249632,743633.4331126891,636625.887550469,659601.2745635457,46.35385134734155,0.8245287238721195,0,2.0,1.168,0.8,0.0,786618.26,1.0,86.5,CRITICAL,MODIFY
875201.4664694847,777680.1951721245,622144.1561376996,556952.2631579466,45.55191065440961,0.9740493871206473,0,4.0,1.25,0.0,0.0,1276617.69,1.0,92.1,CRITICAL,BLOCK
1168821.0903232251,1080300.9859986762,864240.788798941,569219.8567390201,81.05058314234157,0.6269898368075536,0,1.0,1.25,0.0,0.0,1521980.75,1.0,81.3,CRITICAL,BLOCK
745872.9755657187,1186140.4823023337,910299.5483169429,710285.2195869543,86.7978262826874,0.7868621071675365,0,1.0,1.303,0.484,0.0,1180317.26,1.0,80.1,CRITICAL,MODIFY
447777.0107353495,1914833.7054120256,505720.4462571852,22252.756107745332,69.09247114151847,0.6998796995640001,0,4.0,3.786,2.901,2.857,0.0,0.052,15.7,LOW,ALLOW
436146.09570733167,824154.3930175345,659323.5144140277,687730.6619466471,67.09458710975503,0.6881765236656682,1,2.0,1.25,0.588,0.0,959045.88,1.0,86.1,CRITICAL,MODIFY
120458.18624097417,1356481.5499401933,1132920.5595234004,777935.8497427489,79.63843531844644,0.9808751960097067,0,4.0,1.197,1.091,0.404,674833.05,0.896,50.0,MEDIUM,MODIFY
484735.4831910068,1588675.0427662856,231576.3873838595,369325.2803248757,40.80619196129463,0.8315851112227055,0,4.0,6.86,4.767,3.172,0.0,0.06,27.0,LOW,ALLOW
269658.04823581816,446464.6725078437,357171.738006275,368970.0189785076,41.72741248530137,0.6421570309210858,0,1.0,1.25,0.495,0.0,549335.13,1.0,91.9,CRITICAL,MODIFY
790597.5884033876,1759966.042962139,238696.84614516905,447546.4428714287,51.6761430258243,0.6712162173116134,0,1.0,7.373,4.061,2.186,0.0,0.44,31.5,LOW,ALLOW
1059205.107301885,1600969.1393647804,545755.9934643962,433369.0803855033,71.04183234700193,0.6751521731390802,1,2.0,2.933,0.993,0.199,437361.04,1.0,74.0,HIGH,MODIFY
596536.1318881804,1517975.1486284097,1284984.9680810366,113712.51061319656,90.20416253411165,0.7267587732985641,0,2.0,1.181,0.717,0.629,477258.46,0.671,50.3,MEDIUM,MODIFY
386474.3187929244,807797.0216933647,520369.34853118256,696213.4189162832,52.48280359500767,0.9000254278971844,2,4.0,1.552,0.81,0.0,795260.06,1.0,98.0,CRITICAL,BLOCK
519755.01000713365,497167.70053590747,397734.160428726,434128.78251548833,93.62366353843595,0.8136436106791312,0,4.0,1.25,0.0,0.0,854450.25,1.0,76.7,HIGH,BLOCK
532381.1119293402,1450742.53844987,705112.6222662911,415105.46392918186,64.38441754016583,0.9504485471682971,0,4.0,2.057,1.302,0.714,201856.66,0.586,38.6,MEDIUM,MODIFY
55923.441249031064,1083968.8090987732,269254.31322949904,182387.96058684087,66.98473772139896,0.7346308045625832,0,4.0,4.026,3.818,3.141,0.0,0.072,6.8,LOW,ALLOW
133091.9449178925,1124094.0596419377,156575.6987212289,599437.3785033991,55.89193054981989,0.9117086999937426,0,2.0,7.179,6.329,2.501,0.0,0.363,26.1,LOW,ALLOW
96503.07508367964,1465485.5838614726,1172388.467089178,431211.950666959,46.977502025788056,0.7196971359164794,2,2.0,1.25,1.168,0.8,234617.91,0.5,41.9,MEDIUM,BLOCK
406088.5792718618,1547328.3152804987,179882.6259124058,271828.1430558995,77.2049608521699,0.747842698311996,0,3.0,8.602,6.344,4.833,0.0,0.026,10.5,LOW,ALLOW
1165438.6023155944,1864818.836217585,1423165.1499975068,793334.1218917018,69.49008010083843,0.6349068925944645,0,1.0,1.31,0.491,0.0,1517119.04,1.0,84.3,CRITICAL,MODIFY
1018643.5151417325,766569.6122158885,613255.6897727108,283337.8533993195,64.20601418977847,0.7653566274879743,0,1.0,1.25,0.0,0.0,1148667.45,1.0,81.5,CRITICAL,BLOCK
631964.61676005,469704.4709446294,375763.57675570354,639889.4464197453,67.82301943390614,0.7041517095858284,0,1.0,1.25,0.0,0.0,1177913.17,1.0,84.9,CRITICAL,BLOCK
965476.6179406244,1578714.7969084778,1154055.2346228603,312463.0915990026,71.29224093760169,0.8086809282256938,0,1.0,1.368,0.531,0.261,853280.15,1.0,75.3,HIGH,MODIFY
1176009.9474347548,1422524.363814038,758824.9719067863,468381.5729241293,55.25962762335854,0.9045480562693851,0,1.0,1.875,0.325,0.0,980692.13,1.0,82.2,CRITICAL,MODIFY
92863.49285305518,849280.4054890823,679424.3243912659,329490.6068058501,80.8972305704096,0.7012524517915523,2,1.0,1.25,1.113,0.628,252498.02,0.672,42.3,MEDIUM,BLOCK
234695.13034232,1331056.3776893886,908663.4395063947,596404.0992331976,67.95781087103612,0.7807252528759181,0,4.0,1.465,1.207,0.55,408706.29,0.75,42.7,MEDIUM,MODIFY
695917.9320864897,1226742.4538381044,981393.9630704835,701018.3197845466,47.32270147642474,0.916407408123348,0,3.0,1.25,0.541,0.0,1151587.76,1.0,86.0,CRITICAL,MODIFY
359483.5779401952,896956.3273336304,717565.0618669044,668245.4829486818,97.87732411750292,0.893113511291986,0,3.0,1.25,0.749,0.0,848337.8,1.0,76.9,HIGH,MODIFY
1161002.626823315,817030.907447643,653624.7259581145,89796.78997341401,97.04377046885256,0.8895695106439852,3,1.0,1.25,0.0,0.0,1087393.24,1.0,91.7,CRITICAL,BLOCK
798094.1543873813,687623.8059316527,550099.0447453222,227652.95921038184,84.32443626088299,0.8281794852898164,0,1.0,1.25,0.0,0.0,888222.35,1.0,82.7,CRITICAL,BLOCK
512849.4954959489,1191445.0512104877,953156.0409683902,727557.460858124,70.34883438614253,0.7897012065365049,0,1.0,1.25,0.712,0.0,1002117.95,1.0,79.6,HIGH,MODIFY
133093.40796832315,1037221.9532812701,829777.5626250161,546470.4675203728,76.75478701851011,0.8481406010380695,0,4.0,1.25,1.09,0.431,472119.48,0.869,53.1,MEDIUM,MODIFY
1025292.9253371013,707314.985705554,565851.9885644432,138984.17726465056,81.63122246839545,0.8484689254361771,2,2.0,1.25,0.0,0.0,1022814.11,1.0,88.6,CRITICAL,BLOCK
978151.7305329868,469552.99092021456,375642.39273617166,433457.4413418364,77.75449741320892,0.7885233658246917,0,4.0,1.25,0.0,0.0,1317698.57,1.0,85.8,CRITICAL,BLOCK
670206.0829727818,1385182.8760318223,924600.7069296216,527635.8020789544,42.84839120641301,0.6540232321744921,2,4.0,1.498,0.773,0.203,737259.72,1.0,90.8,CRITICAL,BLOCK
108517.25076560011,1479755.5807995468,279406.01533440704,414122.0304987885,47.663784385683805,0.8842163455805914,3,4.0,5.296,4.908,3.426,0.0,0.144,33.4,LOW,BLOCK
868624.1369981344,1270131.5961753682,248528.83524213696,1623.2519605233974,82.9355593698815,0.6471202771755865,3,1.0,5.111,1.616,1.609,0.0,0.223,46.2,MEDIUM,BLOCK
1161725.6654996767,887284.4329671201,709827.5463736961,799486.7895992015,90.51926031548828,0.6940358018393572,1,4.0,1.25,0.0,0.0,1783755.57,1.0,81.7,CRITICAL,BLOCK
1102792.08021218,1516618.0549666546,557664.4340810907,170308.5598922927,83.16848286231347,0.9001509452722988,0,3.0,2.72,0.742,0.437,314147.02,0.863,59.2,MEDIUM,MODIFY
812881.7909818217,1069134.868285648,544729.0052132055,777030.6571007312,69.2390423271878,0.6018454270216627,0,1.0,1.963,0.47,0.0,1065506.59,1.0,83.4,CRITICAL,MODIFY
196620.7117065038,510647.3639741669,408517.89117933356,600771.4727509106,82.89735342921892,0.8164215988147393,0,2.0,1.25,0.769,0.0,695262.71,1.0,80.7,CRITICAL,MODIFY
741260.6172027325,1229152.2528891303,940500.5107189998,532675.3759733812,64.30414959008067,0.6076161912670507,0,3.0,1.307,0.519,0.0,985284.25,1.0,84.1,CRITICAL,MODIFY
556655.3125171437,1227963.5739613844,982370.8591691075,327893.75369214325,63.74815112889452,0.9218569541779773,0,1.0,1.25,0.683,0.35,638956.35,0.95,73.0,HIGH,MODIFY
974783.7071321988,1970938.9763930063,753474.2669237274,389934.52501408523,85.82601244438791,0.8058146071157628,0,4.0,2.616,1.322,0.805,147253.52,0.495,30.1,LOW,MODIFY
603465.4822398175,1244073.049758622,371698.8481535689,672522.0250754069,84.39518619829242,0.6136979389380605,3,2.0,3.347,1.723,0.0,403613.31,1.0,81.7,CRITICAL,BLOCK
527880.9005404442,478191.00328010134,382552.8026240811,578029.0800599362,71.90867178868672,0.9374404253039712,2,2.0,1.25,0.0,0.0,1010271.78,1.0,92.6,CRITICAL,BLOCK
811105.1750000087,1734359.832514744,1227898.5316800775,215217.1600584632,60.078514794283265,0.7234982098060868,0,4.0,1.412,0.752,0.577,519861.03,0.723,58.2,MEDIUM,MODIFY
200590.0292661241,361662.05847371684,289329.64677897346,82370.29580324027,98.87820376882533,0.7058640449075448,0,3.0,1.25,0.557,0.272,210627.91,1.0,63.5,HIGH,MODIFY
82602.04718428929,1576485.5417480944,1168974.6596021457,349970.64456324925,50.59352267857576,0.8384679849949568,3,1.0,1.349,1.278,0.979,25061.81,0.321,32.6,LOW,BLOCK
274989.8700223214,1867529.242248763,1435803.1488840051,8087.281058953,93.72070858053182,0.8959852417027425,3,4.0,1.301,1.109,1.104,0.0,0.113,30.6,LOW,BLOCK
417967.18980743736,803020.5082578545,642416.4066062836,517836.8934898706,56.03401394511814,0.7558877068788286,0,1.0,1.25,0.599,0.0,775199.98,1.0,81.6,CRITICAL,MODIFY
693959.4991976772,560190.2072723049,448152.165817844,786755.5381341169,43.64907757555835,0.9114358501857724,1,2.0,1.25,0.0,0.0,1368677.0,1.0,89.5,CRITICAL,BLOCK
241005.82139077465,934750.3444616677,747800.2755693342,394053.55116412346,53.602341434425576,0.9872346703005588,0,3.0,1.25,0.928,0.401,448109.3,0.899,71.4,HIGH,MODIFY
563770.1476840472,1903643.3412686037,851507.8951543946,716167.6215322204,89.14107503322383,0.9173398180712409,0,2.0,2.236,1.574,0.732,227802.32,0.568,24.8,LOW,MODIFY
973796.5807543626,574215.7681555508,197715.81675600098,573968.5980769102,88.64857578458299,0.886006142218372,1,1.0,2.904,0.0,0.0,1171265.23,1.0,81.0,CRITICAL,BLOCK
253252.6164818232,651769.9486321965,521415.95890575723,356616.69976198993,55.75877122322699,0.6745240818035335,2,2.0,1.25,0.764,0.08,479515.33,1.0,95.0,CRITICAL,BLOCK
260545.11870977608,1167331.0756461876,933864.8605169501,224744.60820635754,63.518796670752934,0.8987569936187849,0,3.0,1.25,0.971,0.73,251823.51,0.57,51.9,MEDIUM,MODIFY
563040.6116005288,1326686.370815761,167065.77214349777,351910.53212301515,74.95406626837047,0.9123692489954605,0,3.0,7.941,4.571,2.465,0.0,0.426,28.1,LOW,ALLOW
468914.4452886356,1909059.601707307,921345.2293670094,13250.016532215002,97.6573653481926,0.8448551011875526,0,3.0,2.072,1.563,1.549,0.0,0.046,13.4,LOW,ALLOW
839106.6511114049,372546.34992605704,298037.07994084567,633240.2719405761,67.35047854202031,0.8607997164231789,0,1.0,1.25,0.0,0.0,1397837.65,1.0,81.0,CRITICAL,BLOCK
780754.6262738793,1332630.171500399,757907.9800665055,792648.8695638864,75.54955255457693,0.803733949783702,0,2.0,1.758,0.728,0.0,998681.3,1.0,81.3,CRITICAL,MODIFY
272928.61683550477,1344186.6162793336,922424.2456355825,365451.36340623576,93.70052634048565,0.7828121510620792,2,2.0,1.457,1.161,0.765,216617.61,0.535,39.1,MEDIUM,BLOCK
122577.69299072653,870130.0072755147,471330.3850794147,407847.37094718765,84.69609431414003,0.9214671916733319,0,3.0,1.846,1.586,0.721,131625.44,0.579,31.0,LOW,MODIFY
162042.46293477667,1425683.6044259854,1132103.7057064632,9346.666312948226,65.71880148820348,0.942010867115026,1,4.0,1.259,1.116,1.108,0.0,0.096,28.9,LOW,ALLOW
598112.6313424545,1023936.7663985281,819149.4131188225,376824.9994136113,91.37911823818635,0.9232468906910278,0,4.0,1.25,0.52,0.06,770150.28,1.0,73.1,HIGH,MODIFY
1069787.2522439708,845074.7914872038,676059.8331897631,775.7379478868564,71.13649188549813,0.6722274132897229,0,4.0,1.25,0.0,0.0,901548.03,0.314,66.7,HIGH,BLOCK
1089977.7406873961,1218763.1425773385,690595.3401827674,353412.96371791593,52.147995544917116,0.8638991061185093,0,3.0,1.765,0.186,0.0,915222.9,1.0,91.7,CRITICAL,MODIFY
679829.8209455678,720254.6716705025,421434.52205544297,256308.07154104245,83.90183532889039,0.761755675012578,0,3.0,1.709,0.096,0.0,637317.74,1.0,77.1,HIGH,MODIFY
73754.6877417285,1124385.8462801618,443220.5784489986,590664.6660099771,45.37134771739178,0.8582527687186288,1,4.0,2.537,2.37,1.038,0.0,0.141,27.7,LOW,ALLOW
427599.5755615693,1429213.3386226674,1143370.670898134,312417.24286563235,86.88903900393137,0.6799062266255052,1,2.0,1.25,0.876,0.603,454174.15,0.697,51.9,MEDIUM,MODIFY
328803.04129044345,713145.8509908877,570516.6807927102,171061.66242593233,97.80162301550358,0.7661729641283854,0,1.0,1.25,0.674,0.374,357235.53,0.926,61.3,HIGH,MODIFY
522641.75222540763,218677.74087380356,174942.19269904285,575997.9782711648,82.90816115849775,0.8916380553135455,0,2.0,1.25,0.0,0.0,1054904.18,1.0,78.8,HIGH,BLOCK
673568.3798418649,1559818.647839824,1194291.7483886445,456815.77103108016,80.7601789285573,0.8591446881958926,0,3.0,1.306,0.742,0.36,764857.25,0.94,66.7,HIGH,MODIFY
79352.73540319125,1071818.9283094956,731506.4092963577,652872.44687295,79.58282275773081,0.8337933458920772,0,4.0,1.465,1.357,0.464,391912.66,0.836,42.3,MEDIUM,MODIFY
27229.972778419466,1349301.108041828,904956.638403588,280055.5989219376,68.95970207498945,0.6963006751176062,0,4.0,1.491,1.461,1.151,0.0,0.144,15.3,LOW,ALLOW
1152877.7820807027,1088763.6067494387,438100.85825398046,187047.41322733095,65.98831689595205,0.8141499020461098,0,3.0,2.485,0.0,0.0,689262.45,1.0,81.1,CRITICAL,BLOCK
114572.11627229826,986137.6972540237,788910.157803219,153105.9887558344,71.99689870426064,0.9486323097955267,1,4.0,1.25,1.105,0.911,70450.57,0.389,26.6,LOW,MODIFY
1172230.6684376453,1556572.854306866,828316.7516375018,218751.13395161377,88.10200441313799,0.7383564722308849,0,4.0,1.879,0.464,0.2,662725.7,1.0,71.1,HIGH,MODIFY
898818.6717391792,1106055.047162162,683346.3442545575,46206.272541266546,54.14487536743022,0.7994865574361665,0,4.0,1.619,0.303,0.236,522316.24,0.284,58.4,MEDIUM,MODIFY
717888.9116843953,844988.7398782637,675990.991902611,141443.28830686765,46.61378081897807,0.919896615816861,0,4.0,1.25,0.188,0.0,690334.45,1.0,88.2,CRITICAL,MODIFY
1042659.8695613907,1182622.941441926,432928.8851146294,335686.0317104922,57.15350620838916,0.7665949637462928,2,1.0,2.732,0.323,0.0,628651.84,1.0,94.1,CRITICAL,BLOCK
884239.8130719906,994332.9848138123,770400.4111209662,466271.13296106854,78.76733229874802,0.9437229070957619,0,2.0,1.291,0.143,0.0,1126578.37,1.0,84.5,CRITICAL,MODIFY
427865.9231661742,929108.7750923227,572563.08698428,630921.0920856912,81.89947814985959,0.8772732465059736,1,1.0,1.623,0.875,0.0,702241.33,1.0,80.8,CRITICAL,MODIFY
165916.35454937798,598899.6162022883,442511.2717098686,435046.4368819228,82.16427808398186,0.8579879880430262,0,2.0,1.353,0.978,0.0,444574.45,1.0,75.8,HIGH,MODIFY
209146.82632300205,200582.67995384484,160466.14396307588,270988.7849414609,90.4204312148191,0.6752789214106588,0,1.0,1.25,0.0,0.0,440019.08,1.0,74.4,HIGH,BLOCK
467872.62536385347,1840197.1703366074,904564.3748639424,731464.7653941845,87.69675205160951,0.8331175933415398,0,1.0,2.034,1.517,0.708,263704.6,0.592,28.3,LOW,MODIFY
1053733.7512815562,1611938.5190549644,654464.2828318905,268834.35321339447,73.95962099431786,0.8620187519271805,1,2.0,2.463,0.853,0.442,365093.87,0.858,67.9,HIGH,MODIFY
525388.3953094073,1158058.6194130774,260003.2909009571,528211.43563065,44.53137186541112,0.603036860519234,0,3.0,4.454,2.433,0.402,155544.5,0.898,59.9,MEDIUM,MODIFY
903944.1503162471,1731241.599971156,1104632.6832470582,758180.0219908572,90.12700348311273,0.9537971816137543,2,3.0,1.567,0.749,0.063,1035515.26,1.0,87.0,CRITICAL,BLOCK
271803.8572145066,350712.8438104453,280570.2750483562,650224.3348389696,44.379320673510165,0.6759381740464637,0,2.0,1.25,0.281,0.0,851885.62,1.0,88.9,CRITICAL,MODIFY
544269.3519094218,827761.8117156799,358574.353658183,432721.03671374946,62.93093131159368,0.6414245505380212,0,2.0,2.308,0.791,0.0,507802.93,1.0,85.4,CRITICAL,MODIFY
1193666.0232552313,1369399.7756629793,1095519.8205303836,473527.1990099008,88.97986081142201,0.9678450827199108,0,4.0,1.25,0.16,0.0,1393313.27,1.0,78.5,HIGH,MODIFY
999440.2417945262,412183.3935220625,329746.71481765003,50777.9094102526,44.830258571012514,0.6473611344413304,1,2.0,1.25,0.0,0.0,967781.47,1.0,97.1,CRITICAL,BLOCK
80551.87349550777,1295660.990976522,449230.2035104523,259636.89897762076,74.43927413682775,0.8907605871417201,1,2.0,2.884,2.705,2.127,0.0,0.009,13.8,LOW,ALLOW
415603.9283725556,1623283.1173545127,1251592.060139123,344379.8455892295,78.82821865054902,0.7969091485696614,0,1.0,1.297,0.965,0.69,388292.72,0.61,47.6,MEDIUM,MODIFY
661611.7908626697,1227296.9795246273,696157.8187438863,773509.2180264428,61.19930194928982,0.7340741698717933,0,2.0,1.763,0.813,0.0,903981.85,1.0,81.3,CRITICAL,MODIFY
1052966.9072026554,1653091.4063209714,1283776.9929869215,561175.3945075078,80.81572365805434,0.794829636989119,0,1.0,1.288,0.467,0.03,1244827.89,1.0,81.1,CRITICAL,MODIFY
397563.1065197168,624954.407600427,499963.52608034166,224391.55915998886,91.64161204391284,0.6116364749512709,0,3.0,1.25,0.455,0.006,496963.78,1.0,78.1,HIGH,MODIFY
673427.2064441583,812864.5011564683,650291.6009251747,547405.604232774,77.62301043597266,0.9566754986711239,0,1.0,1.25,0.214,0.0,1058259.91,1.0,80.5,CRITICAL,MODIFY
180259.45597540686,1969043.6236077792,255534.94663399662,494930.21165087965,40.94849591054765,0.8419162319603847,0,4.0,7.706,7.0,5.063,0.0,0.136,20.1,LOW,ALLOW
474735.9513471681,717778.5830009792,574222.8664007833,68460.2432139946,75.43364314421194,0.7347046312402779,0,4.0,1.25,0.423,0.304,399640.48,0.996,70.4,HIGH,MODIFY
1187181.9110159338,1334026.5506620526,316674.75949010125,537836.8539345252,62.14416626481774,0.802313531300916,0,1.0,4.213,0.464,0.0,707666.97,1.0,83.5,CRITICAL,MODIFY
110914.79982392507,1651948.5444037814,1442375.0901513847,606843.9745320658,62.82982769674977,0.8998039377515952,0,4.0,1.145,1.068,0.648,508185.32,0.652,40.6,MEDIUM,MODIFY
662586.0482264329,1654244.6426616039,690027.8481302746,733991.6147668754,98.87739150509185,0.8632978457294036,0,1.0,2.397,1.437,0.373,432360.87,0.927,47.4,MEDIUM,MODIFY
594375.0034839575,483322.3664055529,386657.8931244423,547052.623601868,42.64350768424636,0.6245331409556412,0,4.0,1.25,0.0,0.0,1044763.15,1.0,90.2,CRITICAL,BLOCK
251664.0929493404,466326.4072859997,392070.4327328678,121097.2448681061,88.84042089300992,0.7522085460584276,0,3.0,1.189,0.548,0.239,298505.36,1.0,71.2,HIGH,MODIFY
1055498.4043866205,1314742.1103419336,960274.6172036718,362092.960952239,46.37202889737461,0.972758078509552,0,2.0,1.369,0.27,0.0,1063123.87,1.0,85.8,CRITICAL,MODIFY
247069.53908037423,1517871.7346099713,457343.4579828249,70125.2948547471,82.42052994685318,0.8008638526212878,0,4.0,3.319,2.779,2.625,0.0,0.002,9.4,LOW,ALLOW
298218.4737012787,613883.9656016155,491107.1724812924,101500.30091763371,82.35187945481658,0.6481960261805744,0,2.0,1.25,0.643,0.436,276941.98,0.864,64.9,HIGH,MODIFY
279202.742452842,1849550.9301473019,1350292.9639416179,87202.28548544871,88.04874483013644,0.9544216279861049,0,1.0,1.37,1.163,1.098,0.0,0.042,20.2,LOW,ALLOW
962426.8579569593,600401.9489692936,480321.55917543493,157467.58390017695,89.72698843833307,0.78157475316242,1,2.0,1.25,0.0,0.0,999814.05,1.0,83.5,CRITICAL,BLOCK
146561.12803690185,1561384.9063773267,280502.97277241835,744448.0748826484,48.68907349152174,0.6361645178097054,0,1.0,5.566,5.044,2.39,0.0,0.075,21.0,LOW,ALLOW
1168374.6552914074,471086.85337549186,376869.48270039354,275042.90934431256,67.32668248295619,0.901219191852624,1,4.0,1.25,0.0,0.0,1349200.19,1.0,91.5,CRITICAL,BLOCK
1167160.4825248308,850919.402443488,680735.5219547905,621041.512156487,91.38564828383042,0.9380682938525353,0,3.0,1.25,0.0,0.0,1618018.11,1.0,77.3,HIGH,BLOCK
1190647.2369123143,458670.95255672187,366936.7620453775,659172.0022348538,48.79653209864695,0.721218393856412,1,2.0,1.25,0.0,0.0,1758085.05,1.0,93.4,CRITICAL,BLOCK
1164296.731624008,410159.19090580323,328127.3527246426,543650.6662195843,84.67639636998926,0.8158800504345036,0,2.0,1.25,0.0,0.0,1625915.56,1.0,77.5,HIGH,BLOCK
617833.45635979,1197234.0697436784,861810.9367938986,377381.65950082435,40.419805595529624,0.7021783574084824,0,4.0,1.389,0.672,0.234,659791.98,1.0,81.0,CRITICAL,MODIFY
659718.5303579567,279669.4201089324,223735.53608714594,396115.1260091548,58.93622139617342,0.8715557180556677,0,1.0,1.25,0.0,0.0,999899.77,1.0,86.1,CRITICAL,BLOCK
95983.69601351825,1326383.784791443,573098.0189909765,673603.1283232622,52.69373990066483,0.9554092428245404,0,2.0,2.314,2.147,0.972,16301.06,0.328,18.1,LOW,ALLOW
582109.9761967545,371507.21238553966,297205.76990843174,236427.40673942768,93.01019677887483,0.6320578111723109,1,3.0,1.25,0.0,0.0,744235.94,1.0,79.1,HIGH,BLOCK
107127.24424944745,419206.160511117,335364.92840889364,737580.3726086371,60.972847971304205,0.8304436087421844,1,4.0,1.25,0.931,0.0,760866.38,1.0,92.0,CRITICAL,MODIFY
253642.6089264818,1030449.4661197014,516148.26476293936,55302.02743505939,86.94610106294965,0.9315794997419544,0,1.0,1.996,1.505,1.398,0.0,0.103,15.6,LOW,ALLOW
700947.8072827747,637470.0724847256,523447.04687902954,360738.88638393674,76.7110537253024,0.9283801151808575,0,1.0,1.218,0.0,0.0,947663.67,1.0,78.1,HIGH,BLOCK
723583.8981020298,607315.9063613941,485852.7250891153,291437.2607403572,81.97492049650498,0.8733962125243133,1,4.0,1.25,0.0,0.0,893557.98,1.0,86.1,CRITICAL,BLOCK
1119783.851255726,1142287.271558188,274632.39417317405,409388.3002011234,43.16755356590283,0.8771163316699143,2,2.0,4.159,0.082,0.0,661517.27,1.0,96.1,CRITICAL,BLOCK
268646.9546187667,476203.49748770834,380962.7979901667,349683.95219821116,94.1803908493805,0.8008379389327004,0,3.0,1.25,0.545,0.0,523090.21,1.0,76.8,HIGH,MODIFY
200611.96125433713,1855685.1012943757,439421.5152312711,148973.37692446567,91.3856787273499,0.7253822735918691,0,4.0,4.223,3.766,3.427,0.0,0.002,2.0,LOW,ALLOW
1055270.4960702946,1965008.8039186161,1137978.3762353002,702311.8192143898,70.99626445682536,0.9110467648101874,0,3.0,1.727,0.799,0.182,930551.89,1.0,75.4,HIGH,MODIFY
31418.564716013367,1093465.1632644904,158609.87543841824,322151.4605581517,64.25667630671016,0.9892266757263679,1,4.0,6.894,6.696,4.665,0.0,0.002,14.5,LOW,ALLOW
1027220.7074689824,1932239.0682301484,337987.22377995553,439699.42839443625,49.12465132838954,0.9375278689500016,0,2.0,5.717,2.678,1.377,0.0,0.236,36.0,MEDIUM,ALLOW
1150480.3336355842,1741516.9723793978,710706.442356376,132026.4308497986,72.78022289736595,0.7020197608873058,0,4.0,2.45,0.832,0.646,251696.23,0.654,45.7,MEDIUM,MODIFY
23201.16340003385,1277654.1454403314,416707.8457635503,239491.47893144208,85.97561057097494,0.8511003214763813,3,4.0,3.066,3.01,2.436,0.0,0.085,19.4,LOW,BLOCK
482540.18030039396,924133.36725232,739306.6938018561,709955.4495404012,72.04175456454273,0.9855294562900745,0,2.0,1.25,0.597,0.0,1007668.96,1.0,80.5,CRITICAL,MODIFY
1055154.9275934896,1660470.4492435423,524108.3166053544,449937.30241997447,46.63544343433241,0.803133351032073,0,4.0,3.168,1.155,0.296,368730.1,1.0,70.9,HIGH,MODIFY
1048772.6301153777,670498.9055273538,309774.8126035222,599489.1836347517,67.59327012957995,0.8660616410110579,0,1.0,2.164,0.0,0.0,1287537.72,1.0,80.8,CRITICAL,BLOCK
310380.12560340523,1888340.7146181504,1215534.206166546,759752.4018825721,45.596000797351024,0.8688259960725917,1,3.0,1.554,1.298,0.673,397326.02,0.627,48.5,MEDIUM,MODIFY
303625.283945891,664416.1514971838,248889.52218441316,459046.63058939885,51.64268040927029,0.6407165009628517,1,4.0,2.67,1.45,0.0,347145.29,1.0,78.3,HIGH,MODIFY
591744.7644151852,805617.0004394725,644493.6003515781,368972.78682988713,70.6603382457039,0.7857339681712183,0,2.0,1.25,0.332,0.0,799594.15,1.0,81.3,CRITICAL,MODIFY
377232.10466105945,329424.6880375859,263539.7504300687,388421.0184624115,98.90676576004402,0.6284597615009654,0,1.0,1.25,0.0,0.0,699768.19,1.0,76.5,HIGH,BLOCK
238466.44735765422,1615921.1403466754,1304203.1755736049,486244.4913800484,40.76617763262267,0.9164503759972998,1,1.0,1.239,1.056,0.683,412992.97,0.617,53.0,MEDIUM,MODIFY
735649.5746705835,369158.3539172454,260696.68607655296,267449.82187717105,71.01569924543816,0.6000868152830667,0,2.0,1.416,0.0,0.0,894637.73,1.0,81.8,CRITICAL,BLOCK
321242.7288402557,1313254.2601325433,1173489.9230352845,468020.86593931244,40.75321007620411,0.6009889577847916,1,4.0,1.119,0.845,0.447,649499.26,0.853,74.7,HIGH,MODIFY
758320.2729904411,1290080.173562368,571019.3301214399,640585.4741255862,75.5644175981769,0.9727308293054205,0,4.0,2.259,0.931,0.0,679844.9,1.0,74.4,HIGH,MODIFY
1126941.4393680696,248170.19914505328,198536.15931604264,304712.04794520093,79.31209653346852,0.7509707519882569,0,1.0,1.25,0.0,0.0,1382019.45,1.0,80.6,CRITICAL,BLOCK
240469.15371047237,281098.12916617305,224878.50333293845,144963.41009347676,58.02760624289168,0.8631044340703331,0,4.0,1.25,0.181,0.0,329212.94,1.0,85.9,CRITICAL,MODIFY
442055.73922645557,484816.73309541674,387853.3864763334,787343.0160818842,46.10994054533399,0.9292575606974913,0,3.0,1.25,0.11,0.0,1132435.41,1.0,91.0,CRITICAL,MODIFY
591782.277864345,551844.6570822629,441475.72566581034,5690.4084595738705,46.822259584040495,0.730900698603833,0,1.0,1.25,0.0,0.0,487103.75,0.45,77.1,HIGH,BLOCK
1005664.7086259477,1325630.7054689082,396897.8333153765,330967.0329368254,88.21222080303949,0.8286330495429345,0,4.0,3.34,0.806,0.0,407898.87,1.0,74.7,HIGH,MODIFY
509920.1811674715,1761470.785390822,1077000.6503380905,50269.21650727623,94.74594084631707,0.8042607400102819,0,4.0,1.636,1.162,1.115,0.0,0.03,19.2,LOW,ALLOW
983251.2268820007,1942807.773217029,1313689.783740319,664473.8590190505,57.30723693167686,0.6828898736839603,0,2.0,1.479,0.73,0.225,1018607.1,1.0,80.7,CRITICAL,MODIFY
210177.3064239903,688775.4201194237,551020.3360955389,160611.64826381626,68.9101317326813,0.9274662754847847,0,3.0,1.25,0.869,0.577,233033.87,0.723,58.7,MEDIUM,MODIFY
626708.6861945338,1637293.1128360927,1142725.0452485033,524658.1181372199,62.84751359906525,0.8414179925704028,1,3.0,1.433,0.884,0.425,656798.74,0.875,68.6,HIGH,MODIFY
1025865.8333688183,1656467.3329062616,472128.09861714323,725699.5216175412,90.94852788644478,0.852632047415307,1,2.0,3.509,1.336,0.0,567226.12,1.0,70.8,HIGH,MODIFY
724613.7873118343,634407.560503709,507526.0484029672,4448.107237566656,82.77352760062162,0.8648981670616742,1,4.0,1.25,0.0,0.0,602180.38,0.294,67.7,HIGH,BLOCK
534702.2668840596,798979.0870215943,186430.5028317984,651793.2733857491,56.49980537357905,0.9380908446559393,0,4.0,4.286,1.418,0.0,573946.96,1.0,78.5,HIGH,MODIFY
645076.7643938169,1157772.3442661907,418274.2411992412,739930.286424837,74.24040767640506,0.6727465777205681,0,2.0,2.768,1.226,0.0,645508.95,1.0,73.4,HIGH,MODIFY
838986.6505814788,1956832.17594474,858563.2462644142,221357.01663149847,86.0673877054554,0.7851402432199588,0,1.0,2.279,1.302,1.044,0.0,0.145,21.2,LOW,ALLOW
383929.02249841474,1471742.9612846829,1281881.8814275714,36711.64990762223,83.54757771559412,0.655049415595594,0,2.0,1.148,0.849,0.82,230779.59,0.13,32.6,LOW,MODIFY
1110185.0728656063,570755.8137458842,456604.6509967074,373823.280818061,78.2154095112937,0.7039263705145284,3,4.0,1.25,0.0,0.0,1369857.19,1.0,90.6,CRITICAL,BLOCK
409452.4586768149,1314796.0517865915,507016.02883987216,117309.28291415914,43.16745851050333,0.9724215805946537,0,1.0,2.593,1.786,1.554,0.0,0.008,24.3,LOW,ALLOW
966990.8864397608,1080619.4632141227,210642.85637413914,88140.00893867941,91.55729285764056,0.7278801896038951,0,3.0,5.13,0.539,0.121,185154.29,1.0,70.7,HIGH,MODIFY
626859.8614157111,1218406.648493749,783599.0900020986,796675.9695771873,90.91948302266806,0.6084738985938974,0,3.0,1.555,0.755,0.0,988728.27,1.0,75.8,HIGH,MODIFY
849919.2671202989,1751979.8426295917,651126.4537569039,378446.74305978365,74.81248439410355,0.9334550731118281,0,3.0,2.691,1.385,0.804,127512.62,0.496,36.0,MEDIUM,MODIFY
231018.08946599314,1435264.3410128525,703357.4092596831,373873.7406074602,82.84575091157684,0.9356797878881125,0,4.0,2.041,1.712,1.181,0.0,0.113,20.1,LOW,ALLOW
200305.4874663049,1424360.1254835664,311662.6711260046,145866.72925445673,92.09972625529757,0.7556594596784696,0,2.0,4.57,3.927,3.459,0.0,0.085,2.9,LOW,ALLOW
710017.136707094,656396.496706068,525117.1973648545,772314.049587225,96.63725426538386,0.6399570762586165,1,2.0,1.25,0.0,0.0,1351051.89,1.0,82.7,CRITICAL,BLOCK
20688.05424879982,940206.6594609122,825740.7065626774,733333.1209029172,69.79643310555507,0.9818923898381444,0,1.0,1.139,1.114,0.225,639555.22,1.0,55.7,MEDIUM,MODIFY
442404.5750628084,1556903.9443733725,1290780.048933572,709158.1525204328,88.30152210750902,0.7042579701239122,0,4.0,1.206,0.863,0.314,885438.83,0.986,67.1,HIGH,MODIFY
641780.6015133393,1425314.6392246874,556877.4595547174,215123.6922281403,97.17012864038634,0.9141569399397501,0,3.0,2.559,1.407,1.021,0.0,0.339,25.4,LOW,ALLOW
18614.25692507811,1387881.470565102,1081634.8952489425,232843.20162320675,55.47688800537045,0.6504255217082162,0,1.0,1.283,1.266,1.051,0.0,0.092,18.4,LOW,ALLOW
474052.7953674678,640744.632671395,512595.706137116,788822.5153465797,54.496565056011605,0.9698070234228355,0,3.0,1.25,0.325,0.0,1134726.38,1.0,88.1,CRITICAL,MODIFY
327909.9616231129,680563.985606265,502474.8030431103,33316.818182622665,73.15612584263349,0.8232890248402209,0,2.0,1.354,0.702,0.636,183137.6,0.004,40.7,MEDIUM,MODIFY
74361.23250272512,961985.9644380569,769588.7715504456,594573.7323856534,49.378265546237195,0.9250279625185694,0,2.0,1.25,1.153,0.381,476537.77,0.919,56.4,MEDIUM,MODIFY
270544.38654619176,1320411.1481008662,664481.4902124957,767515.7940411401,88.52873462140889,0.6644016632065121,0,4.0,1.987,1.58,0.425,382130.52,0.875,44.6,MEDIUM,MODIFY
955871.6838917834,1645842.5882145409,521490.9824496299,48097.108628216745,50.620033251303596,0.7805353699721943,2,1.0,3.156,1.323,1.231,0.0,0.235,51.4,MEDIUM,BLOCK
1171906.7109111596,843108.6852178224,276114.2984321367,261086.35666596386,41.2975073474658,0.6499289090051232,0,2.0,3.053,0.0,0.0,865998.68,1.0,92.5,CRITICAL,BLOCK
625442.8395652402,1447162.1195806726,669087.7591068182,646198.1827531196,43.27252380368434,0.8060547457713607,0,1.0,2.163,1.228,0.262,493566.66,1.0,73.6,HIGH,MODIFY
363812.85377977137,300648.33638949814,240518.66911159852,230307.98261652325,66.44896007205067,0.9569361355999118,0,4.0,1.25,0.0,0.0,533991.17,1.0,86.4,CRITICAL,BLOCK
900678.291685354,1256443.016681279,859337.5520451545,216716.19910614303,82.28471476913231,0.8488530532655458,0,1.0,1.462,0.414,0.162,720289.03,1.0,73.3,HIGH,MODIFY
817404.6065172161,482265.27627434663,346208.5299969454,611751.0051442375,91.3500471424081,0.7702704081937751,0,2.0,1.393,0.0,0.0,1293098.87,1.0,79.4,HIGH,BLOCK
1046279.0402857991,377239.8822605453,301791.9058084362,292103.75932765764,67.55523735618671,0.7633330585201237,0,1.0,1.25,0.0,0.0,1262934.82,1.0,82.3,CRITICAL,BLOCK
620829.396899647,273833.626796462,222410.77136070514,460150.01191629114,82.9479187866782,0.9324328603142643,0,3.0,1.231,0.0,0.0,1029556.55,1.0,77.6,HIGH,BLOCK
412915.1621291236,897825.103893618,718260.0831148945,659645.7344806634,84.97021453347877,0.7998745146112035,0,1.0,1.25,0.675,0.0,892995.88,1.0,80.4,CRITICAL,MODIFY
494594.0388522745,445214.5306612009,356171.62452896073,232384.65810460484,54.00229835606777,0.7296501079979334,0,4.0,1.25,0.0,0.0,637935.79,1.0,87.0,CRITICAL,BLOCK
961908.7879402346,1610937.7282420858,961801.4174847923,747324.4918008451,61.72777050581291,0.72973009242295,0,1.0,1.675,0.675,0.0,1060096.97,1.0,84.7,CRITICAL,MODIFY
933397.3660497748,1395284.9021150032,752959.5482510554,240020.0632037408,85.29071037728706,0.7762901368346684,0,4.0,1.853,0.613,0.295,531092.08,1.0,66.5,HIGH,MODIFY
852566.863967416,523855.3931257661,419084.3145006129,100952.82326236425,70.34454924907732,0.6578700578368835,0,2.0,1.25,0.0,0.0,848748.61,1.0,82.3,CRITICAL,BLOCK
855726.8645553073,269367.4641150858,215493.97129206863,699332.6683696146,92.66973104690834,0.8339397125205128,0,3.0,1.25,0.0,0.0,1501186.04,1.0,77.7,HIGH,BLOCK
866357.0955104211,1031321.2187103833,507954.68609579676,714089.1737075017,65.74623637762608,0.6517030147985846,0,3.0,2.03,0.325,0.0,1057079.74,1.0,86.5,CRITICAL,MODIFY
443176.2924603135,1079442.1032916242,357951.3195555982,176797.4933594827,93.19663505079194,0.9627503943876538,1,4.0,3.016,1.778,1.284,0.0,0.067,26.0,LOW,ALLOW
194288.91967540391,876087.3849840948,317298.62768964405,620646.5541465878,49.02956633983794,0.6575348672644837,0,3.0,2.761,2.149,0.193,256146.72,1.0,61.8,HIGH,MODIFY
338802.98340939404,403716.30525719654,322973.04420575727,397149.11524297023,94.80444242493212,0.919458339134424,0,3.0,1.25,0.201,0.0,655208.84,1.0,78.7,HIGH,MODIFY
433219.2234751549,633187.3478185409,541216.5699661484,770740.7375348321,92.3760801778435,0.7417769070730844,0,2.0,1.17,0.369,0.0,1111989.18,1.0,79.6,HIGH,MODIFY
265480.6494132385,1204838.457117681,963870.7656941448,298409.43094689836,97.23522084012446,0.856630583991298,0,4.0,1.25,0.975,0.665,322922.39,0.635,41.8,MEDIUM,MODIFY
912766.8274883658,1676669.9329627645,977227.964853971,241217.76812381955,87.4084404549395,0.8264063787888478,0,4.0,1.716,0.782,0.535,454542.63,0.765,52.8,MEDIUM,MODIFY
571143.4974178296,867002.2281951593,594999.1119553515,256848.00008510775,49.361858893304266,0.8440414202965567,0,2.0,1.457,0.497,0.066,555988.38,1.0,83.2,CRITICAL,MODIFY
743114.4603428465,1796900.451803256,1200889.1192560997,772421.2541733375,91.35008711401716,0.8606095672040319,0,3.0,1.496,0.878,0.234,919524.38,1.0,69.4,HIGH,MODIFY
950165.7839666406,358391.17512212286,286712.9400976983,441494.352799079,75.23581848009269,0.636205505670089,0,2.0,1.25,0.0,0.0,1319981.9,1.0,79.9,HIGH,BLOCK
852713.3429492464,713063.8441985671,194520.71618266686,548777.9359690299,83.28049571070449,0.8759697936824118,2,4.0,3.666,0.0,0.0,882948.15,1.0,87.0,CRITICAL,BLOCK
806242.3443680535,532893.747369682,153292.57584125342,188963.3032282781,73.07046009257888,0.7745430307262866,0,1.0,3.476,0.0,0.0,615604.48,1.0,82.3,CRITICAL,BLOCK
1127562.718877611,1150784.010699969,532490.8739775318,415786.49937712954,84.40874299853547,0.7607635101038268,0,4.0,2.161,0.044,0.0,925056.08,1.0,80.7,CRITICAL,MODIFY
230857.09303465448,738159.7647257634,590527.8117806107,149078.33184515152,85.18956492752356,0.7696362751269324,0,2.0,1.25,0.859,0.607,232303.47,0.693,52.7,MEDIUM,MODIFY
561089.0337929914,694665.0141984939,190481.20526848122,447044.18298080197,85.22325742519809,0.8983436836668623,1,4.0,3.647,0.701,0.0,503949.41,1.0,80.4,CRITICAL,MODIFY
120579.99911076008,1612812.046499318,591803.3722764422,554445.2461580402,67.98791871349499,0.9216676379244598,0,2.0,2.725,2.521,1.585,0.0,0.047,13.2,LOW,ALLOW
466986.43245087913,750719.6968650463,600575.757492037,487887.95004622126,97.9827258944288,0.8219242943858784,1,2.0,1.25,0.472,0.0,804730.44,1.0,78.4,HIGH,MODIFY
787777.4312463816,1654555.208883377,694556.7356034049,156787.36338049185,56.46977581533773,0.9672038675808352,0,1.0,2.382,1.248,1.022,0.0,0.127,34.0,LOW,ALLOW
1150896.7995485335,1992799.4329786142,851136.9238513199,97388.15820984951,98.19483265823644,0.6710040662252534,0,2.0,2.341,0.989,0.875,106622.45,0.425,24.6,LOW,MODIFY
172318.8475287311,1334260.2189972403,1067408.1751977922,306966.9339667852,68.94807521331968,0.6724381382934242,0,4.0,1.25,1.089,0.801,212433.74,0.499,30.7,LOW,MODIFY
1177685.6716744548,1204394.8709396143,514285.9143902775,540391.932203165,43.79498811082098,0.8007256450603362,0,3.0,2.342,0.052,0.0,1027968.65,1.0,92.2,CRITICAL,MODIFY
946796.0690136688,640293.5690628286,512234.8552502629,262286.3983161547,62.717487785985156,0.9120323480383439,2,4.0,1.25,0.0,0.0,1081023.75,1.0,95.9,CRITICAL,BLOCK
452489.58090359636,1398952.2833295139,1217585.9311536858,640913.4951852248,69.64252569330489,0.8190327596964727,0,3.0,1.149,0.777,0.251,912036.72,1.0,70.1,HIGH,MODIFY
900846.9738810005,437176.4365569888,349741.1492455911,521326.83053224726,55.4071580820509,0.6996248209986781,0,2.0,1.25,0.0,0.0,1334738.52,1.0,85.7,CRITICAL,BLOCK
309059.36614846415,981907.5050893201,410391.91776360525,202555.84822637794,42.496346701872746,0.7138173396800529,0,4.0,2.393,1.64,1.146,0.0,0.066,30.3,LOW,ALLOW
397698.58031390805,863585.5797463541,218457.3861726105,505257.7410604886,45.46860817616656,0.9786944243743696,0,1.0,3.953,2.133,0.0,257828.13,1.0,77.7,HIGH,MODIFY
386752.6274633231,1329229.1207783453,467833.78423845343,681774.059220136,58.85076592810498,0.8119349894237545,0,2.0,2.841,2.015,0.557,207131.35,0.743,46.1,MEDIUM,MODIFY
498800.3548619064,1872431.1281474524,1363707.754175918,796082.6111126657,50.98383985011501,0.7910877173537842,0,1.0,1.373,1.007,0.424,786159.59,0.876,65.7,HIGH,MODIFY
488631.9628228482,568019.4287474536,279314.5470478473,736074.2150646658,83.89510771798808,0.7971086409694332,3,4.0,2.034,0.284,0.0,936001.3,1.0,91.6,CRITICAL,BLOCK
328052.80004434544,428437.3662296679,260054.0855065401,367302.4529229431,89.47697226408509,0.9036177418012087,2,4.0,1.647,0.386,0.0,526971.97,1.0,86.4,CRITICAL,BLOCK
32545.23133423677,800754.2261856828,329152.4428029363,144152.26192085244,76.36885900501728,0.7673936494239879,2,3.0,2.433,2.334,1.896,0.0,0.032,19.5,LOW,BLOCK
1042142.6310198344,548733.0248992518,438986.4199194014,502008.9297531843,68.26895692320781,0.9497714546276979,1,1.0,1.25,0.0,0.0,1434404.96,1.0,86.3,CRITICAL,BLOCK
1077575.9629788941,219511.1339659195,175608.9071727356,782686.3654847959,46.41536269102807,0.8144062676220599,0,3.0,1.25,0.0,0.0,1816360.1,1.0,89.7,CRITICAL,BLOCK
541943.483908892,1027822.7358938452,531396.915374416,773141.3116119672,49.1448572246723,0.7105332211097579,0,2.0,1.934,0.914,0.0,818658.98,1.0,84.3,CRITICAL,MODIFY
499367.9120254079,356579.4790037529,285263.5832030023,318514.7574895248,42.55090882894765,0.6864488662666534,0,4.0,1.25,0.0,0.0,746566.77,1.0,91.8,CRITICAL,BLOCK
308150.5873791136,239907.18538564348,191925.7483085148,260690.5956969074,59.96395419417081,0.7641846940531738,2,1.0,1.25,0.0,0.0,520859.75,1.0,96.0,CRITICAL,BLOCK
181328.3443531885,1804964.8407960294,1158976.1411961028,579218.5861711827,46.65134233575509,0.6030044162035818,3,4.0,1.557,1.401,0.901,114558.23,0.399,40.6,MEDIUM,BLOCK
1148749.6845458318,1242285.1398954738,580929.1800423451,618081.1170995116,97.31680383154759,0.6324593460720142,0,4.0,2.138,0.161,0.0,1105474.84,1.0,75.2,HIGH,MODIFY
296704.27206397615,564696.979957426,393308.14489709085,639550.5058511543,51.069775371898906,0.9133505143192271,1,2.0,1.436,0.681,0.0,764865.94,1.0,91.1,CRITICAL,MODIFY
107461.77976085726,1248970.9441479533,581556.882390595,696503.0456698145,59.519976436434234,0.9189027962227565,2,3.0,2.148,1.963,0.765,136550.76,0.535,38.2,MEDIUM,BLOCK
823250.9202914641,466230.1830093364,388460.72021518275,329811.8814818631,71.17091548638908,0.7303879259895624,2,3.0,1.2,0.0,0.0,1075293.34,1.0,94.1,CRITICAL,BLOCK
91900.55064015722,456832.0907454151,196603.72332627073,619852.0103242729,93.4492039145738,0.7259675869862511,0,1.0,2.324,1.856,0.0,451524.19,1.0,59.8,MEDIUM,MODIFY
475707.35932797473,1292225.0985983284,406987.82640684245,292019.7828018963,54.62096717381444,0.9824032729304772,0,2.0,3.175,2.006,1.289,0.0,0.001,25.5,LOW,ALLOW
843663.1048165802,1459824.7807083954,411235.5118868799,42348.15837680186,74.08069600431824,0.8107011157340274,0,4.0,3.55,1.498,1.395,0.0,0.431,33.2,LOW,ALLOW
184599.67303359223,1008151.9637957864,806521.5710366291,629031.786098612,40.63271596192424,0.9769961964429129,0,1.0,1.25,1.021,0.241,612001.07,1.0,73.1,HIGH,MODIFY
211844.21387792542,1466774.617583512,1173419.6940668097,718818.1321618645,89.245779585053,0.6873501606018638,0,4.0,1.25,1.069,0.457,637307.42,0.843,44.1,MEDIUM,MODIFY
639731.477417383,1724329.7395880397,655051.2273901775,363210.67439670063,75.70267734097347,0.746240539061695,0,1.0,2.632,1.656,1.101,0.0,0.074,25.1,LOW,ALLOW
78074.28297326849,1574252.570141858,243405.6689917506,277729.0268010429,61.42193636787174,0.9218698088822376,0,4.0,6.468,6.147,5.006,0.0,0.091,10.5,LOW,ALLOW
262139.99982238087,1370828.0632834502,808970.2296626442,711491.5929781967,56.963822200681314,0.7948313836819876,0,3.0,1.695,1.37,0.491,411773.76,0.809,49.9,MEDIUM,MODIFY
759081.7308594151,830693.9398316534,664555.1518653227,742461.1329601182,91.33668959097304,0.9229335185006589,3,3.0,1.25,0.108,0.0,1335404.08,1.0,95.7,CRITICAL,BLOCK
601980.9454267125,863494.9925597924,178963.24728673854,752397.584858354,62.54965591456931,0.7437817655698622,0,4.0,4.825,1.461,0.0,669846.79,1.0,77.3,HIGH,MODIFY
868273.4547326154,965681.5325093927,772545.2260075142,360133.41612016817,74.27703580287579,0.9193225287083158,0,2.0,1.25,0.126,0.0,1035270.56,1.0,84.0,CRITICAL,MODIFY
677724.4737667657,1674348.3090923894,237554.08274925803,410026.17991412256,91.04163917286749,0.8884064972090769,0,2.0,7.048,4.195,2.469,0.0,0.331,22.8,LOW,ALLOW
787879.8031520137,206278.7001300383,165022.96010403067,39166.90974825112,91.46908130930346,0.9879188348577489,0,4.0,1.25,0.0,0.0,785790.97,0.4,65.3,HIGH,BLOCK
831474.7136341076,1719215.8299988462,1052241.652834571,369465.7830294318,88.57355665390119,0.9319434943299587,1,1.0,1.634,0.844,0.493,533966.32,0.807,59.8,MEDIUM,MODIFY
164036.18155658344,441436.9885309723,353149.59082477784,767078.4121784967,46.20569206198246,0.7309821057800423,0,4.0,1.25,0.786,0.0,842827.2,1.0,88.4,CRITICAL,MODIFY
474508.72054311034,772282.7667829329,617826.2134263463,638525.5191500827,80.46495454469357,0.986290783816639,1,2.0,1.25,0.482,0.0,958577.69,1.0,83.2,CRITICAL,MODIFY
687031.0882565643,1739869.0556691652,1134599.4355214874,590821.8900137879,67.11425659081156,0.7101005453239138,0,2.0,1.533,0.928,0.407,672583.36,0.893,64.0,HIGH,MODIFY
898938.9854383747,842463.9879950371,722961.2401158888,703424.5718149756,82.62628632762679,0.7622654884248617,0,3.0,1.165,0.0,0.0,1482860.81,1.0,79.7,HIGH,BLOCK
600998.6637677766,1515481.165076868,811586.9137001539,407673.61789509415,95.68846673400904,0.7100396580596207,0,2.0,1.867,1.127,0.624,304778.03,0.676,38.4,MEDIUM,MODIFY
712403.054825322,871118.6743969579,696894.9395175664,601380.7244550928,50.469181416104796,0.656392176087784,0,1.0,1.25,0.228,0.0,1139560.04,1.0,87.8,CRITICAL,MODIFY
772090.3150568646,883939.0635915532,493133.14612813864,98470.96889438535,62.50989461527392,0.79145197468739,0,4.0,1.792,0.227,0.027,479755.37,1.0,82.1,CRITICAL,MODIFY
301925.6640966236,267629.0868460947,214103.26947687578,444090.44074052677,72.85187136224079,0.6154461656150618,0,2.0,1.25,0.0,0.0,692490.29,1.0,82.0,CRITICAL,BLOCK
290151.86408172984,1609269.1545143302,654779.9137487469,674482.1270196605,50.498225219458455,0.8689229158829835,0,3.0,2.458,2.015,0.985,10144.75,0.315,18.6,LOW,MODIFY
489844.84488635825,404725.4795978501,323780.3836782801,683594.9043300946,74.76479213402497,0.7132493038545799,0,4.0,1.25,0.0,0.0,1092494.65,1.0,82.5,CRITICAL,BLOCK
557507.1535089092,597850.9511714227,478280.7609371382,345201.1664846366,93.4342615085051,0.6031492053669255,0,3.0,1.25,0.084,0.0,783138.13,1.0,80.0,CRITICAL,MODIFY
776562.5731018436,990878.7434722407,792702.9947777926,44384.7436682332,59.21374951273748,0.7881186548632536,0,4.0,1.25,0.27,0.214,622771.57,0.434,66.8,HIGH,MODIFY
806487.6223244448,566912.005346234,453529.6042769872,169346.32838850882,77.80360341695416,0.6804943794488865,0,1.0,1.25,0.0,0.0,862451.55,1.0,78.3,HIGH,BLOCK
177459.82528417232,833093.1131316995,666474.4905053596,774951.9852365687,49.31734657257546,0.8413713469799818,0,2.0,1.25,0.984,0.0,785793.19,1.0,82.6,CRITICAL,MODIFY
1190255.4747243924,871687.7595430104,697350.2076344084,149162.64344489836,76.09686784549311,0.6768608639969843,0,4.0,1.25,0.0,0.0,1165080.57,1.0,82.1,CRITICAL,BLOCK
969838.0507515109,1623784.7598575156,1299027.8078860126,429685.69585933303,59.1462720332875,0.7558969320604632,1,2.0,1.25,0.503,0.173,1074766.79,1.0,86.4,CRITICAL,MODIFY
136324.60200732603,1848565.2989942946,509130.32727329724,628679.5062831278,43.98007453920579,0.7169383629925824,1,4.0,3.631,3.363,2.128,0.0,0.039,21.1,LOW,ALLOW
1149691.6546051372,1252165.340412085,304888.3262508392,85443.37660551467,70.94971801476241,0.627691405839642,0,4.0,4.107,0.336,0.056,287858.02,1.0,85.7,CRITICAL,MODIFY
195192.02856396415,1354702.194068758,439072.65212513524,678018.1638160927,77.03170764883754,0.6957137725814228,0,3.0,3.085,2.641,1.097,0.0,0.263,18.5,LOW,ALLOW
396691.4132446131,1341489.6856219694,286006.36437800445,399587.6016472799,90.45037600495277,0.716831581358922,0,1.0,4.69,3.303,1.906,0.0,0.096,15.4,LOW,ALLOW
1091223.8629517546,743398.2841514465,594718.6273211573,227065.87562695643,98.35942075101522,0.6012661322630399,0,1.0,1.25,0.0,0.0,1169610.08,1.0,77.1,HIGH,BLOCK
853942.2812906072,651188.8059041207,520951.04472329654,135693.7297826172,79.1530694644716,0.8221502165567234,0,1.0,1.25,0.0,0.0,859398.25,1.0,81.4,CRITICAL,BLOCK
465799.62273353984,731186.9026149287,522863.02871736535,49647.140016117584,96.14917557153743,0.8434467785142963,0,3.0,1.398,0.508,0.413,307122.89,0.342,47.0,MEDIUM,MODIFY
1025347.2812659012,649703.6283270125,519762.90266161005,61593.39577836596,66.04831610699966,0.9881329335404807,0,4.0,1.25,0.0,0.0,956999.95,1.0,82.3,CRITICAL,BLOCK
111635.09466389685,667565.4332215511,534052.346577241,141856.9386032525,93.8451955248189,0.6645285690092699,0,4.0,1.25,1.041,0.775,119978.95,0.525,31.0,LOW,MODIFY
411547.60024686035,1126271.6075397227,901017.2860317782,202474.27621160483,88.9700641115587,0.8062248175252493,2,3.0,1.25,0.793,0.569,388767.55,0.731,61.5,HIGH,BLOCK
437991.1857074119,1413400.4887544059,736913.235703772,642895.1442976774,48.288227286602755,0.7328122007280911,2,1.0,1.918,1.324,0.451,404399.08,0.849,66.0,HIGH,BLOCK
148721.66814432517,1566232.150664056,581317.5312809577,517437.61070146697,45.83533050382123,0.7455520291890247,0,2.0,2.694,2.438,1.548,0.0,0.085,20.9,LOW,ALLOW
212518.90914080126,1645388.9991881843,950075.7768055794,651551.9415431996,90.90443222114779,0.8508187597794366,0,3.0,1.732,1.508,0.822,168757.63,0.478,16.4,LOW,MODIFY
355329.8736444759,1293687.6944199388,830099.1788686746,227394.96235155966,84.31369931222017,0.6843956526970214,0,3.0,1.558,1.13,0.856,119136.32,0.444,29.2,LOW,MODIFY
153986.57052641077,1239043.5371245863,405907.2377805298,683776.5405679252,64.31909307811706,0.659996131824191,2,2.0,3.053,2.673,0.989,4626.81,0.311,22.7,LOW,BLOCK
612245.6342686453,473864.2565381081,379091.40523048653,242180.84634447622,58.12619629289618,0.8411255652612457,0,4.0,1.25,0.0,0.0,759653.63,1.0,84.6,CRITICAL,BLOCK
184781.88538095227,1178766.4348884309,943013.1479107448,149294.21508011565,87.15810507082651,0.6486034591231067,0,4.0,1.25,1.054,0.896,98322.81,0.404,27.6,LOW,MODIFY
505447.37898918777,1292007.7689957868,287404.60487261554,765273.4653539101,80.93707310197202,0.8249185074736483,3,3.0,4.495,2.737,0.074,266117.68,1.0,76.0,HIGH,BLOCK
1071992.1441612605,404622.31343644555,323697.85074915644,78699.15479831748,43.6365427413997,0.7227117093968458,0,1.0,1.25,0.0,0.0,1069766.84,1.0,86.3,CRITICAL,BLOCK
1157926.7875897053,1160516.4392404598,380614.2981926749,231855.78097719402,72.04551516318048,0.9642936069440359,3,2.0,3.049,0.007,0.0,609880.43,1.0,92.6,CRITICAL,BLOCK
217244.88907886113,1522596.9825539333,489927.2891329499,314452.5317943906,89.18421856923933,0.8455954420913122,3,2.0,3.108,2.664,2.023,0.0,0.002,20.4,LOW,BLOCK
311234.21049953933,1703059.2645819872,1172723.5804464752,193393.2694011708,65.01080005630607,0.9119382028680165,1,4.0,1.452,1.187,1.022,0.0,0.058,30.4,LOW,ALLOW
1191497.807316719,1853687.2246647915,417169.09654399205,746924.3148631743,78.97994243213913,0.8930047930684132,0,4.0,4.443,1.587,0.0,501903.99,1.0,71.8,HIGH,MODIFY
412269.15517739195,335069.7701535447,268055.8161228358,634793.3667428046,89.72742716670635,0.6201860234735982,0,2.0,1.25,0.0,0.0,980048.57,1.0,83.4,CRITICAL,BLOCK
828627.8519863259,866667.6084552136,248607.47177306228,651500.414633133,84.50532090889254,0.8787270451824968,0,2.0,3.486,0.153,0.0,862068.13,1.0,77.5,HIGH,MODIFY
227587.7750246978,1954326.6225429215,615298.1730050412,277084.16753613757,92.23640150442091,0.7703785239199336,1,2.0,3.176,2.806,2.356,0.0,0.089,10.6,LOW,ALLOW
854397.1879693734,1554420.3303981759,1243536.2643185407,187146.83998185454,72.50356858093065,0.8727332560141331,0,1.0,1.25,0.563,0.412,730659.96,0.888,66.4,HIGH,MODIFY
1090324.4327290272,1870230.1883721403,928353.5451254088,518483.35976424156,97.24453463827405,0.8443577447898738,1,4.0,2.015,0.84,0.282,666931.15,1.0,69.3,HIGH,MODIFY
887736.5501459747,238415.12695392425,190732.1015631394,31785.275186283623,50.65809156292748,0.9417974366290656,0,4.0,1.25,0.0,0.0,871838.8,0.432,74.0,HIGH,BLOCK
94224.0597794666,1283753.1824483597,931397.8963912077,64514.84397332354,65.15651047393558,0.8256530910084889,0,1.0,1.378,1.277,1.208,0.0,0.098,14.6,LOW,ALLOW
18135.491013258554,1041642.6784980799,226988.31049609376,375426.3519251679,90.4257539272528,0.8556221415198269,0,3.0,4.589,4.509,2.855,0.0,0.001,5.2,LOW,ALLOW
793760.8194922188,1824295.8540883614,914562.2106749269,487537.31019470666,86.74974945831045,0.7558045143421717,1,4.0,1.995,1.127,0.594,371564.49,0.706,48.4,MEDIUM,MODIFY
94124.33656185378,1924745.1465300184,319081.78022310795,437467.24089601,40.677600144595885,0.7268884616766986,0,1.0,6.032,5.737,4.366,0.0,0.092,18.6,LOW,ALLOW
213864.73554247004,1531726.4634832153,525170.3725020658,720179.7865080076,74.37924031641961,0.7312923027524384,0,2.0,2.917,2.509,1.138,0.0,0.412,25.3,LOW,ALLOW
502029.9225130769,831833.765875261,279961.01890114916,527557.7407405645,60.908848445671026,0.9590803996591788,1,1.0,2.971,1.178,0.0,477714.92,1.0,80.2,CRITICAL,MODIFY
284167.09343358205,755520.4139405846,294793.7798344188,688449.8525064405,94.96994140971002,0.6894575780387378,1,1.0,2.563,1.599,0.0,511890.31,1.0,70.9,HIGH,MODIFY
292447.721369466,254789.2991695991,203831.4393356793,706322.2284411133,93.43097658752939,0.6548600518146945,0,4.0,1.25,0.0,0.0,947812.09,1.0,79.1,HIGH,BLOCK
1043366.457544588,1104190.7743835652,883352.6195068522,766230.6609126232,98.58976709733034,0.6775015931917181,2,2.0,1.25,0.069,0.0,1588758.96,1.0,82.6,CRITICAL,BLOCK
1049111.9581932602,994426.9665601165,795541.5732480932,652806.1486607051,78.5766283333548,0.8223790700178261,0,3.0,1.25,0.0,0.0,1503032.71,1.0,82.7,CRITICAL,BLOCK
175443.27270626364,1732896.4497777014,582212.3798310013,656882.4834823919,44.16575883542238,0.6628802496349958,1,4.0,2.976,2.675,1.547,0.0,0.037,23.9,LOW,ALLOW
293940.5795092394,1291385.9644105497,1033108.7715284398,790419.7818348121,92.96227113867388,0.9885615245898456,0,2.0,1.25,0.965,0.2,826083.17,1.0,66.5,HIGH,MODIFY
318704.85865522333,1606645.2767547048,934978.189316669,664419.3829676326,41.57831198616107,0.9174752124535582,0,1.0,1.718,1.378,0.667,311457.15,0.633,41.9,MEDIUM,MODIFY
120288.64716170114,1184854.9672462274,652501.0937124903,29947.626100154335,42.62741097517581,0.6264116890379186,0,1.0,1.816,1.632,1.586,0.0,0.106,15.6,LOW,ALLOW
764944.7501054542,1950527.102953062,234619.56138332188,376465.66351031564,66.29129061736344,0.9090908251450285,0,1.0,8.314,5.053,3.449,0.0,0.042,20.5,LOW,ALLOW
801040.4636170523,1846569.367775808,164505.78743959212,770116.1981856815,56.52615301366721,0.8512486202377174,0,3.0,11.225,6.356,1.674,0.0,0.264,28.6,LOW,ALLOW
88948.6057031037,388052.31659187266,310441.8532734981,35987.57865899555,41.22783060639723,0.9289476348764325,0,1.0,1.25,0.963,0.848,47325.72,0.094,39.0,MEDIUM,ALLOW
168458.00955829688,1541357.6470269784,921153.3439135028,576601.3292810817,84.83051495679109,0.9894175301285764,0,2.0,1.673,1.49,0.864,124855.04,0.436,19.2,LOW,MODIFY
1194677.3746163708,843213.2807513609,674570.6246010888,371402.3061423115,78.75925948485805,0.7907573179701821,1,1.0,1.25,0.0,0.0,1397437.02,1.0,88.9,CRITICAL,BLOCK
1129722.9320007947,1279837.8214553008,1023870.2571642407,443452.5102187223,82.20354519538452,0.9534269895487058,1,4.0,1.25,0.147,0.0,1317207.88,1.0,83.5,CRITICAL,MODIFY
269107.71321594913,1852084.465830904,1317437.0801882173,384306.3859028773,78.7206248604576,0.6502291478070261,0,1.0,1.406,1.202,0.91,118766.71,0.39,21.6,LOW,MODIFY
961858.8037884006,1306503.3988777455,1018351.1201919051,33375.7953508794,69.89405320671602,0.6876816202338456,0,1.0,1.283,0.338,0.306,707082.32,0.376,57.0,MEDIUM,MODIFY
996552.5450598318,937800.5837865686,838238.0272556732,516160.34946766216,86.63158021806518,0.9230366908940281,0,1.0,1.119,0.0,0.0,1413150.34,1.0,79.6,HIGH,BLOCK
698699.3565575146,255117.92672824953,204094.34138259964,322191.7854479527,58.39020676871348,0.864160958719399,0,1.0,1.25,0.0,0.0,969867.56,1.0,84.4,CRITICAL,BLOCK
239319.86882936547,774196.9996541573,597459.5989044918,454982.3230865184,85.26665199609924,0.8103398808736236,0,4.0,1.296,0.895,0.134,517564.79,1.0,75.5,HIGH,MODIFY
812383.8189289983,1250352.5698845123,754878.6953803356,252960.09928978994,41.834708166466385,0.7601254778272097,0,4.0,1.656,0.58,0.245,569870.04,1.0,80.0,CRITICAL,MODIFY
827271.8143868394,1382114.5065306795,400980.3833401146,277092.25630188803,80.26405026975253,0.7358145418048314,0,2.0,3.447,1.384,0.693,123229.95,0.607,40.5,MEDIUM,MODIFY
545708.9509295317,1886545.867970422,1296715.9993843369,751251.6553306242,70.45276665526761,0.8314577766823549,0,4.0,1.455,1.034,0.455,707130.74,0.845,58.3,MEDIUM,MODIFY
709502.865771078,1146139.9433648877,916911.9546919102,701381.6545292285,78.01632368737927,0.9500203039099877,0,1.0,1.25,0.476,0.0,1181656.53,1.0,77.2,HIGH,MODIFY
1164183.8520838364,1313390.6391161694,817561.4541452337,789733.3748626425,86.15517714063435,0.7150676134749328,0,4.0,1.606,0.183,0.0,1458088.04,1.0,77.6,HIGH,MODIFY
342591.5067105459,1447130.9812972203,1157704.7850377762,754088.6395437907,41.35615565032731,0.8706819375185129,0,4.0,1.25,0.954,0.303,807253.95,0.997,77.3,HIGH,MODIFY
187232.50495132443,953189.3332511325,762551.4666009061,346722.9433422265,85.40586406922583,0.7172414147947206,2,4.0,1.25,1.004,0.55,343317.58,0.75,57.0,MEDIUM,BLOCK
146826.64720858057,1187505.2239445637,784525.5975493916,12537.324307334786,46.93074802028208,0.7806424990431851,1,2.0,1.514,1.327,1.311,0.0,0.036,22.6,LOW,ALLOW
276713.34710074955,1447288.6585703345,1040478.1844211582,603774.0232297673,67.35126874902966,0.6524954793609941,1,4.0,1.391,1.125,0.545,473676.9,0.755,55.0,MEDIUM,MODIFY
1071649.1215309259,1304415.908267736,801894.2176350392,480575.3875451418,87.841612026689,0.6233383377966094,0,1.0,1.627,0.29,0.0,1049702.82,1.0,78.1,HIGH,MODIFY
1055237.0262251543,1035267.4528670227,828213.9622936182,400168.91916691454,74.80347615354898,0.655665548308473,0,2.0,1.25,0.0,0.0,1248352.45,1.0,82.7,CRITICAL,BLOCK
80433.54452372329,1872364.2936558384,1068117.6130378735,409326.06712582713,85.30042437224245,0.7124808104006484,0,1.0,1.753,1.678,1.294,0.0,0.122,10.4,LOW,ALLOW
446972.4497025166,1616854.8526201933,374169.0060199586,64539.00872192762,88.19589530678945,0.6221791048229771,0,2.0,4.321,3.127,2.954,0.0,0.136,11.8,LOW,ALLOW
463786.2782867082,1717176.60485359,628034.6319020106,546104.4041454562,57.46506447100439,0.9792769100284726,1,3.0,2.734,1.996,1.126,0.0,0.031,29.7,LOW,ALLOW
316823.0134991754,422249.90525447635,337799.9242035811,509589.982428917,46.699015944603715,0.9260272360508239,2,2.0,1.25,0.312,0.0,741963.01,1.0,98.0,CRITICAL,BLOCK
163027.79682038786,1611306.8495652634,636649.1394195213,60309.90468127007,79.8189117181914,0.703263564064656,0,4.0,2.531,2.275,2.18,0.0,0.118,4.5,LOW,ALLOW
807031.9251861133,1669343.8601516145,906726.4956119965,252770.3391012836,65.04078615512869,0.6482404891005346,0,3.0,1.841,0.951,0.672,297184.9,0.628,50.5,MEDIUM,MODIFY
884124.3063553139,1487760.9036862655,569962.07806976,330469.67859331483,81.40481336437908,0.8082359885970707,1,3.0,2.61,1.059,0.479,296795.16,0.821,57.4,MEDIUM,MODIFY
647024.9998998585,1593162.2013015135,1335156.1779348995,123379.02427599471,71.26809804519931,0.8807362933460675,0,1.0,1.193,0.709,0.616,512398.0,0.684,54.4,MEDIUM,MODIFY
791721.2651671787,1301673.5065352402,1041338.8052281922,773989.6239721742,50.79537291187989,0.67468650871583,0,3.0,1.25,0.49,0.0,1305376.19,1.0,89.1,CRITICAL,MODIFY
1139317.3394121162,1120116.9438714848,896093.5550971879,589447.7184590735,77.0862937916987,0.9415991074702694,0,1.0,1.25,0.0,0.0,1504741.67,1.0,80.7,CRITICAL,BLOCK
114755.63784861607,1094733.7604234263,875787.008338741,548900.573745487,92.61207353470232,0.9202989001267798,1,3.0,1.25,1.119,0.492,444709.46,0.808,42.3,MEDIUM,MODIFY
225192.58993710208,730442.6524171529,327538.27820326027,562995.3426196091,67.92830143904759,0.7905762188743444,0,3.0,2.23,1.543,0.0,385283.56,1.0,69.5,HIGH,MODIFY
518294.22336780204,1257140.8796422754,195797.23002955932,645385.992842136,42.87972148247734,0.6033965541478061,0,2.0,6.421,3.774,0.477,102336.57,0.823,53.0,MEDIUM,MODIFY
554394.613827346,426630.68867108005,341304.55093686405,644981.9407761476,87.3372829576259,0.7937672439994546,0,3.0,1.25,0.0,0.0,1114050.42,1.0,79.0,HIGH,BLOCK
36345.77888461968,1249057.236173872,338613.3012453661,677155.1564583998,41.43708157986044,0.6612924021131261,0,3.0,3.689,3.581,1.582,0.0,0.11,20.8,LOW,ALLOW
1002295.3179482694,1560198.944668862,231602.87234359462,491597.0376398228,98.18750930608289,0.6867955744648041,1,3.0,6.737,2.409,0.286,165296.28,1.0,60.3,HIGH,MODIFY
439077.03642122657,457983.08934904623,366386.471479237,750460.6955811727,86.84679480005069,0.8755980096459419,0,1.0,1.25,0.052,0.0,1097941.11,1.0,81.1,CRITICAL,MODIFY
782410.926982954,591691.9159669668,473353.5327735734,184911.36282395938,80.14345135341017,0.8700922197328862,0,2.0,1.25,0.0,0.0,848983.91,1.0,81.4,CRITICAL,BLOCK
328250.71637346473,1881959.5959491637,499186.498146077,123643.85402160387,72.85183679177783,0.739420157302653,0,2.0,3.77,3.112,2.865,0.0,0.064,13.0,LOW,ALLOW
873831.3690755551,1838589.2650207249,919376.9012323639,268898.6297038558,87.1078670551729,0.8357538090085478,1,3.0,2.0,1.049,0.757,223517.63,0.543,42.7,MEDIUM,MODIFY
148009.8259167958,1021553.7914595212,834549.8664855426,358900.28908930154,51.38969430933312,0.642585900889892,1,3.0,1.224,1.047,0.617,319906.19,0.683,59.6,MEDIUM,MODIFY
136699.77016456064,1641836.2770878477,743255.9928642146,182865.4237551853,90.15038258998752,0.9633923144361547,0,1.0,2.209,2.025,1.779,0.0,0.024,5.0,LOW,ALLOW
576198.4482488098,1752494.59891162,1384205.3467378868,81889.6321157795,64.1106451240867,0.9181234984512869,1,3.0,1.266,0.85,0.791,289798.83,0.509,53.8,MEDIUM,MODIFY
446233.92707233096,1861428.1021132292,604081.1586834716,64615.10755640596,72.59345523483019,0.6902484444291144,0,1.0,3.081,2.343,2.236,0.0,0.145,19.5,LOW,ALLOW
55054.65274620942,1157414.5979674556,964186.3921181306,619955.9369674289,57.22526275419507,0.8482080565543391,0,2.0,1.2,1.143,0.5,481782.38,0.8,42.0,MEDIUM,MODIFY
334759.93012820825,955998.1590707798,800050.87757629,165022.41864770753,52.40154982941142,0.8726926400016841,0,2.0,1.195,0.776,0.57,343835.07,0.73,61.0,HIGH,MODIFY
1156434.0489132616,439748.84664872906,351799.07731898327,486328.9738788045,85.4144590200836,0.825602466262666,0,3.0,1.25,0.0,0.0,1554813.25,1.0,77.8,HIGH,BLOCK
240514.9514518695,1561862.6080247853,241411.51642479416,502425.6147542021,54.831480877636366,0.9887019878759546,0,4.0,6.47,5.473,3.392,0.0,0.146,20.7,LOW,ALLOW
1084098.6641809614,1774255.4522610682,242182.30387277502,381122.131637492,46.5725235432828,0.6102747746473369,0,2.0,7.326,2.85,1.276,0.0,0.22,36.3,MEDIUM,ALLOW
71570.1143950846,1657819.9284003684,1483993.7335835712,498157.43094439793,89.63649984257958,0.7821583380194301,1,2.0,1.117,1.069,0.733,395901.35,0.567,31.4,LOW,ALLOW
893071.4116282437,1903706.5408772437,1420811.0117585002,413755.4129355282,43.04860643841091,0.9816948956191935,0,4.0,1.34,0.711,0.42,823931.3,0.88,74.3,HIGH,MODIFY
500250.1174620664,1454099.333645706,859405.2866224928,572945.4399260122,40.015263511555176,0.6229289404608819,0,1.0,1.692,1.11,0.443,478501.51,0.857,64.0,HIGH,MODIFY
906277.5037756112,353704.7100703405,282963.7680562724,417957.34515394695,89.87091716678803,0.980437002322956,0,2.0,1.25,0.0,0.0,1253493.91,1.0,78.5,HIGH,BLOCK
54985.13874688598,782028.2058896315,625622.5647117052,187661.76825585967,44.447788580944575,0.7278624812228196,0,4.0,1.25,1.162,0.862,86241.27,0.438,27.2,LOW,ALLOW
26375.117113225868,253200.9881426495,202560.7905141196,748757.3298859496,71.02071427380523,0.6221079748854237,0,1.0,1.25,1.12,0.0,724492.25,1.0,69.5,HIGH,MODIFY
211467.01422441672,320667.6679606923,256534.13436855387,636236.1713304826,56.500874252498726,0.9692585824892199,2,1.0,1.25,0.426,0.0,783569.65,1.0,95.4,CRITICAL,BLOCK
623652.4681284633,961754.4344702722,769403.5475762178,625096.0438525333,59.14797248765701,0.8662809927096351,0,1.0,1.25,0.439,0.0,1056397.63,1.0,85.9,CRITICAL,MODIFY
363044.4395255257,374538.80121252965,299631.0409700237,663076.0425849664,65.82654831098434,0.9514902020004539,0,3.0,1.25,0.038,0.0,951212.72,1.0,84.2,CRITICAL,MODIFY
413548.8827840756,520366.5115167874,416293.20921342995,432141.37501282693,47.36555873598101,0.8991971028523258,0,3.0,1.25,0.257,0.0,741616.96,1.0,88.9,CRITICAL,MODIFY
821555.0191385455,1391833.960884175,1113467.16870734,551019.8429778238,93.49323150277584,0.6570322620969843,0,4.0,1.25,0.512,0.017,1094208.07,1.0,75.0,HIGH,MODIFY
1031393.771566847,732609.41720451,586087.533763608,723401.4528187235,46.29053176283051,0.9058035281504675,2,4.0,1.25,0.0,0.0,1608273.34,1.0,92.9,CRITICAL,BLOCK
676095.6058628755,994915.6180072052,795932.4944057642,701610.3785930625,64.74844699542783,0.7991897836100501,1,3.0,1.25,0.401,0.0,1178722.86,1.0,89.0,CRITICAL,MODIFY
112391.27714168765,1317069.5672607226,1053655.6538085782,316233.32885282877,87.85173356754461,0.7703341904171913,0,4.0,1.25,1.143,0.843,165210.69,0.457,20.4,LOW,MODIFY
699085.814248918,1005678.6665668014,468802.5923945779,430380.050010384,92.67328682321931,0.6844842704926467,0,1.0,2.145,0.654,0.0,592589.79,1.0,79.1,HIGH,MODIFY
523080.52533296373,582969.9991782473,466375.99934259785,212775.8703015691,79.87152791417904,0.8330780761197167,3,3.0,1.25,0.128,0.0,619262.4,1.0,94.8,CRITICAL,BLOCK
584142.6992985364,992712.5648031927,545179.3194042493,471344.42449156067,62.94971779979075,0.626626155769097,0,4.0,1.821,0.749,0.0,607953.88,1.0,82.2,CRITICAL,MODIFY
839718.1732527331,521181.6279169209,416945.30233353673,471591.0800669298,84.6542478573343,0.9251349486306143,1,2.0,1.25,0.0,0.0,1207072.93,1.0,81.8,CRITICAL,BLOCK
1186918.769375345,1803846.5475349207,1486803.583794819,123439.3707074819,54.7009173429513,0.6104769324176086,1,4.0,1.213,0.415,0.332,993315.18,0.968,83.1,CRITICAL,MODIFY
447218.11978975614,828067.5352946591,662454.0282357273,113489.20289063048,57.99114315000246,0.7327634972518781,0,1.0,1.25,0.575,0.404,395093.82,0.896,70.7,HIGH,MODIFY
1144939.9455233798,1376054.1937526173,212339.94247025016,24660.922301915987,93.21057509401754,0.7047804285476965,1,2.0,6.48,1.088,0.972,5886.62,0.447,30.3,LOW,MODIFY
526082.7416286529,425017.76411348756,340014.21129079006,748968.9322477907,55.75108791422407,0.9471098177512354,0,4.0,1.25,0.0,0.0,1190048.12,1.0,86.1,CRITICAL,BLOCK
1126983.21513101,279157.8892231671,223326.3113785337,79450.52880981764,56.40179181429437,0.693449220482506,1,1.0,1.25,0.0,0.0,1150602.17,1.0,91.8,CRITICAL,BLOCK
377557.8644958677,1761832.1864966836,809071.1685938725,760048.1348258957,51.621540128168746,0.8183295441470767,0,4.0,2.178,1.711,0.772,184844.98,0.528,33.4,LOW,MODIFY
578831.1512199695,342804.38744859106,274243.50995887286,391834.2041968747,57.76199607636405,0.6024224103855401,0,3.0,1.25,0.0,0.0,902104.48,1.0,87.6,CRITICAL,BLOCK
914772.3911826649,419490.3741951394,351474.98132388626,579546.5201107999,58.14876438645308,0.7068809755625767,0,3.0,1.194,0.0,0.0,1426303.52,1.0,89.0,CRITICAL,BLOCK
729190.8329628758,651246.5849212459,520997.26793699677,400455.906809127,50.21413641927859,0.6808235615226089,0,2.0,1.25,0.0,0.0,999397.42,1.0,86.2,CRITICAL,BLOCK
633741.9202737045,1765134.0518401274,1276572.2318094694,672638.8443540815,94.18005937631196,0.6478424582814937,0,1.0,1.383,0.886,0.359,817818.94,0.941,58.6,MEDIUM,MODIFY
618633.0209500737,721042.9958483152,518690.89849219925,738396.4287076365,60.715278973986656,0.7768179367499638,1,1.0,1.39,0.197,0.0,1154677.35,1.0,87.1,CRITICAL,MODIFY
562944.6566357104,678653.423479448,542922.7387835584,556584.002851668,63.04467884016717,0.7157133469961865,0,2.0,1.25,0.213,0.0,983797.97,1.0,86.7,CRITICAL,MODIFY
379038.85953868844,923364.8913660641,738691.9130928513,352136.9496161219,63.63962557167902,0.9590438108659911,1,4.0,1.25,0.737,0.26,546502.83,1.0,81.4,CRITICAL,MODIFY
525298.0895190805,870396.9513592037,696317.5610873629,320696.56766252354,54.850766549697646,0.9793392104929617,0,3.0,1.25,0.496,0.035,671915.27,1.0,82.5,CRITICAL,MODIFY
772505.1779763191,1527305.4932876383,611730.9581288849,468892.41597527463,58.340215313750534,0.9433808805425135,2,1.0,2.497,1.234,0.467,325823.06,0.833,67.6,HIGH,BLOCK
599178.4105432889,1231807.3937428677,875336.5457147369,107487.83703616045,72.94038881045188,0.7901837235574913,0,3.0,1.407,0.723,0.6,350195.4,0.7,53.8,MEDIUM,MODIFY
827457.46182501,499900.297886911,399920.23830952885,443208.4403146229,80.84815725233365,0.7615200918708768,0,4.0,1.25,0.0,0.0,1170685.84,1.0,81.1,CRITICAL,BLOCK
337998.8281525243,1147135.7522698506,917708.6018158805,49362.77496757233,87.22397495998598,0.6544801253755619,0,4.0,1.25,0.882,0.828,157934.45,0.03,31.5,LOW,MODIFY
838594.2353755458,300097.48152766505,240077.98522213206,799859.6880833542,88.4249070209828,0.6932354984753402,1,1.0,1.25,0.0,0.0,1578434.43,1.0,84.6,CRITICAL,BLOCK
607103.2957197332,238614.02512245328,190891.22009796265,258706.6194006094,70.8611420943663,0.7247152004755807,0,3.0,1.25,0.0,0.0,818087.11,1.0,81.1,CRITICAL,BLOCK
239500.2204951725,387815.56202832644,251006.63656926266,486890.2293292228,95.24775594416367,0.7351124216421012,1,2.0,1.545,0.591,0.0,589581.52,1.0,79.1,HIGH,MODIFY
297427.7174512476,1482714.505983672,270139.5782574013,279278.00398397056,63.44758548110114,0.7654434444487711,0,2.0,5.489,4.388,3.354,0.0,0.099,17.5,LOW,ALLOW
530462.0896317845,1479063.509355532,1155142.1394587872,200268.82331545197,67.37454095889817,0.8082150111357511,0,4.0,1.28,0.821,0.648,406809.54,0.652,54.9,MEDIUM,MODIFY
1100191.486735733,1987734.7826921428,1196133.1994087244,345731.98633735825,55.56048209057735,0.7655816059884868,0,4.0,1.662,0.742,0.453,654321.89,0.847,61.9,HIGH,MODIFY
1063537.128075694,1265440.1030590173,681001.3926200963,748687.1691744342,56.753477834954126,0.768329535758735,1,1.0,1.858,0.296,0.0,1227785.59,1.0,90.7,CRITICAL,MODIFY
874994.1307884763,544230.7545348465,435384.60362787725,484962.28388813377,98.20959412208263,0.6352777848164338,1,2.0,1.25,0.0,0.0,1251110.26,1.0,80.8,CRITICAL,BLOCK
1028713.3371617987,1615927.3832608347,987203.4987232896,592964.7605186527,90.96859833974543,0.9263069124782164,0,4.0,1.637,0.595,0.0,992954.21,1.0,76.8,HIGH,MODIFY
428693.04284380015,274638.2142680944,219710.57141447553,637207.7785890746,50.11979038826622,0.7188509344164181,3,3.0,1.25,0.0,0.0,1010973.18,1.0,98.0,CRITICAL,BLOCK
515777.263608283,264172.34814860567,211337.87851888454,173652.99840074577,86.72744377638014,0.8346339784021203,3,3.0,1.25,0.0,0.0,636595.79,1.0,92.1,CRITICAL,BLOCK
650767.3935495239,430808.1267882789,344646.5014306232,763527.621486874,40.8551163216385,0.6209251578215506,0,3.0,1.25,0.0,0.0,1328133.39,1.0,93.6,CRITICAL,BLOCK
810349.4333896692,1148695.140397038,533154.2390472201,715174.7474648056,43.61600959544968,0.9448167335271995,0,2.0,2.155,0.635,0.0,909983.28,1.0,90.4,CRITICAL,MODIFY
914360.5957639796,1078146.504640845,648247.9715313879,596503.8394942816,52.52913538748453,0.9381765993403884,2,1.0,1.663,0.253,0.0,1080965.9,1.0,98.0,CRITICAL,BLOCK
564100.4388711434,1787547.528870479,970936.9150410839,111771.10233901857,55.91995569490388,0.7178891654451963,1,1.0,1.841,1.26,1.145,0.0,0.004,34.0,LOW,ALLOW
290375.46363798715,373146.6859928839,298517.34879430715,262836.3293564574,80.67811955697866,0.9660940450590865,0,4.0,1.25,0.277,0.0,478582.46,1.0,79.6,HIGH,MODIFY
316133.5637017701,1081133.8974915245,628708.642074832,318269.54522652377,65.81669237098957,0.7730871160270084,0,2.0,1.72,1.217,0.711,181977.85,0.589,38.6,MEDIUM,MODIFY
1125755.1920102215,1868154.045880815,538935.7446283561,143779.5812436187,62.988399483046756,0.7669163664523033,0,2.0,3.466,1.378,1.111,0.0,0.374,40.6,MEDIUM,ALLOW
223286.1920489287,1765931.157988059,969742.2371018346,566242.2064006585,89.10385731750219,0.9750706247754388,0,1.0,1.821,1.591,1.007,0.0,0.031,15.0,LOW,ALLOW
1027066.7970301005,985995.2828561924,787942.1605563583,431675.26109476597,76.16901126502461,0.9452729472437452,0,3.0,1.251,0.0,0.0,1260688.94,1.0,83.0,CRITICAL,BLOCK
682316.4658482835,587393.0936212878,469914.4748970303,665077.1446919291,75.57824836691637,0.8354324739215859,0,4.0,1.25,0.0,0.0,1229914.99,1.0,80.4,CRITICAL,BLOCK
559731.8329279829,1454271.55507745,639552.6384959266,736068.6307402499,95.98716481016262,0.9127960637993834,0,1.0,2.274,1.399,0.248,481081.55,1.0,55.2,MEDIUM,MODIFY
1112105.4039178477,1969443.4860281318,195355.18381643973,313277.0350955422,78.55323277843763,0.862460089674808,0,1.0,10.081,4.389,2.785,0.0,0.201,23.9,LOW,ALLOW
476832.21733409417,908973.2650826426,727178.6120661141,232081.11674177684,52.40565269141657,0.6625435523838697,1,4.0,1.25,0.594,0.275,527118.68,1.0,82.7,CRITICAL,MODIFY
1108694.2345051232,481358.22297657013,385086.57838125614,5964.40214836953,43.32608941450658,0.845408022467762,0,4.0,1.25,0.0,0.0,1018386.99,0.319,75.6,HIGH,BLOCK
756367.8537581294,1031268.0387161839,213392.38244064868,721967.3507362702,94.28498035159859,0.9594788787714628,0,4.0,4.833,1.288,0.0,660459.55,1.0,66.5,HIGH,MODIFY
452838.265072378,592938.7281763481,474350.9825410785,31593.829478411273,42.57227851966093,0.6169211111278073,0,4.0,1.25,0.295,0.229,365844.35,0.264,69.1,HIGH,MODIFY
1149234.713064542,1515591.7089346068,722573.5755359738,745461.7824908757,92.19781887167417,0.7106376533729584,0,4.0,2.097,0.507,0.0,1101678.36,1.0,75.4,HIGH,MODIFY
788524.7969112833,1384526.1212909156,1107620.8970327326,193063.38005837746,56.17884391845834,0.7642513780944922,0,2.0,1.25,0.538,0.364,704682.95,0.936,76.0,HIGH,MODIFY
915252.7359685438,836672.7036782578,669338.1629426063,330487.3219470422,90.96793034801897,0.7111678192461061,1,1.0,1.25,0.0,0.0,1078405.52,1.0,80.0,CRITICAL,BLOCK
563991.8749183735,1522724.498519695,599410.8405967655,396064.27671917074,58.50134784280642,0.9853634158891145,0,3.0,2.54,1.599,0.939,36742.49,0.361,29.8,LOW,MODIFY
982245.2302569194,1414314.6283618258,634616.8011420078,288744.5563859887,74.2150336511053,0.7276114728878212,0,1.0,2.229,0.681,0.226,491291.96,1.0,76.3,HIGH,MODIFY
849353.5356262639,1584434.412815268,1403259.4990633372,358162.6519200529,58.571826905409445,0.671111940533324,1,3.0,1.129,0.524,0.269,1026341.27,1.0,81.1,CRITICAL,MODIFY
228973.7870932125,358896.26157036796,287117.0092562944,709841.3892262102,59.23799395905651,0.8856175494460048,0,4.0,1.25,0.453,0.0,867035.92,1.0,89.1,CRITICAL,MODIFY
772997.1007648817,1710522.3066852693,417246.15105811384,183881.75657196576,63.393431539681174,0.6175788030510855,0,2.0,4.1,2.247,1.806,0.0,0.14,25.6,LOW,ALLOW
658696.6939434358,1313889.657879302,787016.490939423,176543.38949963578,68.71469730258046,0.6697857612388701,0,1.0,1.669,0.833,0.608,308366.92,0.692,53.4,MEDIUM,MODIFY
236328.93645220896,760514.9761325534,608411.9809060427,122263.22392341844,75.83397728681356,0.7440194598797377,0,3.0,1.25,0.862,0.661,206489.17,0.639,53.0,MEDIUM,MODIFY
968260.4088239095,1202585.4592661543,184529.20781201214,541496.8529129704,79.3892701037766,0.9158957420891849,0,1.0,6.517,1.27,0.0,491701.01,1.0,76.9,HIGH,MODIFY
790962.5229979232,1880897.289383052,1039961.6483470339,601219.4663216311,63.7695917190353,0.8679448438677482,0,4.0,1.809,1.048,0.47,551246.35,0.83,58.1,MEDIUM,MODIFY
458970.09956094465,918629.4613457834,734903.5690766268,246886.14420791267,73.1584848992294,0.768257544654765,0,1.0,1.25,0.625,0.29,522130.35,1.0,73.0,HIGH,MODIFY
611615.199438745,756734.17880126,605387.343041008,703037.1229784278,83.86078302564381,0.953114527718893,0,3.0,1.25,0.24,0.0,1163305.49,1.0,78.3,HIGH,MODIFY
689328.2699383923,1616833.4151788128,726684.421472072,634205.5272123939,62.24321228592875,0.8205705197364439,1,2.0,2.225,1.276,0.404,433384.8,0.896,68.5,HIGH,MODIFY
199019.1351661945,789309.9591602877,631447.9673282303,196038.08302883658,95.78327421058742,0.8799576260364386,2,2.0,1.25,0.935,0.624,237195.23,0.676,57.6,MEDIUM,BLOCK
239000.00214084427,1427642.912319805,781158.537706198,537579.2305465767,54.21683847863676,0.8488330896798384,1,4.0,1.828,1.522,0.833,130094.86,0.467,33.7,LOW,MODIFY
364931.98933749966,836188.4771304888,668950.7817043911,583094.142339505,62.79377429283495,0.8132700456589231,3,4.0,1.25,0.704,0.0,780788.44,1.0,97.8,CRITICAL,BLOCK
570341.6247796223,1135916.196195144,854399.6892141849,783874.5630745526,97.0511753707768,0.7060172652380667,0,3.0,1.329,0.662,0.0,1072699.68,1.0,78.8,HIGH,MODIFY
438669.63862797496,1370018.956188142,1096015.1649505137,416113.17370579473,65.20740111673926,0.8758377868411218,0,1.0,1.25,0.85,0.47,580779.02,0.83,62.5,HIGH,MODIFY
652876.4842536387,284689.9563831823,227751.96510654586,556322.5964055893,53.88478427574629,0.6395837596978299,0,1.0,1.25,0.0,0.0,1152261.09,1.0,83.4,CRITICAL,BLOCK
706884.2198033574,543105.1767031797,434484.1413625438,643600.7746173143,78.07868140281849,0.9080944117023668,0,4.0,1.25,0.0,0.0,1241863.96,1.0,82.1,CRITICAL,BLOCK
970393.0253744618,1336948.0069392675,973393.7892608074,72847.15638098484,79.7334655800671,0.6615234372941982,2,1.0,1.373,0.377,0.302,679685.96,0.998,77.6,HIGH,BLOCK
46984.47314668885,1102113.590954899,645535.7972049247,501746.3693218805,54.18715613496655,0.6387684065244111,0,1.0,1.707,1.635,0.857,92153.05,0.443,24.3,LOW,ALLOW
826022.6064030272,1686746.236018541,1010165.6397865075,543111.4319954391,57.17423805082869,0.6018995709830698,0,1.0,1.67,0.852,0.314,692553.44,0.986,71.9,HIGH,MODIFY
51607.542948090806,1847250.6833643084,803273.8171730336,89917.52375920088,76.72308335090685,0.8357141264310886,2,2.0,2.3,2.235,2.123,0.0,0.015,15.3,LOW,BLOCK
840010.5872021393,776360.2131451318,621088.1705161055,10992.98601032821,81.25021858019,0.8692019729392793,0,1.0,1.25,0.0,0.0,695731.53,0.485,68.7,HIGH,BLOCK
911734.9639330432,1927072.331238051,436963.23751001636,751208.8077904336,90.14622331578684,0.8065436817929045,0,2.0,4.41,2.324,0.604,172834.68,0.696,39.4,MEDIUM,MODIFY
1096642.9918747342,1600611.1984381608,303538.9013824563,250092.9253380191,82.40817779359199,0.7187335332467528,0,1.0,5.273,1.66,0.836,49663.62,0.464,31.0,LOW,MODIFY
548113.3134130077,1816236.6799112898,1081432.9638764774,106699.46958203732,48.29726382679702,0.9772713089934472,2,3.0,1.679,1.173,1.074,0.0,0.008,43.1,MEDIUM,BLOCK
1034646.602308664,1518996.8652590197,851560.6788028395,436252.7962511301,82.89832378122375,0.7103825661135375,1,1.0,1.784,0.569,0.056,803463.21,1.0,80.9,CRITICAL,MODIFY
25016.43724559634,403860.7111930189,323088.56895441515,299726.3125248016,75.41790341850849,0.8769736291746126,0,1.0,1.25,1.173,0.245,243970.61,1.0,54.0,MEDIUM,MODIFY
856564.6235386517,1524849.4055676109,622909.3257510515,307504.3330203135,61.29581140507587,0.8556608366883445,0,2.0,2.448,1.073,0.579,262128.88,0.721,52.3,MEDIUM,MODIFY
1145936.2101359246,1505983.9615392694,373592.81789011054,596090.163082511,49.88045261458832,0.7506491550259433,0,1.0,4.031,0.964,0.0,609635.23,1.0,83.7,CRITICAL,MODIFY
965813.623855096,1002681.4170924275,299602.54916897917,789772.849816127,67.62859390590536,0.9234412319911154,0,2.0,3.347,0.123,0.0,1052507.61,1.0,82.2,CRITICAL,MODIFY
907274.7644890039,1112961.8206214793,890369.4564971835,345848.19342150376,53.7978516146772,0.6061387776326128,0,3.0,1.25,0.231,0.0,1030530.59,1.0,88.8,CRITICAL,MODIFY
1135054.3595978152,1353289.6588953887,181260.53535888263,9540.506368958911,86.72451173250224,0.6302654351834237,0,1.0,7.466,1.204,1.151,0.0,0.218,30.8,LOW,ALLOW
318754.7915215991,1631657.9801999927,153548.869582146,255928.01668534655,72.31716286526316,0.7610155707027306,0,1.0,10.626,8.55,6.884,0.0,0.035,10.8,LOW,ALLOW
883265.4993106085,1013751.6461159954,814385.6042388073,447306.02297217184,82.83854648773436,0.9885135844293358,0,4.0,1.245,0.16,0.0,1131205.48,1.0,78.2,HIGH,MODIFY
286428.26775534096,272607.5232888495,218086.0186310796,262138.4663455854,92.85208406641283,0.6328421894762273,2,4.0,1.25,0.0,0.0,494045.23,1.0,83.6,CRITICAL,BLOCK
872850.3150767012,1967421.5733769804,477205.75820873614,438798.32141040696,73.31776289285813,0.6459438901411951,0,2.0,4.123,2.294,1.374,0.0,0.239,26.4,LOW,ALLOW
314186.51791624114,483770.2446712528,387016.19573700224,341742.121549792,51.531368413121115,0.7495071581626218,0,1.0,1.25,0.438,0.0,559174.59,1.0,86.5,CRITICAL,MODIFY
88710.48467267748,274623.3382986004,219698.67063888034,375250.9870412161,82.08217170896646,0.7065343941285147,2,1.0,1.25,0.846,0.0,409036.8,1.0,90.9,CRITICAL,BLOCK
428456.0248076976,1402928.0610917404,516547.30312554794,649597.3459351499,65.9560614335364,0.7698957786397642,0,4.0,2.716,1.887,0.629,191672.61,0.671,40.9,MEDIUM,MODIFY
728956.30911019,300818.86504661874,240655.092037295,246324.46548175774,57.56799291102931,0.867048597121965,2,1.0,1.25,0.0,0.0,915117.0,1.0,98.0,CRITICAL,BLOCK
1014974.000055387,379637.19363681856,303709.75490945484,656756.8713950255,59.78082451390742,0.7586810071389417,1,4.0,1.25,0.0,0.0,1595803.43,1.0,89.8,CRITICAL,BLOCK
163803.10169525037,328208.0162469192,262566.4129975354,451595.47566834604,83.52981637947454,0.6376089813466095,0,2.0,1.25,0.626,0.0,549756.97,1.0,80.9,CRITICAL,MODIFY
1080401.0381175089,751562.5327526861,251386.91669837525,696001.3446070541,67.53537257570446,0.9114282565984693,0,2.0,2.99,0.0,0.0,1276226.77,1.0,84.4,CRITICAL,BLOCK
1149130.0011702145,652848.6092920859,522278.8874336687,244266.9478184948,69.78329309496702,0.6632434857768331,0,2.0,1.25,0.0,0.0,1262827.23,1.0,81.8,CRITICAL,BLOCK
430442.82910952007,467783.1791845981,374226.5433476785,470444.83807285334,80.693508057092,0.8075249863746127,0,4.0,1.25,0.1,0.0,807331.03,1.0,81.4,CRITICAL,MODIFY
555709.750050358,1103656.340375033,385779.7207007901,137117.7948677489,75.85335250726374,0.9703478549731375,0,3.0,2.861,1.42,1.065,0.0,0.41,38.0,MEDIUM,ALLOW
45715.30352676639,494136.33391298295,395309.06713038636,652461.9258189612,54.31803091573899,0.7961813765491896,0,2.0,1.25,1.134,0.0,599349.96,1.0,74.3,HIGH,MODIFY
645121.4049036594,755002.6325764013,668567.7091505039,213253.70750019053,79.96241757899404,0.6969001609709792,0,3.0,1.129,0.164,0.0,771940.19,1.0,81.3,CRITICAL,MODIFY
295297.98103380576,1418662.9446167205,326675.5223918867,61952.63596221006,83.24952010526184,0.7623600989430416,0,2.0,4.343,3.439,3.249,0.0,0.118,8.7,LOW,ALLOW
998218.7253181817,1951957.1972275095,1319803.1522688223,685510.076950418,92.8022941140488,0.9662398877163778,0,1.0,1.479,0.723,0.203,1051574.76,1.0,71.7,HIGH,MODIFY
80329.76596699786,549977.0227262212,439981.618180977,209442.57790539568,91.77411407126755,0.635827817216632,0,2.0,1.25,1.067,0.591,179776.94,0.709,37.4,MEDIUM,MODIFY
504566.7880178896,818063.4239218741,654450.7391374994,320921.2313373522,87.18294829320755,0.8059898338249016,0,2.0,1.25,0.479,0.0,661875.33,1.0,76.3,HIGH,MODIFY
442053.03662317246,709962.2614434988,509565.08212639746,573281.4080547888,83.67159499643628,0.9447712222072336,2,2.0,1.393,0.526,0.0,814937.27,1.0,88.0,CRITICAL,BLOCK
565954.4331136749,465136.710936538,254619.82184716617,212110.22072677946,73.9759520637514,0.7142808461691023,0,4.0,1.827,0.0,0.0,567547.76,1.0,82.1,CRITICAL,BLOCK
642459.5388406925,1663312.1605656734,1002898.215861531,239426.09536428342,90.52131410615249,0.8996274107478512,0,1.0,1.659,1.018,0.779,221471.69,0.521,35.5,MEDIUM,MODIFY
594431.8519055903,1837730.021284273,518699.49635700864,488360.62057994294,93.22245193160208,0.8576447374454448,0,4.0,3.543,2.397,1.455,0.0,0.026,14.2,LOW,ALLOW
745802.1206311246,585933.8102733006,468747.0482186405,705721.9475259925,62.104774185387356,0.851607434617494,1,3.0,1.25,0.0,0.0,1334337.31,1.0,88.8,CRITICAL,BLOCK
784587.9780471349,669963.0294997324,535970.423599786,637549.9935688509,52.99423316524398,0.7084040565583238,2,2.0,1.25,0.0,0.0,1288145.37,1.0,98.0,CRITICAL,BLOCK
1197194.1704355285,668135.7069589742,534508.5655671795,20568.85793339065,69.68715611409853,0.6547224744251943,0,3.0,1.25,0.0,0.0,1084135.89,0.471,70.3,HIGH,BLOCK
466873.9659214468,1351914.1661003088,1081531.3328802472,134392.8951533944,52.12969792590925,0.6185038751008849,1,1.0,1.25,0.818,0.694,330884.03,0.606,63.7,HIGH,MODIFY
894700.7362730968,223843.31499332696,179074.65199466157,311405.1766051761,82.7982343253688,0.7472717545592115,1,4.0,1.25,0.0,0.0,1161337.25,1.0,82.7,CRITICAL,BLOCK
976340.3611255572,757120.7440856446,288293.7970704228,639183.7111610218,86.95227654105297,0.8023603617103102,0,1.0,2.626,0.0,0.0,1146697.13,1.0,77.9,HIGH,BLOCK
205981.02635831464,216179.68964781932,172943.75171825546,1780.3677248545923,82.90168474961308,0.674494219211822,0,1.0,1.25,0.059,0.049,164525.46,0.473,68.1,HIGH,MODIFY
1114743.4867584165,1969120.592363745,372827.60406430415,496787.21750458196,64.52181283803992,0.988061836773706,1,2.0,5.282,2.292,0.959,15237.72,0.341,31.6,LOW,MODIFY
1067391.2825073192,510773.71916279366,408618.975330235,211418.79408081074,81.418957221574,0.8137184203057672,0,1.0,1.25,0.0,0.0,1176655.33,1.0,82.8,CRITICAL,BLOCK
979152.6325614287,1573147.8712358181,984146.7590338712,601961.642294514,66.70685856647822,0.9412875834248566,0,1.0,1.598,0.604,0.0,992113.16,1.0,84.0,CRITICAL,MODIFY
316291.96663785976,700876.2188901431,514076.70292377606,11072.383175126177,68.06545248737514,0.9284535163674628,0,4.0,1.363,0.748,0.727,140564.83,0.01,33.9,LOW,MODIFY
853338.3533499913,1717502.4016179391,1148821.2731377431,479697.90859973757,66.96048086540306,0.7262307323312928,0,4.0,1.495,0.752,0.335,764355.13,0.965,66.9,HIGH,MODIFY
609573.1916488665,1081599.814177973,865279.8513423784,474426.71793474,41.694171056604674,0.7226127247108212,0,4.0,1.25,0.546,0.0,867679.95,1.0,91.0,CRITICAL,MODIFY
474043.69546367176,1162355.8858596664,929884.7086877332,347638.7859336678,67.67373987586122,0.8807574150266984,0,3.0,1.25,0.74,0.366,589211.3,0.934,69.7,HIGH,MODIFY
386586.2279034096,1513573.9208070557,872905.2934017685,617504.5983835543,88.22116760888359,0.6896553248332605,0,2.0,1.734,1.291,0.584,363422.2,0.716,36.1,MEDIUM,MODIFY
641579.3977165367,1535734.2961858953,1330673.0883572,613998.9408942381,77.32772932335047,0.841399167453965,3,4.0,1.154,0.672,0.211,1050517.13,1.0,93.4,CRITICAL,BLOCK
815050.7683077717,954458.8221658935,632255.5747985325,725761.3832786632,63.174952276113444,0.9536342016578179,0,1.0,1.51,0.22,0.0,1218608.9,1.0,85.3,CRITICAL,MODIFY
473409.67168347206,359484.75823354477,287587.8065868358,530628.5031841871,62.40168589604859,0.926999532026098,0,1.0,1.25,0.0,0.0,932141.22,1.0,85.1,CRITICAL,BLOCK
703089.1019786856,435180.37601031124,348144.30080824904,48708.239207919134,60.59335261566479,0.9066094247739914,0,3.0,1.25,0.0,0.0,664761.27,0.322,70.2,HIGH,BLOCK
929730.1421259089,697555.6683066306,479632.274324818,611027.9424780376,95.76760359743142,0.7290322372678388,1,4.0,1.454,0.0,0.0,1322834.69,1.0,82.4,CRITICAL,BLOCK
1033059.7525826739,1812892.5755792574,805884.9545709987,448104.66058503283,84.21958771448777,0.8834313276225456,1,2.0,2.25,0.968,0.412,474156.79,0.888,62.1,HIGH,MODIFY
895919.6687151723,1897701.4645615518,1416585.3228717125,663559.8080780494,64.7392130421098,0.9093126627140097,1,1.0,1.34,0.707,0.239,1078363.34,1.0,77.6,HIGH,MODIFY
197780.15914397186,784317.4471791454,379361.538591498,384235.7551395207,84.33930885372783,0.9540337613844185,0,4.0,2.067,1.546,0.533,177060.01,0.767,39.6,MEDIUM,MODIFY
313206.3574164051,1615768.6853670445,686501.47035773,698739.8420858427,96.06231861709534,0.8198584420268136,0,1.0,2.354,1.897,0.88,82678.98,0.42,18.6,LOW,MODIFY
11096.508950229385,810954.3508631655,201364.03881636608,448216.51734249707,84.81687998243345,0.7335705796065666,1,2.0,4.027,3.972,1.746,0.0,0.042,11.4,LOW,ALLOW
1006216.343914923,1045614.0130765467,582220.7819585339,434686.22172301245,44.08224785121372,0.987344294478516,0,4.0,1.796,0.068,0.0,977509.33,1.0,88.4,CRITICAL,MODIFY
93684.49435851404,489844.9056375669,391875.92451005353,104672.79388318147,65.62878356220116,0.6653557994849127,0,3.0,1.25,1.011,0.744,100388.31,0.556,40.8,MEDIUM,ALLOW
495063.99453217693,642922.1225387424,505672.77293610823,55158.260626852854,75.33028092527854,0.8049750435609389,0,2.0,1.271,0.292,0.183,412972.91,1.0,75.0,HIGH,MODIFY
1072790.7728265177,1823481.3215493485,1495410.0390103727,150875.07163889214,52.89221130163275,0.7979596190602785,0,1.0,1.219,0.502,0.401,895594.56,0.899,70.4,HIGH,MODIFY
301798.54453187855,1649719.7485883944,215164.1003021377,788332.5804965021,83.54112018942203,0.8641761736590324,0,3.0,7.667,6.265,2.601,0.0,0.288,12.6,LOW,ALLOW
1039372.5973484179,649641.8234359515,519713.4587487612,43377.23055464195,50.6633274625393,0.6061983056804526,0,2.0,1.25,0.0,0.0,952821.46,0.226,71.6,HIGH,BLOCK
1091120.8355390187,286902.77722545137,229522.2217803611,25132.08139152443,54.17742741002278,0.7620466315698171,1,4.0,1.25,0.0,0.0,1058872.36,0.35,78.2,HIGH,BLOCK
920641.1660121221,632302.5817868187,505842.06542945496,364912.20222398726,58.35796310058049,0.7359516269455114,0,1.0,1.25,0.0,0.0,1159092.85,1.0,85.4,CRITICAL,BLOCK
250430.406974938,1650660.754364439,1089343.1774352468,617214.3503372592,82.59309138023343,0.6420726839578124,0,4.0,1.515,1.285,0.719,306327.18,0.581,30.7,LOW,MODIFY
68686.3686103664,868634.8659527478,467303.0649162091,494615.076372525,84.3153490944382,0.6749348685856723,0,1.0,1.859,1.712,0.653,161969.64,0.647,24.3,LOW,MODIFY
789242.005190444,1970115.2974791783,570290.1662486519,251920.7855246137,84.05600390093392,0.6111118275758544,0,4.0,3.455,2.071,1.629,0.0,0.038,17.3,LOW,ALLOW
344914.58724132634,960655.1514980966,670434.7293378569,84898.896931566,77.30227897275546,0.648085465439234,1,3.0,1.433,0.918,0.792,139593.06,0.508,49.0,MEDIUM,MODIFY
1086318.3915206061,482935.81003883743,386348.64803106996,336052.42943277175,56.85330233116997,0.9837875198232124,1,3.0,1.25,0.0,0.0,1325783.66,1.0,91.8,CRITICAL,BLOCK
549797.9095325271,1781750.4875622848,1353494.8358797543,43625.42137065457,74.40480563514339,0.6209352371867379,0,4.0,1.316,0.91,0.878,165167.68,0.138,31.8,LOW,MODIFY
932230.1021200664,483829.61758972425,387063.69407177944,288979.5571997599,76.58023467040407,0.7770407494173781,1,2.0,1.25,0.0,0.0,1124443.74,1.0,85.3,CRITICAL,BLOCK
675613.7987008492,676041.6280873057,540833.3024698446,715209.3355931779,74.91270672920285,0.9472320068823336,1,3.0,1.25,0.001,0.0,1255614.81,1.0,88.0,CRITICAL,MODIFY
407238.0568361242,348590.26738530037,278872.2139082403,465901.90569889336,84.19926569391251,0.8731524663250964,0,4.0,1.25,0.0,0.0,803421.91,1.0,79.7,HIGH,BLOCK
392501.3438747209,737348.8916352851,489418.6756466671,190605.2459756518,74.46654819956719,0.6117671932321246,0,3.0,1.507,0.705,0.315,335176.37,0.985,71.4,HIGH,MODIFY
597515.4975786022,1169020.9005613686,595815.5285203601,7468.383237498965,44.07846294063539,0.829289755473071,1,3.0,1.962,0.959,0.947,31778.51,0.115,34.9,LOW,MODIFY
900846.2242830471,876350.9542686373,701080.76341491,492852.4236623647,84.45203126581077,0.7651724290187365,0,3.0,1.25,0.0,0.0,1218428.46,1.0,79.9,HIGH,BLOCK
765942.4177511897,1820556.2031265625,193810.13079497978,193050.78548103393,81.36215468634899,0.7651094896847623,0,1.0,9.394,5.441,4.445,0.0,0.062,14.9,LOW,ALLOW
161728.1872350789,1543748.9306717298,942997.3645837,548185.0668534989,45.18036654394216,0.9452445668324522,0,3.0,1.637,1.466,0.884,109161.69,0.416,28.8,LOW,MODIFY
608377.1384272005,719446.3026946383,391895.999526254,737271.4738049493,91.56444471979066,0.9389895689408914,1,4.0,1.836,0.283,0.0,1018098.31,1.0,81.8,CRITICAL,MODIFY
432517.67776359344,809210.5214056897,271918.1775695613,41783.502238422356,93.52890969206547,0.7525919935346899,2,1.0,2.976,1.385,1.232,0.0,0.052,33.5,LOW,BLOCK
816038.1866657444,785182.1993041796,628145.7594433437,64760.684130216716,64.86071191326079,0.8182743979576814,0,3.0,1.25,0.0,0.0,723762.43,1.0,82.7,CRITICAL,BLOCK
26839.68355168237,898417.3376231754,699898.441977471,454939.41237096937,61.859253872196604,0.6465732351786266,0,1.0,1.284,1.245,0.595,283260.2,0.705,33.2,LOW,MODIFY
166721.63889073522,947586.9996210934,403637.5720273218,725039.377042354,94.93527212294742,0.7991963285055039,0,4.0,2.348,1.935,0.138,347811.59,1.0,52.0,MEDIUM,MODIFY
674071.1456463697,1722196.5277965087,1354174.712829676,607848.9822132519,91.76397165568271,0.8260962139783262,0,4.0,1.272,0.774,0.325,913898.31,0.975,66.6,HIGH,MODIFY
890035.6889207239,1329451.4558593214,1063561.1646874573,68219.7068432183,65.06658922771467,0.687542075684648,0,4.0,1.25,0.413,0.349,692365.1,0.951,71.1,HIGH,MODIFY
998625.9827552884,568758.2544954575,455006.603596366,146561.95748109173,84.95314857740054,0.9173444072136694,1,4.0,1.25,0.0,0.0,1031436.29,1.0,82.6,CRITICAL,BLOCK
345065.30085493735,1894324.587411452,331093.1686432194,469128.0479235311,82.39090708794379,0.6038927729661207,0,2.0,5.721,4.679,3.262,0.0,0.146,12.9,LOW,ALLOW
300023.23400499066,1685891.605200895,1314049.1722083378,796956.2273155128,78.4435500428213,0.9263733940901198,0,3.0,1.283,1.055,0.448,725137.03,0.852,51.3,MEDIUM,MODIFY
239251.3252374851,956110.1452902724,352373.0139031904,330582.4171815105,60.54958252320845,0.7834754682360081,0,3.0,2.713,2.034,1.096,0.0,0.074,22.6,LOW,ALLOW
629796.3714463393,720796.3190910394,576637.0552728315,640310.1388507138,40.110163242789355,0.7162077608939281,0,1.0,1.25,0.158,0.0,1125947.25,1.0,86.2,CRITICAL,MODIFY
905352.6625907315,1043792.6498489897,174929.33790610824,246830.38453453436,70.90189756656265,0.8766848471265345,0,4.0,5.967,0.791,0.0,283319.74,1.0,73.2,HIGH,MODIFY
946585.3729578358,429184.5368617715,343347.6294894172,671242.215711819,44.770951716901486,0.8171478435456178,0,2.0,1.25,0.0,0.0,1531990.68,1.0,90.9,CRITICAL,BLOCK
501563.77151783154,793127.3736807435,634501.8989445949,110992.3104126235,43.959333875542406,0.73058792008422,2,1.0,1.25,0.46,0.285,453930.61,1.0,89.8,CRITICAL,BLOCK
103536.46520743475,1874211.8157032323,828397.404244889,387541.31075840455,75.57088760116086,0.9157203164421772,0,4.0,2.262,2.137,1.67,0.0,0.064,8.5,LOW,ALLOW
581392.039347234,1496075.6353238402,982513.3510680496,405694.5924379688,78.35259708411644,0.6617625066751007,2,3.0,1.523,0.931,0.518,473524.35,0.782,65.9,HIGH,BLOCK
823803.4810475212,218307.6616115154,174646.12928921232,488888.41896801203,82.31039960838051,0.8604587832016364,0,1.0,1.25,0.0,0.0,1269030.37,1.0,81.7,CRITICAL,BLOCK
245543.10815699882,593673.762836047,474939.0102688376,593812.8597000588,78.9488706875687,0.6605671585134609,0,3.0,1.25,0.733,0.0,720621.22,1.0,76.1,HIGH,MODIFY
547437.2470248947,1915137.4775140958,595530.1665488163,78514.93109492927,77.25020729151302,0.6185001349239327,1,2.0,3.216,2.297,2.165,0.0,0.008,18.3,LOW,ALLOW
159703.98175865787,310857.74318088824,248686.1945447106,686498.8253883632,63.48300207000972,0.6591874660609298,1,3.0,1.25,0.608,0.0,784031.26,1.0,91.7,CRITICAL,MODIFY
870641.1924457399,1100895.2322600186,365964.32647917565,764960.2145274384,54.039572722859894,0.7960861282854511,0,1.0,3.008,0.629,0.0,900670.5,1.0,82.0,CRITICAL,MODIFY
693469.6022138881,995091.0605041169,708435.4870925329,196873.51226782033,82.82706316567209,0.7592017492225481,0,4.0,1.405,0.426,0.148,603687.54,1.0,75.5,HIGH,MODIFY
169314.40961908226,1824006.9224775974,374806.69613472535,757344.9957666184,84.3015568093733,0.6423231254329953,0,3.0,4.867,4.415,2.394,0.0,0.098,11.3,LOW,ALLOW
1148819.1250409028,1666288.848539116,1350649.9536895328,450178.52964950347,73.15203735601347,0.7027807497706746,1,2.0,1.234,0.383,0.05,1283358.76,1.0,87.3,CRITICAL,MODIFY
555041.8733917695,660845.361148095,528676.288918476,666924.6125745036,98.21837849279845,0.9367420745945296,0,2.0,1.25,0.2,0.0,1089797.41,1.0,78.5,HIGH,MODIFY
29582.372639798297,986472.8794833295,789178.3035866637,589440.768698548,92.01388432847162,0.613245285270685,2,1.0,1.25,1.213,0.466,421728.57,0.834,47.1,MEDIUM,BLOCK
623526.3065482276,1496473.305825161,1155499.2981170113,113317.6561956982,52.28893636386788,0.8718167302307291,3,3.0,1.295,0.755,0.657,395869.96,0.643,73.2,HIGH,BLOCK
938434.7629464015,227477.0175116391,181981.6140093113,69568.25944324896,77.58994618893266,0.6119694729289163,0,3.0,1.25,0.0,0.0,962507.62,1.0,81.6,CRITICAL,BLOCK
59489.89841597235,1469851.8332533182,815175.4962066248,748843.4519668871,48.01291675897171,0.8608870973776528,0,2.0,1.803,1.73,0.812,153657.01,0.488,26.6,LOW,ALLOW
912438.5647953908,1898305.2396777614,363223.4663918529,462272.1887696114,65.18848131123977,0.9324465946549694,0,2.0,5.226,2.714,1.442,0.0,0.333,30.9,LOW,ALLOW
1076022.5485760642,650397.4698924777,452114.8669149838,289277.7885230031,68.49777383399544,0.7794002462911132,0,1.0,1.439,0.0,0.0,1167017.73,1.0,81.3,CRITICAL,BLOCK
1008402.1895063017,786757.9719624706,629406.3775699765,677210.8924018544,74.74824144001502,0.7907562344263741,0,3.0,1.25,0.0,0.0,1528261.49,1.0,80.6,CRITICAL,BLOCK
308996.5219326746,1281865.9651218331,252457.77651544363,477593.86304400914,74.83027117572813,0.8896511822035995,0,4.0,5.078,3.854,1.962,0.0,0.468,25.3,LOW,ALLOW
69593.11588491031,1940457.2698023636,1120220.3627113989,283029.4639914284,97.11827717463827,0.7672144603593791,0,2.0,1.732,1.67,1.417,0.0,0.05,3.1,LOW,ALLOW
386321.5390132752,1710416.4018329666,716423.7445034299,787551.0066469779,85.86395008113291,0.9488886115625086,0,3.0,2.387,1.848,0.749,179879.89,0.551,26.2,LOW,MODIFY
469465.4132825041,1728948.9534729891,1202433.6829538613,665586.2529008613,75.89538947090686,0.7820698450486432,1,1.0,1.438,1.047,0.494,608536.4,0.806,60.4,HIGH,MODIFY
316583.46039847314,1134294.6776125003,907435.7420900003,352822.34500452754,84.73830325034666,0.6903990892768921,0,4.0,1.25,0.901,0.512,442546.87,0.788,51.9,MEDIUM,MODIFY
692747.6242714413,1555827.455449247,463169.11024883145,775533.4140803384,72.71386185779102,0.7077548173875172,0,3.0,3.359,1.863,0.189,375622.69,1.0,65.3,HIGH,MODIFY
139960.51288651017,321830.40635747026,257464.32508597622,767245.4059915085,60.65901521096967,0.6490825340426021,0,3.0,1.25,0.706,0.0,842839.84,1.0,86.7,CRITICAL,MODIFY
113037.9940577246,845231.404412282,241481.36965790554,722392.8545887744,78.7167165016318,0.6765643798166624,0,3.0,3.5,3.032,0.041,231680.81,1.0,55.6,MEDIUM,MODIFY
383081.12615356786,708836.8305079346,567069.4644063477,358784.5839348293,76.86646887333328,0.9199696991589265,0,2.0,1.25,0.574,0.0,600098.34,1.0,81.8,CRITICAL,MODIFY
818463.8169281024,1204079.7351005268,963263.7880804215,789805.444885851,62.962144630420646,0.7677803200792279,3,4.0,1.25,0.4,0.0,1367453.31,1.0,98.0,CRITICAL,BLOCK
1074150.0341176605,1813290.9476133904,1280666.1169670182,624879.7234832478,89.0554407035917,0.606511098463756,0,4.0,1.416,0.577,0.089,1166404.93,1.0,75.0,HIGH,MODIFY
786446.9976824897,716186.2069543737,572948.965563499,17077.75311498292,45.89526774824763,0.6766556273319732,0,2.0,1.25,0.0,0.0,660287.51,0.39,77.2,HIGH,BLOCK
208544.49536036284,1553798.9920927777,477180.3970503001,3531.8819995149297,47.2220934074134,0.964027885798199,0,3.0,3.256,2.819,2.812,0.0,0.018,11.7,LOW,ALLOW
996757.9247385329,946930.4494683794,610512.2822591171,324793.35571656254,66.68685571927044,0.6278756146225117,0,2.0,1.551,0.0,0.0,985133.11,1.0,82.2,CRITICAL,BLOCK
905357.8030369749,260293.6226393212,208234.89811145698,148559.70286266258,80.09495767445621,0.6050463146835083,0,4.0,1.25,0.0,0.0,1001858.78,1.0,79.5,HIGH,BLOCK
211999.74206748005,399375.5912061054,319500.47296488436,607698.229534023,67.85678555131722,0.9622380392867125,0,3.0,1.25,0.586,0.0,739822.85,1.0,84.6,CRITICAL,MODIFY
695663.2552401562,540817.1807391306,432653.7445913045,331365.7192982725,95.9335007910956,0.8722252745312487,0,3.0,1.25,0.0,0.0,918865.54,1.0,74.9,HIGH,BLOCK
865819.4980586584,1577931.427358512,629849.5039239025,778049.5095656039,57.533092178385296,0.9162413335603661,1,2.0,2.505,1.131,0.0,695787.08,1.0,86.3,CRITICAL,MODIFY
1138287.424357362,1496541.2464340758,1033838.455296349,458755.9757658317,42.86330796572993,0.6438757334529241,0,1.0,1.448,0.347,0.0,1134340.61,1.0,90.3,CRITICAL,MODIFY
576824.6540639857,401990.8887625767,321592.7110100614,199724.67891780406,53.701183856005365,0.9371944117865292,0,4.0,1.25,0.0,0.0,696151.16,1.0,85.6,CRITICAL,BLOCK
448240.4964546758,1090001.78417367,200054.24116673096,528815.0037152042,84.30347272808766,0.9301040808563146,0,2.0,5.449,3.208,0.565,87107.96,0.735,39.0,MEDIUM,MODIFY
318420.491191464,321879.62939639273,257503.7035171142,258888.74353496893,43.57141290956117,0.896166845106322,0,4.0,1.25,0.013,0.0,512933.31,1.0,86.4,CRITICAL,MODIFY
296843.41353469493,819384.6291175502,423713.20746096456,165254.99688044595,71.88832745035697,0.6587846509012717,0,3.0,1.934,1.233,0.843,66426.99,0.457,31.4,LOW,MODIFY
411319.60868638876,770226.2889924329,616181.0311939464,376407.0859743948,71.29749559890821,0.9715503621012531,0,2.0,1.25,0.582,0.0,633681.44,1.0,82.3,CRITICAL,MODIFY
1154201.9946911847,1351705.175374102,1081364.1402992818,796296.18333121,83.60015111086898,0.9541188235333867,0,4.0,1.25,0.183,0.0,1680157.14,1.0,76.3,HIGH,MODIFY
861155.2665852811,1409093.6012672684,1193413.0103658992,550416.0255864196,93.6471946707688,0.7473551075622602,2,3.0,1.181,0.459,0.0,1195890.7,1.0,86.4,CRITICAL,BLOCK
266563.9332889648,523753.8390965333,419003.07127722667,375514.34650770103,52.33794830282971,0.817038602265504,0,3.0,1.25,0.614,0.0,537327.51,1.0,86.5,CRITICAL,MODIFY
501717.6758249492,1553778.7077312893,1088336.664440618,76786.19367359643,98.46174132973732,0.6737919540555969,0,2.0,1.428,0.967,0.896,113061.83,0.404,26.1,LOW,MODIFY
858142.4199490561,704932.0307560079,563945.6246048063,140560.7636759232,96.78905722797043,0.6869388848871305,0,1.0,1.25,0.0,0.0,857716.78,1.0,77.3,HIGH,BLOCK
1042374.3021599205,633175.3569347083,506540.28554776666,75834.51814315314,69.60620723121849,0.7070841183012212,0,1.0,1.25,0.0,0.0,991573.75,1.0,85.6,CRITICAL,BLOCK
1066502.2149512437,772935.664428696,618348.5315429568,733070.2736320286,45.046753536279894,0.8986708127811854,0,2.0,1.25,0.0,0.0,1644985.36,1.0,88.1,CRITICAL,BLOCK
611052.728215519,565445.5589372073,452356.4471497659,344873.9974191394,51.25625745398271,0.8604177910691364,1,1.0,1.25,0.0,0.0,842837.61,1.0,91.0,CRITICAL,BLOCK
462560.9756167569,1663983.5399315963,887995.8155315432,354423.07055152487,65.17130738400506,0.9093502538387533,0,4.0,1.874,1.353,0.954,40996.32,0.346,24.8,LOW,MODIFY
446356.3776837457,465966.4482103974,372773.15856831794,419607.2424520628,50.18452577423756,0.8105589342045438,2,3.0,1.25,0.053,0.0,772770.33,1.0,95.7,CRITICAL,BLOCK
990566.5964569135,290969.95766014245,232775.96612811397,754524.6812001804,50.31549962195105,0.6079110394781955,0,3.0,1.25,0.0,0.0,1686897.29,1.0,87.6,CRITICAL,BLOCK
354480.9117922314,1276372.8620451968,1028940.2500825011,373464.58395068994,91.63216287790536,0.6832526839766154,0,4.0,1.24,0.896,0.533,480512.88,0.767,54.1,MEDIUM,MODIFY
479016.5249352327,385630.0461617189,308504.03692937514,713728.5658851198,70.33482139110399,0.6055697842828217,2,4.0,1.25,0.0,0.0,1115619.08,1.0,91.7,CRITICAL,BLOCK
1064669.792684268,1685668.4897683135,533375.3675736545,399687.7746658783,73.68682818683557,0.8463584883154847,0,2.0,3.16,1.164,0.415,312064.45,0.885,55.8,MEDIUM,MODIFY
51137.62059955485,600625.3849357791,480500.3079486233,754228.0262411671,43.60272209410702,0.9707922989053481,0,4.0,1.25,1.144,0.0,685240.57,1.0,71.2,HIGH,MODIFY
180976.0025423183,522062.666509439,417650.1332075512,219297.2324063368,89.3880600465169,0.7193505515770949,0,1.0,1.25,0.817,0.292,295860.7,1.0,67.6,HIGH,MODIFY
1142071.9825495135,1307578.568494458,1046062.8547955664,121810.83657050911,92.80880636663208,0.7372781775863579,1,1.0,1.25,0.158,0.042,1002367.11,1.0,81.3,CRITICAL,MODIFY
465353.1995417628,1148687.6649303818,257728.40417265796,785943.1849368655,64.45974923744774,0.6170661964901647,0,1.0,4.457,2.651,0.0,360337.12,1.0,67.5,HIGH,MODIFY
30929.101468617617,211029.04627583647,168823.23702066918,83123.09647916285,55.44895418090005,0.8574477551940469,0,1.0,1.25,1.067,0.574,71846.39,0.726,49.5,MEDIUM,MODIFY
595011.7088062302,243030.06790238403,194424.05432190723,435477.99162799265,58.84752264781536,0.7835489414685946,2,2.0,1.25,0.0,0.0,981883.69,1.0,97.8,CRITICAL,BLOCK
823120.7646863805,300760.98870287323,240608.7909622986,122301.03550499569,52.476101761140114,0.8046844159302997,0,3.0,1.25,0.0,0.0,885269.6,1.0,92.3,CRITICAL,BLOCK
90529.01993889005,225174.48238765466,180139.58591012374,740003.7766415577,80.53399228587173,0.8948202898867368,0,3.0,1.25,0.747,0.0,785497.9,1.0,81.8,CRITICAL,MODIFY
122200.24735161643,1712960.363672422,735523.4932160666,432710.6198061592,53.80511317309299,0.6867263760883561,0,1.0,2.329,2.163,1.574,0.0,0.075,13.6,LOW,ALLOW
885295.4297091826,1568641.5312455662,631722.8573924406,52790.1659649884,73.21149950644002,0.9118598726979108,0,2.0,2.483,1.082,0.998,1166.92,0.302,23.8,LOW,MODIFY
941773.3173376635,519991.6279457916,157811.8347222439,406116.2409675553,79.61694367324961,0.8140609495950321,0,2.0,3.295,0.0,0.0,985709.77,1.0,76.3,HIGH,BLOCK
141688.5657999234,1998934.1529020471,628190.4372366802,352389.9309214321,63.15608511347362,0.6013983172690667,3,2.0,3.182,2.957,2.396,0.0,0.063,25.8,LOW,BLOCK
77884.58897098522,281876.5873601106,225501.2698880885,589335.8422993007,98.22425938423625,0.6529896997558877,1,1.0,1.25,0.905,0.0,610845.11,1.0,78.1,HIGH,MODIFY
1157415.2833127903,629497.6107591279,483537.55738402344,600321.2342784745,61.557109912513354,0.8893289480709272,0,3.0,1.302,0.0,0.0,1611776.46,1.0,86.5,CRITICAL,BLOCK
284121.02939140564,1618988.8831355684,473606.54851464665,768226.2497050434,57.44558078638539,0.8958862258189246,2,2.0,3.418,2.819,1.196,0.0,0.345,36.2,MEDIUM,BLOCK
193688.21690337593,1273023.5312227723,949025.8537912605,585073.8141664403,84.69338681567746,0.8875771575761779,0,2.0,1.341,1.137,0.521,454764.35,0.779,45.8,MEDIUM,MODIFY
302492.4713901511,717467.9979825407,573974.3983860327,102433.32738151007,78.28212152988957,0.8009835105727323,1,3.0,1.25,0.723,0.545,261432.2,0.755,59.1,MEDIUM,MODIFY
408150.0949383982,1738893.6511579119,1042067.7333536766,22185.420014069823,58.582231849113015,0.8172665674898799,2,4.0,1.669,1.277,1.256,0.0,0.073,31.2,LOW,BLOCK
569919.1386337694,1069944.5102784224,540069.4016155603,552697.97582331,73.5120051005935,0.8698078545776884,0,4.0,1.981,0.926,0.0,592742.01,1.0,76.8,HIGH,MODIFY
339678.9082085673,1423282.1047410076,830568.5946981453,758457.997619851,63.37155207577109,0.8629412942680585,0,2.0,1.714,1.305,0.391,505423.4,0.909,54.8,MEDIUM,MODIFY
1135298.2182491224,1277975.9189564663,696562.7704486258,353986.6634315283,52.92819377952609,0.7475937669318048,0,3.0,1.835,0.205,0.0,907871.73,1.0,85.8,CRITICAL,MODIFY
239623.12384891606,1204992.0155862183,883362.1356794413,413406.4054144147,52.43165000202633,0.8493690215796357,0,2.0,1.364,1.093,0.625,331399.65,0.675,51.5,MEDIUM,MODIFY
374301.99814568885,1254134.5039402677,530752.9740513014,464691.27683083195,85.64917794269266,0.6456170149657129,0,4.0,2.363,1.658,0.782,115611.75,0.518,28.2,LOW,MODIFY
167554.38194446007,1069672.1416241843,745561.8206723118,734424.9333772588,64.70540598092737,0.7129709445639538,0,1.0,1.435,1.21,0.225,577868.99,1.0,57.5,MEDIUM,MODIFY
632655.3080432271,969236.6671065794,690516.8375696129,367946.60279213736,48.818710419802855,0.9253486929277694,0,2.0,1.404,0.487,0.0,721882.08,1.0,86.7,CRITICAL,MODIFY
997657.2794931602,1795530.8920274484,361588.24692107056,757449.5227047374,53.57221080806913,0.8391778168520576,0,3.0,4.966,2.207,0.112,321164.16,1.0,70.2,HIGH,MODIFY
482586.5416951652,1532894.9455673716,1341337.2702636344,417534.9036065542,71.70064141541265,0.7348331050083067,0,4.0,1.143,0.783,0.472,708563.77,0.828,64.0,HIGH,MODIFY
312211.03829955694,1757137.279617424,275539.3722170424,647744.0095091496,68.8412785255185,0.8807250936983998,0,3.0,6.377,5.244,2.893,0.0,0.041,14.2,LOW,ALLOW
53959.729580556836,1377566.2065234054,1102052.9652187245,608680.877616785,96.21309587613908,0.6155419594392939,3,4.0,1.25,1.201,0.649,387127.37,0.651,40.5,MEDIUM,BLOCK
1172228.2605143136,856269.1664784033,685015.3331827227,269113.6036811122,68.2772132888635,0.7757807095414072,0,1.0,1.25,0.0,0.0,1270088.03,1.0,79.6,HIGH,BLOCK
1091143.1768346594,238226.55243889627,190581.24195111703,321172.6638164208,93.33236364339426,0.8844274461747506,0,1.0,1.25,0.0,0.0,1364670.53,1.0,76.9,HIGH,BLOCK
812569.72462927,728008.2915622322,297832.2468905021,773100.8403519193,58.512512604367444,0.843710815230456,0,2.0,2.444,0.0,0.0,1155494.52,1.0,88.1,CRITICAL,BLOCK
550168.7340008699,1627385.210329664,766025.8143646268,54683.55821031397,82.41562563952995,0.971626152992598,0,1.0,2.124,1.406,1.335,0.0,0.058,20.4,LOW,ALLOW
93471.75725751011,938324.2491263499,566073.781850313,25639.654777588206,71.74369116635383,0.7294073270370434,3,4.0,1.658,1.492,1.447,0.0,0.067,24.6,LOW,BLOCK
89344.27438929873,1449630.13148057,891442.5769678171,775039.2266724743,89.61997478784419,0.8288701522173424,0,4.0,1.626,1.526,0.657,306195.95,0.643,28.0,LOW,MODIFY
1095037.4893973984,1726157.5576756177,837003.09690455,131683.91143235346,74.06967085124346,0.8627704307226463,0,4.0,2.062,0.754,0.597,337566.94,0.703,50.8,MEDIUM,MODIFY
816090.8126776845,379857.05058482935,303885.6404678635,448207.4724339653,59.74933805066646,0.7434848473622457,0,2.0,1.25,0.0,0.0,1188326.87,1.0,82.9,CRITICAL,BLOCK
597882.585644277,863138.1125589742,694805.3528426051,394439.8869370248,47.272186709025675,0.8930366546115196,1,3.0,1.242,0.382,0.0,823989.71,1.0,95.3,CRITICAL,MODIFY
12697.183979196447,371860.5748397859,297488.45987182873,47287.867941535296,83.31986005628099,0.6141216060958363,0,4.0,1.25,1.207,1.048,0.0,0.007,7.9,LOW,ALLOW
588658.1486396433,1000159.379718571,800127.5037748568,467449.82249214704,70.91922227065618,0.662918133726875,1,3.0,1.25,0.514,0.0,856076.1,1.0,88.5,CRITICAL,MODIFY
328179.7187608592,1016213.81091383,428278.9346021781,795911.5003865382,81.9597187685965,0.8245320478894186,1,2.0,2.373,1.607,0.0,536156.34,1.0,72.8,HIGH,MODIFY
719903.8258323391,1634532.041362326,1016803.3141016634,551722.7542096744,87.93442001381375,0.7590675272503283,1,3.0,1.608,0.9,0.357,653897.85,0.943,70.7,HIGH,MODIFY
1004616.2249082015,1891367.3345685406,836784.3346059588,669052.2406118644,81.43253833594976,0.9666079103956258,3,2.0,2.26,1.06,0.26,619085.47,1.0,82.6,CRITICAL,BLOCK
844013.3765631263,320468.23828269163,230781.59602981235,150011.38433169626,74.6311829384156,0.8713846007415751,0,1.0,1.389,0.0,0.0,904338.12,1.0,84.7,CRITICAL,BLOCK
395336.94723320764,1092017.3900370533,312502.4535032447,571772.2737866767,40.11932636278263,0.8477198037628766,0,2.0,3.494,2.229,0.4,187594.28,0.9,60.1,HIGH,MODIFY
458654.56376499246,1933422.9444302921,363037.2406748105,634614.2653159642,42.757741185408165,0.6471578339366725,2,4.0,5.326,4.062,2.314,0.0,0.102,36.4,MEDIUM,BLOCK
10711.356110900993,465787.0178262461,372629.6142609969,88399.34462674038,49.18922263383449,0.7746734108366425,3,4.0,1.25,1.221,0.984,5953.3,0.316,29.5,LOW,BLOCK
498417.45212138945,1534320.5833693817,589823.5951551446,637405.7457511168,57.442131426397154,0.9898365520056878,0,1.0,2.601,1.756,0.676,191326.21,0.624,40.8,MEDIUM,MODIFY
1091052.1460768182,1185964.458676682,285933.8984456584,325761.8395200669,63.46071726079367,0.9638397997408923,0,4.0,4.148,0.332,0.0,516783.43,1.0,82.4,CRITICAL,MODIFY
334523.89176257123,1118495.1764059449,894796.141124756,385993.77349681064,59.79234413574606,0.6211297883257482,0,4.0,1.25,0.876,0.445,496818.63,0.855,63.9,HIGH,MODIFY
391124.2343853021,903405.7024767135,722724.5619813708,636431.3405927221,60.70434678298277,0.8586181977177046,0,1.0,1.25,0.709,0.0,846874.43,1.0,84.4,CRITICAL,MODIFY
790621.1543460413,930700.8173037613,586011.7095467257,259457.47038311788,83.41712790325707,0.669716386111895,0,1.0,1.588,0.239,0.0,705389.52,1.0,80.3,CRITICAL,MODIFY
276159.66159490886,1217354.1583089065,448693.7765193659,133331.6203656647,97.01272991697613,0.8907114917739558,2,4.0,2.713,2.098,1.8,0.0,0.083,21.3,LOW,BLOCK
276057.83939372835,1015551.2288498314,402167.73417782143,620613.2638839209,66.17132201476545,0.8175896541424924,2,4.0,2.525,1.839,0.296,283287.61,1.0,66.1,HIGH,BLOCK
385210.4088796648,870121.5329772948,701828.5509108623,24137.898924752844,40.65693229124914,0.8866785408231201,0,4.0,1.24,0.691,0.657,241055.33,0.001,46.2,MEDIUM,MODIFY
160781.76542523378,1636118.1846297213,540546.5951191136,152761.4137153197,94.77479072469609,0.8288048191159232,1,4.0,3.027,2.729,2.447,0.0,0.098,11.2,LOW,ALLOW
485009.93060578336,914863.1324921775,353133.30650512595,250913.22917273987,41.472383082393684,0.7493215145377911,0,3.0,2.591,1.217,0.507,174193.33,0.793,62.3,HIGH,MODIFY
706185.9552480265,1913818.872375912,252000.96420272297,379697.5843757071,70.73792739791705,0.8293050217664573,0,2.0,7.594,4.792,3.285,0.0,0.068,14.3,LOW,ALLOW
640652.8567461311,652120.6189172151,521696.49513377214,15915.15343807881,43.902103989126736,0.9874980314975983,0,2.0,1.25,0.022,0.0,526143.89,0.234,76.3,HIGH,MODIFY
458281.34254786896,360523.375228643,288418.70018291444,255874.89693580262,95.3719967178616,0.9137675665111651,0,3.0,1.25,0.0,0.0,642051.56,1.0,71.6,HIGH,BLOCK
321434.8849990045,429511.54056441097,343609.2324515288,702996.9380723267,66.52947864166231,0.8891701876658059,0,1.0,1.25,0.315,0.0,938529.51,1.0,80.5,CRITICAL,MODIFY
536846.9210418987,394652.85913707886,315722.28730966314,492338.8395212295,71.57940068897385,0.6169884858430446,1,3.0,1.25,0.0,0.0,950255.19,1.0,83.4,CRITICAL,BLOCK
919527.8292268802,1907122.964737366,897634.4849849901,691625.8552544216,82.91701649357137,0.8859761004437885,0,2.0,2.125,1.1,0.33,601665.2,0.97,63.1,HIGH,MODIFY
307189.47060302127,1077560.3544513653,862048.2835610923,582262.5578296484,70.7505428511572,0.6070657600180499,0,1.0,1.25,0.894,0.218,673939.96,1.0,73.0,HIGH,MODIFY
153678.49684243754,1980653.5416406568,206430.67909615595,12863.124564827722,52.78119279946803,0.8778353648435161,0,1.0,9.595,8.85,8.788,0.0,0.083,13.8,LOW,ALLOW
1177304.7939625194,1807731.842151317,607789.2125284979,568163.0088171728,60.13518316652309,0.8502133366622265,1,4.0,2.974,1.037,0.102,545525.17,1.0,83.6,CRITICAL,MODIFY
135736.9749672197,268465.67349563993,214772.53879651194,188730.925319493,44.04074467521598,0.760263533172351,0,3.0,1.25,0.618,0.0,270774.77,1.0,86.4,CRITICAL,MODIFY
1095982.2379622732,1929443.5213913643,251366.56103305836,704078.3899462947,93.4373405753054,0.9754887511933348,1,3.0,7.676,3.316,0.515,121983.67,0.785,46.0,MEDIUM,MODIFY
422592.499133338,1470174.8939883665,1127518.0908423741,418948.34556549805,51.21861148920506,0.9031570281974235,0,3.0,1.304,0.929,0.558,498884.04,0.742,64.6,HIGH,MODIFY
1082729.7981931893,1610158.3384763605,505670.74819999706,579504.4381679991,75.33027898085302,0.9304216830964658,0,2.0,3.184,1.043,0.0,557746.65,1.0,76.8,HIGH,MODIFY
827349.6813416656,978923.8964393701,713291.593325397,396349.011155569,93.1888864295965,0.6467934690864002,0,3.0,1.372,0.212,0.0,958066.39,1.0,76.5,HIGH,MODIFY
37012.51111654442,1122123.3109913254,280343.9541530638,783978.7815493313,76.7936797021065,0.9312522149262037,0,4.0,4.003,3.871,1.074,0.0,0.287,15.3,LOW,ALLOW
1052009.4134039497,271036.46212111233,216829.16969688988,565153.9917711673,73.24880041012881,0.7259551518716797,1,2.0,1.25,0.0,0.0,1562956.11,1.0,86.6,CRITICAL,BLOCK
1072194.4805898408,1850337.2992234575,707848.1821961355,535601.0131025737,73.54211497664747,0.9177498672717439,2,3.0,2.614,1.099,0.343,465306.38,0.957,72.5,HIGH,BLOCK
25852.134812748805,914349.4025873097,731479.5220698478,258329.6171143086,69.73595792654586,0.8248774034210001,0,1.0,1.25,1.215,0.861,101311.87,0.439,19.1,LOW,ALLOW
1010075.1180760725,1340280.6629839698,1072224.530387176,540263.1261293081,67.95574029820064,0.8068562598349109,0,1.0,1.25,0.308,0.0,1282282.11,1.0,83.3,CRITICAL,MODIFY
739737.4125824271,1301442.5925130604,653401.3067498963,142223.93852744048,79.19393834476665,0.8331818596405303,1,4.0,1.992,0.86,0.642,233920.07,0.658,53.5,MEDIUM,MODIFY
108660.13355090145,631986.8262542228,505589.46100337827,139213.76150852966,60.08691561677352,0.9532522199987141,0,2.0,1.25,1.035,0.76,121476.53,0.54,42.4,MEDIUM,MODIFY
413665.1853128452,1554668.6261819145,614923.1165877739,792097.8454965322,89.2666315965384,0.9202644826611548,1,1.0,2.528,1.856,0.567,266017.52,0.733,38.7,MEDIUM,MODIFY
105992.19804073306,358274.9124587223,286619.92996697786,778527.86199293,64.80919163425791,0.8199710757696496,0,1.0,1.25,0.88,0.0,812865.08,1.0,81.7,CRITICAL,MODIFY
551249.2692889249,1565120.8939291935,536455.6816299709,621556.0100361961,79.34981373398958,0.708253451639698,3,3.0,2.918,1.89,0.731,144140.07,0.569,48.4,MEDIUM,BLOCK
1140238.8342739395,255171.3730199003,204137.09841592025,588764.8028148509,47.298080152213565,0.8061493520301701,1,4.0,1.25,0.0,0.0,1677969.36,1.0,97.4,CRITICAL,BLOCK
896180.6247073336,959651.7857277093,806575.7181167431,376555.4278020283,78.10807851292365,0.6529399144124297,0,1.0,1.19,0.079,0.0,1119659.98,1.0,78.9,HIGH,MODIFY
567247.3764938073,1116734.3724562302,483314.47393646085,446247.2806776582,63.26255746225101,0.9090185930067584,0,4.0,2.311,1.137,0.214,380074.76,1.0,69.4,HIGH,MODIFY
273809.61108344235,1317570.6934577466,616819.7838207535,693185.4363274272,84.07152744392229,0.7101755113569062,0,2.0,2.136,1.692,0.568,266244.14,0.732,41.9,MEDIUM,MODIFY
438499.26414516824,433409.2098554847,346727.3678843878,611340.948894855,68.13669644750439,0.9002854208705473,0,3.0,1.25,0.0,0.0,963158.37,1.0,81.5,CRITICAL,BLOCK
793459.4862713309,286222.6553018383,228978.12424147065,416932.62175047543,91.75858013564513,0.6728135063973176,0,3.0,1.25,0.0,0.0,1153147.58,1.0,77.2,HIGH,BLOCK
235629.21600178862,262721.70401434385,210177.36321147508,184234.33650991798,88.79917147292143,0.8774866019091476,0,3.0,1.25,0.129,0.0,367319.21,1.0,82.1,CRITICAL,MODIFY
828792.8247806926,713651.6156183067,597154.5943266969,553555.5475021297,74.68294575467431,0.8185738832218036,0,3.0,1.195,0.0,0.0,1265851.35,1.0,81.0,CRITICAL,BLOCK
1143093.6545096145,1784828.0213026237,927908.1795149257,663513.5784413891,80.2656982451293,0.6692867141606477,0,2.0,1.923,0.692,0.0,949687.39,1.0,80.5,CRITICAL,MODIFY
379479.021911992,1983404.7299029545,1410508.977832376,64971.04675873526,64.76150051540588,0.8594141920997955,0,3.0,1.406,1.137,1.091,0.0,0.062,26.5,LOW,ALLOW
624968.938656164,1135671.4620336553,908537.1696269242,347614.6233990744,82.33718006641888,0.8910539795354615,0,2.0,1.25,0.562,0.18,745449.27,1.0,75.0,HIGH,MODIFY
400355.17390064127,1493564.086579065,1203361.8246036652,628147.3552332836,47.9690021615589,0.979220888355455,0,3.0,1.241,0.908,0.386,738300.27,0.914,73.8,HIGH,MODIFY
760133.8529696635,1915137.530405841,598454.4470732268,69907.67490132309,56.566289813644815,0.6833680299877257,0,4.0,3.2,1.93,1.813,0.0,0.021,25.3,LOW,ALLOW
998452.1111113153,1607487.9277508208,661748.3797856445,233647.77425402528,96.63626866937253,0.9680255095861109,1,4.0,2.429,0.92,0.567,286360.34,0.733,52.6,MEDIUM,MODIFY
974008.0273114953,1197119.4708993994,1002744.7626553195,635438.192696246,41.19919114258554,0.814554849416454,0,1.0,1.194,0.223,0.0,1415071.51,1.0,90.8,CRITICAL,MODIFY
495281.9396159633,659940.5908601758,527952.4726881407,332973.52550119517,43.404814528760554,0.6710598895303708,0,4.0,1.25,0.312,0.0,696267.35,1.0,88.2,CRITICAL,MODIFY
908159.1368151634,656044.6110417945,524835.6888334356,34195.67683376297,81.25780289958992,0.773668885292712,0,1.0,1.25,0.0,0.0,811145.89,0.399,68.4,HIGH,BLOCK
334747.70342100883,1450340.4518272385,1160272.361461791,527166.4212614027,68.54247861065475,0.8626211034575466,0,4.0,1.25,0.961,0.507,571846.03,0.793,58.2,MEDIUM,MODIFY
624366.4402966658,431315.56447209464,345052.45157767576,682784.6648983583,96.0411935422746,0.7346791652205373,0,4.0,1.25,0.0,0.0,1220887.99,1.0,74.2,HIGH,BLOCK
1093001.7552872202,524074.5065701212,443143.5102021013,164537.55950253352,95.63743858684536,0.7277431907540959,2,4.0,1.183,0.0,0.0,1176608.32,1.0,85.3,CRITICAL,BLOCK
308322.0280320097,1071310.9515299753,749774.5401197107,577747.7668941985,88.42606279011646,0.7513210499411431,1,3.0,1.429,1.018,0.247,564533.38,1.0,68.6,HIGH,MODIFY
20799.35123378195,286558.709832062,229246.9678656496,567087.499183749,74.82704967870262,0.8337135485257104,0,4.0,1.25,1.159,0.0,530575.11,1.0,67.2,HIGH,MODIFY
948300.7155462615,1761412.4992341425,190292.22719386953,68271.24917728122,78.96135478828688,0.8248042614949396,0,3.0,9.256,4.273,3.914,0.0,0.149,20.5,LOW,ALLOW
1000704.7647649215,942144.1889378866,753715.3511503093,218359.4255123574,48.94209667910358,0.9294266627743106,2,1.0,1.25,0.0,0.0,1030635.35,1.0,97.2,CRITICAL,BLOCK
448220.24899838376,506500.9230501631,405200.7384401305,338556.31649763574,78.72958039321313,0.6955421528609649,3,1.0,1.25,0.144,0.0,685476.38,1.0,93.8,CRITICAL,BLOCK
1018604.258756437,555006.1128761114,444004.89030088915,458257.29591676535,82.19258574038795,0.9445951081912125,0,4.0,1.25,0.0,0.0,1365860.33,1.0,79.4,HIGH,BLOCK
913531.8209335489,218936.0130890292,175148.81047122338,596894.133421106,79.00999413023835,0.6685844465629074,0,3.0,1.25,0.0,0.0,1466638.75,1.0,77.3,HIGH,BLOCK
95651.88324647114,1548495.8799270696,1238796.7039416558,543891.7242221683,45.20188237993551,0.8376633478111849,0,2.0,1.25,1.173,0.734,329844.43,0.566,37.1,MEDIUM,ALLOW
479883.70231915335,625763.3059708036,500610.6447766429,688506.5732125704,94.07517953248653,0.7301608631300962,0,3.0,1.25,0.291,0.0,1043237.61,1.0,74.2,HIGH,MODIFY
477965.9604096565,1333185.037145616,1066548.0297164929,793701.0490947865,52.845012396062856,0.6064388516846975,0,2.0,1.25,0.802,0.058,1005030.0,1.0,83.5,CRITICAL,MODIFY
436856.56992941356,412616.41253960086,330093.1300316807,61776.38404870507,55.27962696055097,0.773679939873985,0,1.0,1.25,0.0,0.0,416109.67,1.0,86.2,CRITICAL,BLOCK
1037628.5241654083,1533612.1274327086,641326.7030041628,602991.0099232873,91.5450532212789,0.8682523513920106,0,2.0,2.391,0.773,0.0,748334.11,1.0,75.9,HIGH,MODIFY
1065337.793634788,488164.8217805863,390531.8574244691,612337.3377431227,75.14612405521622,0.826490527631541,0,4.0,1.25,0.0,0.0,1580042.17,1.0,80.8,CRITICAL,BLOCK
715341.967611587,802350.4022432541,552569.0749117665,571381.7999976798,42.179052330389595,0.6347769862742694,0,4.0,1.452,0.157,0.0,1036942.44,1.0,90.4,CRITICAL,MODIFY
663420.6368615184,372978.35935789696,298382.6874863176,779163.1032353184,95.50602102441512,0.6036915599506656,0,2.0,1.25,0.0,0.0,1367988.07,1.0,72.9,HIGH,BLOCK
475402.90971163096,388764.6062810763,311011.6850248611,457542.75438210845,67.78694007625339,0.7021097967331861,0,1.0,1.25,0.0,0.0,855192.74,1.0,79.5,HIGH,BLOCK
438050.2945532604,1719751.5037979167,537622.0785249192,385623.6701225756,80.89812703422493,0.8893213433544038,3,3.0,3.199,2.384,1.667,0.0,0.026,30.4,LOW,BLOCK
502274.6076132137,1500379.664173608,626811.2419193313,67978.76043868794,65.70826255768216,0.985202401308755,0,2.0,2.394,1.592,1.484,0.0,0.023,23.1,LOW,ALLOW
672082.775111444,433362.9358071538,346690.3486457231,534544.7184195042,91.30795776330568,0.9503172595836213,0,2.0,1.25,0.0,0.0,1119954.91,1.0,79.2,HIGH,BLOCK
1114779.7176623966,1765584.409864964,389403.40482649487,637902.5592537969,61.0520552551816,0.6560506392407078,1,4.0,4.534,1.671,0.033,376501.27,1.0,80.4,CRITICAL,MODIFY
636235.2063535497,1071963.7535348348,361475.7128374798,247842.2632842813,83.51365439170131,0.7037722267271612,0,3.0,2.966,1.205,0.52,173589.43,0.78,48.3,MEDIUM,MODIFY
132222.98415189574,471603.0181524101,377282.4145219281,7846.253653176305,96.9293902907619,0.9894971220548818,2,1.0,1.25,0.9,0.879,45748.63,0.079,33.2,LOW,BLOCK
984401.5266247471,768965.6043471269,615172.4834777015,753570.7196630231,84.25989637157426,0.8913978424987433,0,1.0,1.25,0.0,0.0,1584179.13,1.0,79.7,HIGH,BLOCK
1086331.0139900635,218967.36320830998,152036.34544250506,444847.02878983004,80.14553799180834,0.7639821969697469,0,3.0,1.44,0.0,0.0,1464247.03,1.0,78.5,HIGH,BLOCK
975469.6978525702,1258889.6660645436,752824.5770735835,583898.4224084215,96.33202091738093,0.7470018398434367,1,3.0,1.672,0.376,0.0,1053303.03,1.0,80.3,CRITICAL,MODIFY
982513.8836250788,1884840.646346393,465859.88704465795,354148.6577779183,83.88143698774618,0.7592853037259435,0,4.0,4.046,1.937,1.177,0.0,0.373,31.2,LOW,ALLOW
1104654.0636726709,1757556.360039428,1084732.6932925412,136214.83744382035,46.75215685629675,0.9606992331069943,0,2.0,1.62,0.602,0.476,568045.23,0.824,66.8,HIGH,MODIFY
301399.78835788567,1188947.3199466101,1012403.1023926623,789554.4845653926,42.96644613195066,0.9758157927855093,0,3.0,1.174,0.877,0.097,914410.06,1.0,85.0,CRITICAL,MODIFY
100481.89223498627,1214610.6762343745,371191.42341228353,284322.2555486877,74.66239374668828,0.7758497670451903,3,4.0,3.272,3.001,2.236,0.0,0.057,25.4,LOW,BLOCK
731732.9299629729,1884446.7652645013,933810.3846091742,74507.07220485038,84.33117375958186,0.7890288628714055,1,4.0,2.018,1.234,1.155,0.0,0.065,27.3,LOW,ALLOW
545976.7014490387,1151695.2272420803,622600.9119850632,239551.07632854674,84.10297031805075,0.8663778525977479,0,3.0,1.85,0.973,0.588,256433.46,0.712,48.1,MEDIUM,MODIFY
311266.71218451706,1639620.3498329709,976300.0396828877,209955.4733273151,96.52765409474156,0.8818814836022367,2,1.0,1.679,1.361,1.146,0.0,0.138,23.8,LOW,BLOCK
578191.2584402381,525962.7104558456,420770.1683646765,386698.0509618992,53.983188538824805,0.8496819073077013,0,2.0,1.25,0.0,0.0,859696.77,1.0,86.6,CRITICAL,BLOCK
979636.0300222215,999875.9989778929,667708.9893693281,628359.8772120447,94.1298247697185,0.6317395459997017,0,4.0,1.497,0.03,0.0,1275828.9,1.0,75.3,HIGH,MODIFY
1168357.5507471012,1766851.404338066,876119.7775249486,101466.32629913918,51.05654706824249,0.8319130266144221,0,1.0,2.017,0.683,0.567,379092.25,0.733,64.2,HIGH,MODIFY
889932.1310582671,222131.5009552272,177705.2007641818,350520.12342282967,62.407258510611825,0.8147063733047618,0,3.0,1.25,0.0,0.0,1196025.95,1.0,85.2,CRITICAL,BLOCK
230036.2965139399,603410.8780253553,482728.7024202843,326999.8140673938,90.72400554124093,0.8883598537683074,0,2.0,1.25,0.773,0.096,436353.93,1.0,72.6,HIGH,MODIFY
931984.1098414086,1887925.7052393442,1378868.8832870738,610402.0560170405,59.83784893876301,0.6788495552914225,1,2.0,1.369,0.693,0.251,1033329.34,1.0,83.3,CRITICAL,MODIFY
1089146.758222424,1900800.4639308783,573587.4623741827,468254.9516591198,71.96043177089133,0.822425464722671,3,2.0,3.314,1.415,0.599,230188.71,0.701,61.5,HIGH,BLOCK
10110.92957230838,416068.7883938862,332855.03071510897,392069.402695538,68.83895397238821,0.8453903154792968,0,2.0,1.25,1.22,0.042,318966.57,1.0,63.2,HIGH,MODIFY
1127944.5854996052,1971617.1483890854,777843.8068935145,198040.75984598458,74.69139111776707,0.7828564998336585,0,2.0,2.535,1.085,0.83,132212.0,0.47,34.9,LOW,MODIFY
608861.3219886433,1383224.0061826182,1106579.2049460947,260722.57715423667,59.76362458310162,0.6043427150582943,1,1.0,1.25,0.7,0.464,592939.1,0.836,71.4,HIGH,MODIFY
537991.5696238364,1992716.1578449584,1043375.5510494007,112396.98291183346,63.58406109562221,0.9686102666543496,2,1.0,1.91,1.394,1.287,0.0,0.103,31.4,LOW,BLOCK
1139991.0322994182,616381.0810387617,395654.528447566,323809.1609221244,48.71526577673633,0.8015495427083378,0,4.0,1.558,0.0,0.0,1243073.64,1.0,86.5,CRITICAL,BLOCK
427962.2000170684,747720.9300345189,255852.69217251765,399900.1510206878,43.99357744358447,0.7724099189385788,0,4.0,2.922,1.25,0.0,335994.11,1.0,80.7,CRITICAL,MODIFY
1018458.3357583786,1782687.1384870901,1211807.7877353283,368282.5188076264,42.02363929860985,0.7973480817063896,0,1.0,1.471,0.631,0.327,815861.5,0.973,77.5,HIGH,MODIFY
969632.536714089,1576665.612763664,1082421.4919905174,291653.04419873125,83.75760118753502,0.7321053468529074,0,2.0,1.457,0.561,0.291,767041.46,1.0,68.6,HIGH,MODIFY
925613.9598011384,1314584.5927447202,650793.2003205247,592607.9434050001,97.45098685784706,0.7361882773936375,1,1.0,2.02,0.598,0.0,854430.51,1.0,80.1,CRITICAL,MODIFY
646327.8702426038,527010.7531300674,421608.6025040539,254057.65407160894,72.30305570585719,0.8155883574147664,1,2.0,1.25,0.0,0.0,794983.37,1.0,85.9,CRITICAL,BLOCK
687303.2088885503,1886365.5909931539,452932.6603354812,651377.633552229,85.48351788654878,0.6435392458932572,3,2.0,4.165,2.647,1.209,0.0,0.293,37.4,MEDIUM,BLOCK
517063.46667783655,634400.9027223305,507520.72217786446,153772.90586446834,42.0850737683754,0.9733829831062334,0,2.0,1.25,0.231,0.0,543956.19,1.0,90.7,CRITICAL,MODIFY
1120756.2089556544,1959999.5713579287,723819.9189364241,412712.4066881227,47.29372325524466,0.7727877210314158,0,4.0,2.708,1.159,0.589,297288.96,0.711,54.1,MEDIUM,MODIFY
582091.0870429737,282670.21389121795,226136.17111297438,796545.8150746475,60.64386593761435,0.7387333112587923,1,3.0,1.25,0.0,0.0,1322102.86,1.0,86.0,CRITICAL,BLOCK
770176.8056766378,773212.554292346,618570.0434338768,710669.5439929875,68.40205915355668,0.8569865170197715,0,1.0,1.25,0.005,0.0,1326203.84,1.0,82.0,CRITICAL,MODIFY
644500.1452764408,1439202.3688938075,1234145.2033134336,491880.36762111424,69.6294125269296,0.6252298270170277,0,3.0,1.166,0.644,0.245,931323.35,1.0,76.2,HIGH,MODIFY
609582.3071705822,472247.57060568326,377798.0564845466,604857.4767100149,86.26701761696651,0.8454206187881659,0,1.0,1.25,0.0,0.0,1119990.27,1.0,76.3,HIGH,BLOCK
370540.3868855965,1523256.2699166385,1218605.0159333108,195756.13806809625,63.95796848356374,0.6053731429872572,0,4.0,1.25,0.946,0.785,261645.27,0.515,51.3,MEDIUM,MODIFY
759326.8286069033,354782.95101148996,283826.360809192,775365.4863639226,45.27061707993234,0.8526824624908549,0,3.0,1.25,0.0,0.0,1463735.72,1.0,88.1,CRITICAL,BLOCK
996819.1800352059,281069.83509485377,205932.19382144272,268572.1251487486,57.751273825772785,0.9700956043592197,0,2.0,1.365,0.0,0.0,1190253.66,1.0,83.1,CRITICAL,BLOCK
751334.9531688356,931047.8804517735,744838.3043614188,29710.202973203704,78.3982387384861,0.7209659190976843,1,2.0,1.25,0.241,0.201,594835.58,0.3,66.3,HIGH,MODIFY
612388.9588942082,1734139.6422098652,1026793.4017846778,32576.119424786044,79.98701089837098,0.9075191090674104,0,2.0,1.689,1.092,1.061,0.0,0.061,27.3,LOW,ALLOW
616884.7114622762,747922.45367971,589030.0545181397,595040.2444438856,68.586284140233,0.8043512690404382,0,3.0,1.27,0.222,0.0,1053032.56,1.0,80.9,CRITICAL,MODIFY
766901.2996378661,531159.985580612,424927.9884644896,626742.3427854453,77.20965409992863,0.87697548358678,0,2.0,1.25,0.0,0.0,1287411.65,1.0,81.3,CRITICAL,BLOCK
434789.4843067633,273127.8770665536,197069.43147478515,473358.18354595674,95.93890084246732,0.8140214635214917,0,4.0,1.386,0.0,0.0,832089.22,1.0,76.0,HIGH,BLOCK
828035.4565729994,769119.706661117,557148.0129944647,301183.7369769186,83.58568376164345,0.6198625741169249,0,4.0,1.38,0.0,0.0,917247.5,1.0,77.1,HIGH,BLOCK
1162640.5589855493,225040.9283811967,180032.74270495737,710031.9230437278,97.20835673787323,0.9741063404678449,2,1.0,1.25,0.0,0.0,1827664.3,1.0,88.4,CRITICAL,BLOCK
224953.3913576894,883510.1208458001,296585.52234724903,76744.1115667486,43.22429736679588,0.7485986529173636,0,4.0,2.979,2.22,1.962,0.0,0.058,21.0,LOW,ALLOW
270652.75268128095,401064.8405448912,320851.87243591296,86403.99651068877,66.04113278346992,0.8314665340276484,0,2.0,1.25,0.406,0.137,276843.78,1.0,79.8,HIGH,MODIFY
432039.8632003276,1560648.6372602659,1346611.9724393236,398537.2471319448,83.99076997260497,0.8279006975688716,0,3.0,1.159,0.838,0.542,616540.45,0.758,54.1,MEDIUM,MODIFY
744105.3733418629,1335566.0469481656,1024209.3248857253,361081.9883330642,67.50859096885355,0.6903006520442018,0,3.0,1.304,0.577,0.225,793830.64,1.0,76.3,HIGH,MODIFY
215262.6875442184,963743.420439073,770994.7363512585,750258.2248672205,88.7917419215044,0.7033717345846301,2,3.0,1.25,0.971,0.0,772772.23,1.0,83.4,CRITICAL,BLOCK
322365.8426971206,799343.2124436301,639474.5699549041,83831.04425656241,50.93595531119615,0.7018819757605512,3,2.0,1.25,0.746,0.615,246328.24,0.685,76.1,HIGH,BLOCK
1183368.6427715535,1529372.7477857817,535838.7111376259,205561.1377138562,78.9317205154662,0.9273190745235173,1,1.0,2.854,0.646,0.262,395395.74,1.0,77.4,HIGH,MODIFY
995904.5004844675,657722.8923953087,526178.313916247,108029.58024095286,75.57348385581145,0.916127962571059,1,4.0,1.25,0.0,0.0,972389.5,1.0,84.7,CRITICAL,BLOCK
1079755.6210056462,785472.9155055943,372454.52979072044,653401.7471982387,79.53692549911779,0.6009479604286185,1,3.0,2.109,0.0,0.0,1320138.98,1.0,85.7,CRITICAL,BLOCK
1073320.575964527,985804.8339989271,788643.8671991418,2721.5647504183594,50.05106077853219,0.8705785289283836,0,2.0,1.25,0.0,0.0,878881.17,0.285,72.3,HIGH,BLOCK
982533.6153368824,355363.947172283,284291.1577378264,344193.8920013454,48.993716195495345,0.6344310107905453,0,1.0,1.25,0.0,0.0,1255654.72,1.0,89.7,CRITICAL,BLOCK
803745.7620976194,330309.4365927467,162006.6194021203,218536.33481105074,47.81891674081421,0.9774193890026769,0,2.0,2.039,0.0,0.0,853979.28,1.0,89.9,CRITICAL,BLOCK
608948.2534672997,862023.8536859573,689619.0829487658,49407.12160202079,93.37952462701762,0.8524200538691704,0,2.0,1.25,0.367,0.295,485950.6,0.409,54.1,MEDIUM,MODIFY
375155.119142061,472334.5972919826,403998.93617223774,553813.097858185,50.87551785065184,0.8411382610547365,0,1.0,1.169,0.241,0.0,860632.56,1.0,88.3,CRITICAL,MODIFY
304475.2656681306,932077.3470830325,363782.41970582074,123720.78227044323,64.15615361479728,0.7750418711035784,2,4.0,2.562,1.725,1.385,0.0,0.066,32.9,LOW,BLOCK
1033303.6071591758,1840737.570165815,1221214.9049098922,464507.2855625079,89.82689699739895,0.8973033557837707,0,4.0,1.507,0.661,0.281,878288.23,1.0,68.6,HIGH,MODIFY
1171000.7427220172,729600.8098902232,583680.6479121785,231623.00746730738,75.81872414070305,0.6756141637792621,0,4.0,1.25,0.0,0.0,1256703.59,1.0,80.9,CRITICAL,BLOCK
996811.5321989662,1090828.4163666484,872662.7330933188,600212.4719886722,63.793887958849226,0.7968071330461456,1,1.0,1.25,0.108,0.0,1378858.32,1.0,91.2,CRITICAL,MODIFY
532576.3479541151,927807.8628215446,720634.361071229,401116.77175305685,85.03213256610042,0.612381945957556,0,1.0,1.287,0.548,0.0,726519.62,1.0,77.6,HIGH,MODIFY
299557.61566657125,1010332.1379003774,169998.62761112748,32984.64366876486,52.23494618177496,0.8654294782747668,0,2.0,5.943,4.181,3.987,0.0,0.015,18.4,LOW,ALLOW
23484.449293078032,925066.7341290832,740053.3873032667,199624.6780358235,47.9751461574956,0.6227452328711665,0,2.0,1.25,1.218,0.949,38095.78,0.351,19.4,LOW,ALLOW
1049292.100033043,1527685.454830596,979711.5692496928,764028.8960572922,44.245799746443105,0.7379084534768182,1,2.0,1.559,0.488,0.0,1265347.11,1.0,94.4,CRITICAL,MODIFY
319507.9505656086,369645.04455821996,295716.03564657597,69269.24503001643,58.73373036986827,0.9133523067305931,0,4.0,1.25,0.17,0.0,314848.19,1.0,85.0,CRITICAL,MODIFY
354747.46497453674,1488303.980857884,626842.0229141877,30298.76321896614,48.32776344726592,0.9560111803237757,0,2.0,2.374,1.808,1.76,0.0,0.047,25.0,LOW,ALLOW
1109121.6137368078,1289224.4297064056,345220.00260416523,269512.5764892425,77.66134888028657,0.8146023065397194,0,4.0,3.735,0.522,0.0,434629.76,1.0,80.4,CRITICAL,MODIFY
87421.1577460999,277601.73767687834,222081.3901415027,423492.94000321976,41.95678297106778,0.7260004889809688,0,4.0,1.25,0.856,0.0,455393.75,1.0,86.3,CRITICAL,MODIFY
1198610.327527122,1142216.0797993238,200179.8481631807,382091.0849724248,60.8752633620217,0.9382308890882594,0,4.0,5.706,0.0,0.0,638665.18,1.0,84.3,CRITICAL,BLOCK
667290.4092118299,1965115.6795033666,439472.1416034507,610240.1816328366,72.87203276805086,0.915714306628039,2,1.0,4.472,2.953,1.565,0.0,0.287,34.4,LOW,BLOCK
826225.3119696503,1974149.4488174955,222787.79193284648,362701.4939949337,94.48825810517249,0.8942269086621435,0,2.0,8.861,5.153,3.525,0.0,0.386,24.9,LOW,ALLOW
57079.81492599264,904073.7265255174,687035.427426721,5817.589953490554,50.459008836089865,0.8542689881096898,0,3.0,1.316,1.233,1.224,0.0,0.077,15.4,LOW,ALLOW
1013308.7720743077,1322662.3813970697,1116960.833752546,492835.85054745467,43.723548208409206,0.6656129168727996,0,1.0,1.184,0.277,0.0,1300443.07,1.0,87.9,CRITICAL,MODIFY
1157244.3970837973,1016324.9984913901,813059.9987931121,262379.02197791456,42.19318612378748,0.7157188628698659,0,2.0,1.25,0.0,0.0,1216358.42,1.0,93.0,CRITICAL,BLOCK
1061168.637631203,1807252.6017750148,810558.8971872287,233312.85258963375,77.81215015078884,0.7972853786455987,0,3.0,2.23,0.92,0.633,297787.79,0.667,47.4,MEDIUM,MODIFY
978649.0417176279,1182940.7430723435,227531.21772404856,664924.3404279167,73.86536185628383,0.8872137832873328,0,4.0,5.199,0.898,0.0,688163.86,1.0,75.4,HIGH,MODIFY
578868.656399117,1277575.5919851826,856375.1289765954,280309.077259754,97.70612007135884,0.8533312940042233,0,3.0,1.492,0.816,0.489,437977.27,0.811,56.4,MEDIUM,MODIFY
56044.035749115355,639215.743328575,511372.59466286004,699602.8527121776,69.488288045771,0.7812617572995234,0,1.0,1.25,1.14,0.0,627803.74,1.0,67.3,HIGH,MODIFY
1055788.2580353739,1621179.3248404483,278236.2449966486,634879.9778641538,85.18718368106795,0.9866369633313156,1,1.0,5.827,2.032,0.0,347725.16,1.0,73.5,HIGH,MODIFY
811262.2267792583,397984.31881616113,318387.45505292894,464549.2101938986,55.613881976044205,0.6450574058966096,0,4.0,1.25,0.0,0.0,1196214.57,1.0,88.2,CRITICAL,BLOCK
207993.5068905254,212842.2135753438,170273.77086027505,139319.56177623465,97.33353581733851,0.6212778346819018,0,1.0,1.25,0.028,0.0,304744.63,1.0,73.6,HIGH,MODIFY
149195.9467617929,1708182.7661870439,456066.01470700465,75592.76993772377,43.09660816449078,0.8143964705753306,0,1.0,3.745,3.418,3.253,0.0,0.001,13.2,LOW,ALLOW
361172.84600852814,417936.6520324182,334349.32162593456,372088.4020402467,83.56982347930128,0.6180184570732351,1,3.0,1.25,0.17,0.0,649673.92,1.0,81.6,CRITICAL,MODIFY
436152.0932405016,1636264.6941503093,464212.9369890567,642055.2636217817,98.86693486812732,0.7422726201508889,0,4.0,3.525,2.585,1.202,0.0,0.44,19.6,LOW,ALLOW
43475.59957642939,396969.2694519054,317575.41556152434,563621.2538821684,87.57087087466455,0.9793304849835477,1,4.0,1.25,1.113,0.0,527703.0,1.0,69.0,HIGH,MODIFY
513883.34427643934,914334.3727706652,590820.0968232958,134825.23140223481,74.28605145878319,0.9770761226518088,0,4.0,1.548,0.678,0.45,325194.3,0.85,62.4,HIGH,MODIFY
446977.9899736808,1395726.7041640375,932968.2540833242,68360.07534489452,59.890729586086685,0.6589519390472545,1,4.0,1.496,1.017,0.944,52579.62,0.356,40.5,MEDIUM,MODIFY
155206.4877445329,826176.381809908,681582.9242005143,421538.74316567095,95.68880650288136,0.8038292607928377,1,1.0,1.212,0.984,0.366,432151.77,0.934,62.2,HIGH,MODIFY
1165257.361948556,1751360.2066687793,283155.5589618062,253798.7581835342,96.46893457089529,0.6365103482157707,0,3.0,6.185,2.07,1.174,0.0,0.235,22.5,LOW,ALLOW
373370.7798996723,761157.0849210112,641752.219924546,333175.01210928214,52.79317753305598,0.9569696681379527,2,4.0,1.186,0.604,0.085,587140.93,1.0,91.9,CRITICAL,BLOCK
488721.86206700164,1859702.1356298265,1071230.8049449362,256941.16538921214,93.37708522894935,0.7238168640085688,0,3.0,1.736,1.28,1.04,0.0,0.071,21.3,LOW,ALLOW
1176764.8504384267,213391.57079909398,170713.2566392752,72609.23941814622,69.08231117424147,0.9443438109269662,0,1.0,1.25,0.0,0.0,1206695.78,1.0,82.2,CRITICAL,BLOCK
809802.7693451176,1778308.6260124121,303029.53712466196,361547.8647543023,71.40321046171888,0.9342632711327445,0,1.0,5.868,3.196,2.003,0.0,0.337,26.3,LOW,ALLOW
318838.5815511368,843780.9237765765,675024.7390212612,24522.173784085146,73.61444667552169,0.8596244942552714,1,3.0,1.25,0.778,0.741,174604.57,0.044,39.4,MEDIUM,MODIFY
530847.8743435207,303051.35158668243,242441.08126934594,655923.8491014681,48.7645934615748,0.7134540945984205,0,3.0,1.25,0.0,0.0,1126161.45,1.0,83.6,CRITICAL,BLOCK
851763.0716726544,510550.25417597836,408440.2033407827,673906.433997851,89.33673805895577,0.6988567704903215,3,3.0,1.25,0.0,0.0,1423559.45,1.0,96.5,CRITICAL,BLOCK
1092392.7233065967,1896731.9547064344,345066.7177953811,422535.4441753349,47.48884099349861,0.9714094175305511,0,4.0,5.497,2.331,1.106,0.0,0.468,43.3,MEDIUM,ALLOW
1139636.5867575682,298665.4773635308,238932.38189082465,478077.9350337319,60.514685986712486,0.8448862776432959,0,2.0,1.25,0.0,0.0,1557981.43,1.0,84.5,CRITICAL,BLOCK
351082.926656148,316333.3037637335,253066.6430109868,205696.43571824886,51.1111684658657,0.960918380551875,0,4.0,1.25,0.0,0.0,493512.7,1.0,88.4,CRITICAL,BLOCK
50141.94337399661,1626519.001767426,162891.4652816949,258862.77941211598,88.47012063109551,0.6403260639867938,0,2.0,9.985,9.677,8.088,0.0,0.071,2.0,LOW,ALLOW
135171.58665305364,1792636.2456497527,476834.3631490633,546876.9551031695,95.84226738129269,0.8118955456723452,1,1.0,3.759,3.476,2.329,0.0,0.096,10.5,LOW,ALLOW
899753.3460492764,1432101.0183463823,583660.1246995723,42810.42880699557,72.88825996401135,0.8987251165172928,0,1.0,2.454,0.912,0.839,94122.88,0.282,35.3,MEDIUM,MODIFY
347341.8734316522,1745598.898384251,525718.5579261165,245153.44403871123,69.40024525065907,0.6928659889423194,1,3.0,3.32,2.66,2.193,0.0,0.148,21.0,LOW,ALLOW
801175.8441300676,1285366.9215743835,196478.2139405752,401570.4797015494,61.25480171455417,0.9260794985365473,0,2.0,6.542,2.464,0.421,113857.62,0.879,60.7,HIGH,MODIFY
14875.481100705958,775585.8412966619,493052.6653506638,450807.17333714187,67.95232890616307,0.6322164918903656,1,3.0,1.573,1.543,0.629,183149.48,0.671,36.4,MEDIUM,MODIFY
31240.935161146448,1453756.3384014326,512698.60245105607,496122.77959864703,49.97996731337087,0.6082859878819035,1,3.0,2.835,2.775,1.807,0.0,0.005,15.9,LOW,ALLOW
482106.54300546815,903028.2848834752,722422.6279067802,164391.79623729255,91.84706724266906,0.8361853731251608,2,3.0,1.25,0.583,0.355,465892.68,0.945,70.1,HIGH,BLOCK
831097.4589590804,1751304.269469792,197565.521649064,578939.8963585533,93.02032114967102,0.9233899668068798,1,2.0,8.864,4.658,1.727,0.0,0.422,30.4,LOW,ALLOW
643961.6691045739,1300545.4558631298,839205.364279827,588565.795094536,78.71161249415276,0.7535635608874106,1,1.0,1.55,0.782,0.081,771187.37,1.0,83.5,CRITICAL,MODIFY
1124495.780492245,1401936.0652493227,308962.43953311746,265789.70910713525,48.23311588774339,0.8162199045562955,1,2.0,4.538,0.898,0.038,297311.86,1.0,85.4,CRITICAL,MODIFY
991231.1690394292,1097064.5386472791,617391.9227206511,566755.0553872001,52.63718554099718,0.9320119179351126,2,4.0,1.777,0.171,0.0,1078313.61,1.0,95.3,CRITICAL,BLOCK
1158260.7594939673,1028888.5731901755,306771.7100923072,73543.16228317944,56.476839398430926,0.6680428975355175,0,4.0,3.354,0.0,0.0,509687.06,1.0,84.5,CRITICAL,BLOCK
593188.9202957763,1371004.5984790921,463906.2605379212,203504.2117828021,93.58391262797403,0.6394802871624475,2,2.0,2.955,1.677,1.238,0.0,0.002,31.6,LOW,BLOCK
614740.0910545854,669627.2000780699,535701.760062456,52404.4431305736,81.82563815541684,0.712120479687712,0,3.0,1.25,0.102,0.005,533219.09,1.0,84.6,CRITICAL,MODIFY
437083.8193596432,1754327.7425986081,925815.0874941325,678708.9451503233,80.34859678370107,0.7917615983844132,0,2.0,1.895,1.423,0.69,287280.11,0.61,32.4,LOW,MODIFY
706115.6919926452,527842.9275707469,434654.97845000407,363065.21981335955,53.12909438992827,0.8814474872832505,0,1.0,1.214,0.0,0.0,975992.96,1.0,85.2,CRITICAL,BLOCK
795048.725134835,630835.8891093371,289952.81262449577,509313.74474556564,54.12340765953484,0.6809161099030279,0,4.0,2.176,0.0,0.0,963479.39,1.0,85.5,CRITICAL,BLOCK
1043462.3835202998,1576897.6838701533,209874.24955116273,324004.5486351607,74.0295593698043,0.9723246855650519,1,3.0,7.514,2.542,0.998,443.5,0.302,26.6,LOW,MODIFY
1028761.4757005235,1512712.615929422,394835.8297943976,725079.0538393261,72.90523788751405,0.9062873355836849,0,3.0,3.831,1.226,0.0,635963.74,1.0,73.7,HIGH,MODIFY
372243.6852497418,1562408.539469788,1121377.7283352122,467813.3418021579,89.19208230215891,0.6969352095366635,0,3.0,1.393,1.061,0.644,399026.22,0.656,40.5,MEDIUM,MODIFY
211652.62943084253,1134523.010024304,797628.6801268152,180152.9166094178,98.25883066344839,0.7654578478496188,2,2.0,1.422,1.157,0.931,54911.22,0.369,24.3,LOW,BLOCK
973552.7194239801,1128555.8969657323,983315.7777335013,167312.18365653307,43.98876967258907,0.6416166933148507,0,4.0,1.148,0.158,0.0,995624.78,1.0,90.7,CRITICAL,MODIFY
946219.3094894562,1485864.5683334945,885027.1795302712,643265.8865830444,71.87842468309175,0.676963509494532,0,4.0,1.679,0.61,0.0,988647.81,1.0,82.2,CRITICAL,MODIFY
808660.592270991,1627347.3469611802,751272.931192965,459890.31950582645,63.34562312792222,0.7194176092632297,0,3.0,2.166,1.09,0.478,392476.5,0.822,56.6,MEDIUM,MODIFY
614169.5079010237,840938.4308713451,672750.7446970762,104134.91638932352,52.0633871563967,0.7028823716580136,1,1.0,1.25,0.337,0.182,550116.74,1.0,85.8,CRITICAL,MODIFY
1190994.5595502357,1373437.4995742529,463661.6211279514,46367.13150723031,94.8983286100671,0.8843723981467779,0,4.0,2.962,0.393,0.293,327585.81,0.344,56.2,MEDIUM,MODIFY
93479.59384771931,1525377.9965444808,445895.44256829045,296878.66822581645,85.43852562004653,0.639122794607577,2,2.0,3.421,3.211,2.545,0.0,0.032,13.9,LOW,BLOCK
1069298.5471962118,1805063.1574403672,232152.82984266622,558483.7877845123,52.576700614150504,0.9531143606516861,0,1.0,7.775,3.169,0.764,54872.01,0.536,41.9,MEDIUM,MODIFY
712436.3461549825,1998019.3375634719,1485431.500897678,269567.5178978637,52.9928960241984,0.8320383366608033,0,1.0,1.345,0.865,0.684,469416.03,0.616,56.7,MEDIUM,MODIFY
751095.0907456663,302730.1506300154,242184.12050401233,778023.9192635557,40.49685626971322,0.9696868952647943,0,2.0,1.25,0.0,0.0,1468572.98,1.0,90.0,CRITICAL,BLOCK
1182108.83285295,291520.53753346996,169666.37177150103,296854.9282393442,47.645829198211,0.78595902730609,1,4.0,1.718,0.0,0.0,1357109.6,1.0,91.6,CRITICAL,BLOCK
365279.5070678211,1952793.6268373632,553067.8914593265,447104.4437290213,94.9689809397811,0.6950954275391861,0,3.0,3.531,2.87,2.062,0.0,0.009,7.1,LOW,ALLOW
38652.198307167375,441923.00316661655,353538.40253329324,573203.49151556,52.911755961856315,0.9147566176721871,2,1.0,1.25,1.141,0.0,523471.09,1.0,79.3,HIGH,BLOCK
1018056.2423068581,1390579.1919339446,967207.7281820545,251021.097274562,97.54291477353364,0.7251203303363761,2,1.0,1.438,0.385,0.126,845705.88,1.0,82.2,CRITICAL,BLOCK
652132.3238539839,1621327.2999301963,1297275.485168813,640585.8155342216,95.11134129837212,0.7025909671805421,0,3.0,1.25,0.747,0.253,968666.32,1.0,70.2,HIGH,MODIFY
650968.8749756748,1994353.9868251316,1090980.3891258175,63554.09517509738,83.019579689119,0.7027805658789371,3,1.0,1.828,1.231,1.173,0.0,0.145,44.3,MEDIUM,BLOCK
1108656.499845566,1952740.883889713,1393643.6705244344,532785.0242008615,64.76980679911657,0.9110501516975953,0,2.0,1.401,0.606,0.223,1082344.31,1.0,78.5,HIGH,MODIFY
298853.9391917562,1282552.9256863883,955616.005267182,739804.4585047226,41.418164776427325,0.6873899400596537,0,1.0,1.342,1.029,0.255,711721.48,1.0,73.3,HIGH,MODIFY
471242.2645076605,1527908.2755182965,877439.6778674454,383004.0754026464,73.68375768704334,0.9287325235410685,1,3.0,1.741,1.204,0.768,203777.74,0.532,42.3,MEDIUM,MODIFY
68338.36597298262,1134464.9677223652,157502.47365213017,32160.23379242401,57.334091225320066,0.608774446205993,1,3.0,7.203,6.769,6.565,0.0,0.127,14.1,LOW,ALLOW
880838.2196101974,1151161.40414389,434926.2386499541,428391.56275825907,66.0024700068638,0.6664544730700538,0,3.0,2.647,0.622,0.0,592994.62,1.0,85.7,CRITICAL,MODIFY
537744.9274230127,913367.7181973913,331644.2804555996,48415.053386423155,97.00516717398577,0.8068342712924916,0,3.0,2.754,1.133,0.987,4436.54,0.422,20.3,LOW,MODIFY
953217.545071013,507148.9498142718,405719.15985141747,307245.6023270128,50.43608262534867,0.856571338813138,0,1.0,1.25,0.0,0.0,1159033.36,1.0,86.7,CRITICAL,BLOCK
412455.9991709821,240492.1871043441,192393.7496834753,17227.443690254862,91.21306991914423,0.962574989286225,0,4.0,1.25,0.0,0.0,381585.01,0.277,64.2,HIGH,BLOCK
1029540.207399625,1065848.920560851,852679.1364486809,776509.0985401252,79.01693467683697,0.9424567661701848,1,1.0,1.25,0.043,0.0,1592879.52,1.0,86.6,CRITICAL,MODIFY
196008.64852741658,1806884.360400282,1198806.15816292,198003.86501335926,74.45236521255543,0.7567802203000029,0,3.0,1.507,1.344,1.179,0.0,0.046,14.5,LOW,ALLOW
461872.1189835673,657163.0258644713,544907.6274438646,335536.28494057886,61.56294834542066,0.9698580408917122,0,2.0,1.206,0.358,0.0,685153.01,1.0,83.4,CRITICAL,MODIFY
230412.2160755195,1894653.3396519597,882027.1824129364,715785.5556764895,43.9713219116767,0.6343271358602393,1,2.0,2.148,1.887,1.075,0.0,0.13,31.1,LOW,ALLOW
923234.3099773356,1542584.3047285676,1068939.90879291,746830.104067214,75.14610757085848,0.8769939981496062,1,4.0,1.443,0.579,0.0,1196420.02,1.0,87.5,CRITICAL,MODIFY
326724.1088255027,1234450.6633741437,987560.530699315,667538.1976326541,97.31313741420271,0.9547006713533595,0,3.0,1.25,0.919,0.243,747372.17,1.0,68.1,HIGH,MODIFY
313531.6864958274,1731324.192653096,1316311.54295027,324141.78392069053,92.03618973686328,0.9102675366864754,0,3.0,1.315,1.077,0.831,222660.82,0.469,28.7,LOW,MODIFY
776383.5674487564,1105647.7061643945,906202.3458978818,381272.6721283438,54.390391276975684,0.7549459113163571,0,4.0,1.22,0.363,0.0,958210.88,1.0,86.0,CRITICAL,MODIFY
548789.5956042839,1229904.4046255816,983923.5237004653,36229.296455556345,54.64565556628236,0.9340229590067721,0,1.0,1.25,0.692,0.655,339038.01,0.128,45.7,MEDIUM,MODIFY
374867.66312593577,1724024.7187674928,921727.2509082805,348173.6648483953,67.0061261767097,0.7657901347483544,2,1.0,1.87,1.464,1.086,0.0,0.104,32.0,LOW,BLOCK
417588.7757276767,884986.2240961695,491709.75514011405,526256.8572082714,76.06162855345825,0.6441573350492606,0,4.0,1.8,0.951,0.0,550569.16,1.0,77.4,HIGH,MODIFY
694442.666910316,1553644.6239295108,754124.5377067811,20926.35410041037,62.111308201381505,0.8545147152250094,1,2.0,2.06,1.139,1.112,0.0,0.119,40.5,MEDIUM,ALLOW
65225.70920938969,1683632.6417663754,711154.122685377,242408.75754190228,56.370885083978806,0.7736797886804688,3,1.0,2.367,2.276,1.935,0.0,0.041,25.3,LOW,BLOCK
75932.0911048005,1725408.6169788735,1425264.1744842606,775410.6543373446,98.7653015490367,0.892448562883779,0,3.0,1.211,1.157,0.613,551198.3,0.687,27.0,LOW,MODIFY
998561.2932089292,1311863.6705570943,198304.47184938443,496728.23960764124,76.75619790558099,0.8099086149415107,0,3.0,6.615,1.58,0.0,381730.33,1.0,71.7,HIGH,MODIFY
1140235.3735169752,1333874.6144596136,812325.4887666879,213693.2369100613,84.03264736700729,0.7049438416153586,0,3.0,1.642,0.238,0.0,832379.48,1.0,81.1,CRITICAL,MODIFY
905874.8240098525,902677.284896521,722141.8279172168,328000.36794258165,54.279522127333664,0.7319229546117842,0,2.0,1.25,0.0,0.0,1053339.73,1.0,89.5,CRITICAL,BLOCK
569477.5008826095,488987.37465409585,391189.8997232767,422377.7867855283,81.69971796151808,0.9021099757830429,0,3.0,1.25,0.0,0.0,894057.81,1.0,84.5,CRITICAL,BLOCK
670833.8133355359,1096363.2338370697,877090.5870696558,792782.117561712,89.64824892107296,0.9367070511837341,1,4.0,1.25,0.485,0.0,1244343.28,1.0,82.1,CRITICAL,MODIFY
767103.3008620632,1298229.670320087,192002.1538715424,622294.5002596609,65.67555266022151,0.9413047070013767,0,2.0,6.762,2.766,0.0,283170.28,1.0,74.6,HIGH,MODIFY
349710.3673509487,1932348.1685137039,1235367.709651765,553571.07734894,42.72481270388768,0.9745971756276409,0,4.0,1.564,1.281,0.833,206300.99,0.467,36.4,MEDIUM,MODIFY
939305.7968897445,603081.5188643199,482465.21509145596,544610.5511516511,55.10685939516442,0.7084954649320192,0,3.0,1.25,0.0,0.0,1363300.04,1.0,86.5,CRITICAL,BLOCK
819621.0854478858,401053.2967840441,320842.6374272353,465553.53601975966,41.2807053656672,0.9261783331466584,0,2.0,1.25,0.0,0.0,1204963.96,1.0,89.0,CRITICAL,BLOCK
98009.750656284,264935.0745856412,211948.059668513,341673.37783008243,68.1094853377311,0.6241715802054086,0,2.0,1.25,0.788,0.0,386696.11,1.0,81.1,CRITICAL,MODIFY
244045.12574339716,282945.8790871695,226356.7032697356,603371.5060351341,84.22230193141519,0.9216826921508787,0,2.0,1.25,0.172,0.0,790827.46,1.0,74.6,HIGH,MODIFY
1184798.8485866282,739373.0984408938,390097.45882543,459374.599817146,82.25043811917179,0.8955785990820457,0,3.0,1.895,0.0,0.0,1294897.81,1.0,81.5,CRITICAL,BLOCK
739675.5170092682,1349675.2547802383,1079740.2038241907,94386.89139402738,80.96165313048746,0.8232215914901311,0,3.0,1.25,0.565,0.478,564127.36,0.822,57.9,MEDIUM,MODIFY
122374.06025208162,1031865.6145654154,825492.4916523324,347716.66476036806,61.076437516639274,0.736062590236935,3,2.0,1.25,1.102,0.681,263717.6,0.619,50.2,MEDIUM,BLOCK
447252.9228572376,1548823.8645082298,230406.10172041558,761640.4317901836,98.04796003923616,0.8651906970050796,0,3.0,6.722,4.781,1.475,0.0,0.246,19.9,LOW,ALLOW
257291.69821741298,1688765.5343114783,902792.9563980363,385336.9376495288,91.95153235528554,0.863614913753288,2,3.0,1.871,1.586,1.159,0.0,0.133,24.5,LOW,BLOCK
297172.33549598185,636205.6870257899,508964.5496206319,502246.6394298847,77.16511935666958,0.726556413106227,1,1.0,1.25,0.666,0.0,672177.84,1.0,89.7,CRITICAL,MODIFY
172603.69534569606,1773560.2230384594,791112.4729883816,634311.9804818698,98.73116497533748,0.8244274050719735,1,4.0,2.242,2.024,1.222,0.0,0.024,11.9,LOW,ALLOW
340725.71229695436,998325.7123179776,798660.5698543821,673520.6523813826,77.3875672445351,0.8634736897190651,1,2.0,1.25,0.823,0.0,814581.22,1.0,86.4,CRITICAL,MODIFY
917132.4751660711,1917504.6325104807,1120239.8838314821,389932.93994178605,92.21812630590019,0.8861827081365747,1,3.0,1.712,0.893,0.545,509800.67,0.755,53.6,MEDIUM,MODIFY
590235.5887096452,985159.9529117198,373751.2155150947,205688.74775089868,86.51870864453977,0.7495844545106304,0,1.0,2.636,1.057,0.506,184515.6,0.794,49.6,MEDIUM,MODIFY
206821.40186579432,1468927.5620101078,1306855.652174596,301723.6165177827,76.60529921557504,0.9098072138320683,0,3.0,1.124,0.966,0.735,346473.11,0.565,44.4,MEDIUM,MODIFY
69732.76181119213,596723.0419349336,477378.4335479469,14599.658761388135,41.191075195137245,0.6302222738020304,2,4.0,1.25,1.104,1.073,0.0,0.121,41.1,MEDIUM,BLOCK
946188.8001806055,1596065.166950619,527770.8261208639,198795.05310291573,43.317516873138636,0.9611000899986374,0,4.0,3.024,1.231,0.855,76689.51,0.445,41.0,MEDIUM,MODIFY
435549.38873828715,1316582.924963414,449723.64887961285,23971.361392424395,74.36394888431792,0.7443123053127545,2,1.0,2.928,1.959,1.906,0.0,0.005,24.9,LOW,BLOCK
1013579.8442963152,743857.1502632,595085.72021056,763513.5047154563,45.40608577388627,0.6853706420666599,0,1.0,1.25,0.0,0.0,1628321.92,1.0,91.4,CRITICAL,BLOCK
337526.0609760913,1976781.7616115976,1085623.7469061012,152446.44339248835,93.40623098696948,0.7758944545700373,0,1.0,1.821,1.51,1.37,0.0,0.12,12.0,LOW,ALLOW
1050954.3037174186,279720.3090054487,223776.24720435898,78165.31455832036,91.986972553293,0.7128755833254418,0,2.0,1.25,0.0,0.0,1073175.56,1.0,78.2,HIGH,BLOCK
873909.8474081453,1854810.5624104943,365043.512221804,717163.2484261816,40.91747958948244,0.6000336553321189,0,4.0,5.081,2.687,0.722,101306.05,0.578,39.1,MEDIUM,MODIFY
73072.8069214097,1268410.7330995868,1014728.5864796694,732439.861597586,58.47244776379453,0.6331532837493817,2,2.0,1.25,1.178,0.456,551830.52,0.844,55.1,MEDIUM,BLOCK
109317.88307675679,1702171.0552136945,1268705.755366363,664040.2409858259,81.96199333929732,0.6120660057486733,1,3.0,1.342,1.255,0.732,339892.82,0.568,29.7,LOW,MODIFY
93362.96545118574,768495.4981762766,477271.5091383258,90004.43561181176,95.67995961271748,0.8383863572562666,2,4.0,1.61,1.415,1.226,0.0,0.009,22.0,LOW,BLOCK
1067533.9273088544,1280765.622890193,407230.05517148005,689925.809347809,87.00477910555492,0.9826556885620344,0,4.0,3.145,0.524,0.0,883924.17,1.0,78.3,HIGH,MODIFY
607885.8018874278,1725223.4622031623,496502.48499390803,712761.0405223783,62.1854147674924,0.7235614588421292,0,3.0,3.475,2.25,0.815,91925.87,0.485,28.9,LOW,MODIFY
470280.12285298755,1756845.5254263445,1172114.4123137735,701381.8875756974,79.112564630982,0.8699769720069368,0,1.0,1.499,1.098,0.499,586930.9,0.801,53.9,MEDIUM,MODIFY
136013.60864258412,807517.2821798966,498100.9571831185,414578.2301387797,69.41993050913034,0.7946095781971094,1,3.0,1.621,1.348,0.516,241175.51,0.784,50.3,MEDIUM,MODIFY
1157766.4010378935,374847.16243169026,224947.4748840697,16849.004907907616,44.46267982932788,0.7946942846607721,1,3.0,1.666,0.0,0.0,1024715.72,0.306,79.9,HIGH,BLOCK
463885.5356859461,922688.2881330563,738150.6305064451,765978.421724433,92.36754178815829,0.7024347465904383,1,1.0,1.25,0.622,0.0,1045326.3,1.0,81.0,CRITICAL,MODIFY
182491.1744965367,1951259.7282517634,501778.81780093187,323523.6495356868,86.66745608389529,0.6073251025133846,0,3.0,3.889,3.525,2.88,0.0,0.127,4.1,LOW,ALLOW
1059563.7578544556,1384266.9944993532,1107413.5955994825,328565.6303754319,54.87191995820552,0.8407953003009612,3,1.0,1.25,0.293,0.0,1111275.99,1.0,98.0,CRITICAL,BLOCK
610842.0938142653,939765.0041141688,751812.0032913351,235850.41254679923,91.57175487640318,0.9614943210197642,0,4.0,1.25,0.438,0.124,658739.51,1.0,73.4,HIGH,MODIFY
646500.9557648946,1376086.2113468156,209523.25820464228,721339.0485327181,52.97782637275912,0.7403794376175462,0,2.0,6.568,3.482,0.039,201277.05,1.0,72.4,HIGH,MODIFY
134679.3439460756,1041550.285403289,705007.0955993102,37897.21913867572,54.84294618791667,0.9375631488040541,1,3.0,1.477,1.286,1.233,0.0,0.006,26.3,LOW,ALLOW
554013.7664523518,344590.1053999456,275672.0843199565,606218.3020206536,46.54203430497026,0.889609474982209,2,1.0,1.25,0.0,0.0,1091314.05,1.0,98.0,CRITICAL,BLOCK
553298.6291482523,711107.1314890201,568885.7051912161,82116.9169513829,76.88279137943505,0.9591810619715244,0,1.0,1.25,0.277,0.133,493194.12,1.0,75.7,HIGH,MODIFY
199593.15285140983,1438505.936907317,965551.487954499,662068.5468725953,72.64078939574713,0.6906970327851416,0,1.0,1.49,1.283,0.597,388707.25,0.703,40.7,MEDIUM,MODIFY
1142944.999115763,399340.8132514699,319472.65060117596,596257.5695725901,76.70741706811881,0.8085471191003821,0,4.0,1.25,0.0,0.0,1659334.41,1.0,82.8,CRITICAL,BLOCK
816665.6484135772,1438609.483077325,1150887.58646186,81806.48786174052,80.53146876730946,0.6175261485924131,0,3.0,1.25,0.54,0.469,610750.24,0.831,63.4,HIGH,MODIFY
713167.9789280302,1330490.1583556957,1193891.2840780485,677893.3258855614,98.34881696681201,0.8104048046574748,0,2.0,1.114,0.517,0.0,1254462.43,1.0,74.5,HIGH,MODIFY
503780.40018888924,432294.49621953524,345835.5969756282,594390.5115995256,90.72209990025908,0.8104896489898689,0,4.0,1.25,0.0,0.0,1011712.01,1.0,74.8,HIGH,BLOCK
884917.0015602342,1368077.5799090008,1118872.7275565886,318573.7056629054,54.216507561527635,0.6242848040039025,2,3.0,1.223,0.432,0.147,954285.85,1.0,94.8,CRITICAL,BLOCK
475795.7965981418,1320946.6069198847,579353.6068229907,719208.6003946351,84.4433458934459,0.7698812581230697,0,4.0,2.28,1.459,0.217,453411.4,1.0,59.3,MEDIUM,MODIFY
1028498.1925366916,1772249.8472271743,410364.1418425479,43480.65932246268,86.0523531900716,0.6949530319312123,1,4.0,4.319,1.812,1.706,0.0,0.256,29.8,LOW,ALLOW
663999.9432344907,696634.0038720986,212100.797793623,756190.1087385884,41.15758332494951,0.8396333128557387,0,4.0,3.284,0.154,0.0,935656.85,1.0,92.7,CRITICAL,MODIFY
1088152.803501777,1674885.0358109756,1260181.767077152,689674.702637468,69.38304637201453,0.6377913340830601,1,2.0,1.329,0.466,0.0,1363124.24,1.0,88.3,CRITICAL,MODIFY
70563.45739416065,411074.1418481213,225501.501381589,3572.6573289490025,62.98108520384267,0.8105659976916053,0,2.0,1.823,1.51,1.494,0.0,0.128,22.6,LOW,ALLOW
16920.81808460747,616589.2237304145,186882.53738903368,344476.2531636812,53.2835612996832,0.9166521839956958,1,4.0,3.299,3.209,1.366,0.0,0.0,21.3,LOW,ALLOW
55400.04325462517,1913114.7558367904,820273.6917751922,220735.7380702045,90.869973094002,0.8664642414863459,0,1.0,2.332,2.265,1.996,0.0,0.043,2.0,LOW,ALLOW
384708.44618690095,291689.98259167734,233351.9860733419,443560.5992164333,54.31228312405512,0.7024938176814992,0,4.0,1.25,0.0,0.0,769931.05,1.0,87.7,CRITICAL,BLOCK
322833.54847364716,487650.486288757,390120.3890310056,90865.76102845321,51.0962943602994,0.8673952789469025,1,3.0,1.25,0.422,0.19,316169.21,1.0,91.4,CRITICAL,MODIFY
365550.8927540057,789990.0797605704,631992.0638084564,167800.75969042326,71.98483946151003,0.9021714808798782,0,2.0,1.25,0.672,0.406,375353.64,0.894,65.6,HIGH,MODIFY
397348.35425785143,487844.32499809685,372223.4828535785,2134.9098945393052,49.66399361434569,0.7227461723032693,0,3.0,1.311,0.243,0.237,283862.42,0.408,69.9,HIGH,MODIFY
76742.34553656672,775285.1763068228,649221.9542174945,150824.34612200366,49.263064160351675,0.7825648626047527,0,4.0,1.194,1.076,0.844,101503.47,0.456,34.8,LOW,ALLOW
26015.884773948375,1569384.7132066805,1195808.3824549671,289154.899848013,52.28758438691327,0.937526763772377,1,1.0,1.312,1.291,1.049,0.0,0.132,24.9,LOW,ALLOW
987844.6440733747,244123.16118136933,195298.5289450955,81462.81914219564,41.301879749436964,0.8781421197590631,1,4.0,1.25,0.0,0.0,1020482.83,1.0,94.0,CRITICAL,BLOCK
263280.7702374505,1244858.9957257598,995887.1965806079,641774.5338182866,49.08746353459725,0.758794676833312,0,4.0,1.25,0.986,0.341,656083.5,0.959,73.1,HIGH,MODIFY
618004.71129944,1251048.201899313,754899.1855626588,669891.9571146476,51.98082405686746,0.8212669124820269,0,3.0,1.657,0.839,0.0,791747.65,1.0,85.5,CRITICAL,MODIFY
446691.38097169664,287186.6842795383,229749.34742363065,158955.86855094237,87.86071476099376,0.7711858577398354,0,1.0,1.25,0.0,0.0,548209.91,1.0,76.8,HIGH,BLOCK
172915.19975486945,1721572.7071072082,981127.4682495039,250350.19239903838,98.3194294201731,0.6271122250059393,0,4.0,1.755,1.578,1.323,0.0,0.058,6.1,LOW,ALLOW
426433.8482678461,735464.6636069723,588371.7308855779,554673.434465878,44.95824693746455,0.7194310484188775,1,3.0,1.25,0.525,0.0,834014.35,1.0,95.4,CRITICAL,MODIFY
510648.35963240825,1625955.6703560597,653324.0246447889,608503.7119230076,61.721433973848285,0.8941175555571115,0,1.0,2.489,1.707,0.776,146520.43,0.524,35.7,MEDIUM,MODIFY
1174756.3772519599,618878.9965330998,495103.1972264799,427287.79582826066,76.42479035619567,0.8257857952027023,1,2.0,1.25,0.0,0.0,1478268.37,1.0,83.2,CRITICAL,BLOCK
344617.41414091643,283463.10430549044,226770.48344439236,648359.7923796858,52.40127505510963,0.917045276214087,0,2.0,1.25,0.0,0.0,936284.59,1.0,83.7,CRITICAL,BLOCK
42242.6800175977,207321.20710111625,165856.96568089302,581025.8073431674,78.87880796983859,0.7933070947699272,0,1.0,1.25,0.995,0.0,581804.25,1.0,76.9,HIGH,MODIFY
1115363.8325754243,1703075.3119534634,1387824.239864553,342993.10156760964,57.889536012491746,0.6156407722577038,0,2.0,1.227,0.423,0.176,1143105.86,1.0,77.9,HIGH,MODIFY
612424.979218172,1035395.8484982005,793453.1155264648,334771.95472934056,65.17061168662978,0.7611972383882968,0,2.0,1.305,0.533,0.111,705254.2,1.0,83.0,CRITICAL,MODIFY
931808.9630885022,1153848.4178795745,923078.7343036596,780881.0648983466,48.686801708292926,0.6740638369645315,1,4.0,1.25,0.241,0.0,1481920.34,1.0,91.4,CRITICAL,MODIFY
128137.9644060828,1335628.383139968,780061.9351760681,553917.0141350743,63.37423960997097,0.6406819222214859,0,4.0,1.712,1.548,0.838,126488.53,0.462,25.6,LOW,MODIFY
216901.68381876347,1149323.0736412713,919458.4589130171,519133.0352435781,44.013246386365644,0.7652110724324938,2,4.0,1.25,1.014,0.449,506170.1,0.851,71.4,HIGH,BLOCK
953305.5038004844,1791586.806011951,688579.0426451797,544746.1420778804,70.89119583915502,0.9413450198894939,0,1.0,2.602,1.217,0.426,395043.88,0.874,52.3,MEDIUM,MODIFY
326848.5144462059,865073.629538304,692058.9036306433,258020.29075372496,94.80504482515906,0.7646930046596624,1,4.0,1.25,0.778,0.405,411854.08,0.895,65.4,HIGH,MODIFY
735476.4151241949,713872.7723177779,571098.2178542223,365072.5185477966,75.66575050450174,0.6032713517144923,0,1.0,1.25,0.0,0.0,957774.38,1.0,81.2,CRITICAL,BLOCK
1097799.3362528689,1504784.970044287,984032.0537775181,276596.75410408457,82.80024464614863,0.7003905524629963,0,4.0,1.529,0.414,0.133,853643.17,1.0,74.8,HIGH,MODIFY
1077883.327705537,1675866.128779992,1426424.8033376813,427187.3369615294,51.351454228488265,0.7624261177407776,1,4.0,1.175,0.419,0.12,1255629.34,1.0,90.6,CRITICAL,MODIFY
81256.78000993728,1525213.191970608,332921.6128014112,79967.07687706577,44.14441120272883,0.9883717166386408,0,4.0,4.581,4.337,4.097,0.0,0.105,15.2,LOW,ALLOW
730950.2255330189,301002.460541707,240801.9684333656,462369.0812381204,77.48943183080371,0.7184401937335914,0,4.0,1.25,0.0,0.0,1133118.81,1.0,81.9,CRITICAL,BLOCK
933370.2621457682,511360.3834824498,409088.30678595987,564830.9762595095,89.61630007051997,0.7711379162348583,0,4.0,1.25,0.0,0.0,1395929.16,1.0,76.3,HIGH,BLOCK
883457.1990604294,1345886.6311399292,467162.0860908114,160229.21034339265,44.591770654459395,0.9192340464529731,3,1.0,2.881,0.99,0.647,164961.86,0.653,72.9,HIGH,BLOCK
581763.784714777,897855.5721635583,335659.27531298785,481831.0575219586,96.96319546277687,0.698292162761377,0,1.0,2.675,0.942,0.0,501398.55,1.0,71.4,HIGH,MODIFY
56433.44185285083,1009249.432436058,807399.5459488464,519424.0383149471,76.38299904896297,0.7593159517611052,0,3.0,1.25,1.18,0.537,374007.59,0.763,37.7,MEDIUM,MODIFY
26127.696701351728,1847893.6085235504,491639.9282275672,91943.9454797092,66.09085725614597,0.7147779735807339,3,2.0,3.759,3.705,3.518,0.0,0.018,20.8,LOW,BLOCK
418104.13242162234,1391967.2799848064,1113573.823987845,100172.05069122053,93.27457083964772,0.8589555642982887,0,3.0,1.25,0.875,0.785,239882.73,0.515,36.8,MEDIUM,MODIFY
222600.14490290734,923421.0671331799,385606.845272174,485681.1526705749,98.64457347490051,0.6631867128070862,3,4.0,2.395,1.817,0.558,170467.08,0.742,48.8,MEDIUM,BLOCK
384176.166556607,980218.5892997159,181685.73739756446,618813.1467091101,46.1485947551743,0.8015379750268156,0,2.0,5.395,3.281,0.0,204456.46,1.0,73.7,HIGH,MODIFY
743216.239367431,1146105.7945604338,916884.6356483471,642787.8391914885,89.22465084975272,0.8598994776065906,0,4.0,1.25,0.439,0.0,1156782.92,1.0,75.8,HIGH,MODIFY
606181.745679471,1786110.8933030951,721327.5453179898,337014.26498124574,73.21679275724671,0.9484415666608854,3,1.0,2.476,1.636,1.169,0.0,0.034,36.9,MEDIUM,BLOCK
1097559.6517433668,1354565.1256915536,219937.74738465564,160616.9372237474,78.45756922392002,0.6308888358276561,0,2.0,6.159,1.169,0.438,123549.21,0.862,56.0,MEDIUM,MODIFY
484558.55091982323,1328413.8937155788,155490.5822438121,41829.661904247216,44.551800517515176,0.9205498124428313,0,3.0,8.543,5.427,5.158,0.0,0.128,24.7,LOW,ALLOW
729793.3817803414,1638878.1128905057,251883.19596948597,29007.65875915594,93.51739608922304,0.6325991443729281,0,1.0,6.507,3.609,3.494,0.0,0.064,12.4,LOW,ALLOW
1131893.3376674978,1771410.7526953164,567022.6056781037,748393.5875908068,54.66846988563159,0.6213247168620941,0,3.0,3.124,1.128,0.0,675898.78,1.0,81.5,CRITICAL,MODIFY
364757.72668430733,1523347.5980500225,812735.4691303623,607613.6329818729,80.76197329327451,0.9137138422629254,0,3.0,1.874,1.426,0.678,261759.23,0.622,30.0,LOW,MODIFY
689027.1211614587,811774.6695681304,649419.7356545044,747148.4416301134,67.00720326978406,0.9629535327223444,0,4.0,1.25,0.189,0.0,1273820.63,1.0,84.4,CRITICAL,MODIFY
454484.47381661244,396212.7815261426,316970.2252209141,619302.278166889,63.59195533099374,0.9457855051110324,0,4.0,1.25,0.0,0.0,994544.2,1.0,80.9,CRITICAL,BLOCK
88212.977787788,1402103.1746806905,1163859.758342529,94355.90990641422,69.18657954409112,0.6832256150311886,2,1.0,1.205,1.129,1.048,0.0,0.096,29.3,LOW,BLOCK
1090705.3811027047,1961742.1971640592,1491829.7206439937,205788.11910867313,58.296577566049066,0.8243702972090265,0,4.0,1.315,0.584,0.446,826581.02,0.854,64.7,HIGH,MODIFY
593510.229360866,546434.6566200723,437147.7252960579,679818.0417024107,44.69238304957695,0.9884276922821069,0,3.0,1.25,0.0,0.0,1164041.34,1.0,94.4,CRITICAL,BLOCK
1084830.1656929161,546042.6441631294,436834.11533050356,439547.43467262184,82.54948918829444,0.7339110981678113,0,4.0,1.25,0.0,0.0,1415169.07,1.0,82.7,CRITICAL,BLOCK
871128.8814470589,1529795.9278310149,230101.42893675494,538484.5634953082,92.01462256957373,0.6638237841075781,1,2.0,6.648,2.863,0.522,109918.95,0.778,49.7,MEDIUM,MODIFY
34359.94739267696,1894561.9247317575,1133521.3825988704,527094.675577269,77.00351859633406,0.988549865649794,0,4.0,1.671,1.641,1.176,0.0,0.069,8.3,LOW,ALLOW
863897.4645775974,717079.3146571086,457666.7658776287,116383.8243075804,81.43118456181786,0.7345698737714518,0,4.0,1.567,0.0,0.0,720868.74,1.0,82.1,CRITICAL,BLOCK
1196568.7562492064,1780678.7958239184,222619.94703234936,718436.4704635614,95.64240818329685,0.6504966968455386,0,4.0,7.999,2.624,0.0,356946.38,1.0,66.1,HIGH,MODIFY
261196.23517379645,1620584.6200119252,1237385.1954073575,618842.961167211,46.06369491824735,0.9100841401067918,0,1.0,1.31,1.099,0.598,496839.77,0.702,49.9,MEDIUM,MODIFY
206401.72056063075,1971725.9519750965,978371.7742980549,455934.8061539559,43.89565166366805,0.8480613578205751,0,2.0,2.015,1.804,1.338,0.0,0.075,20.8,LOW,ALLOW
932032.0411016947,1928731.7968010858,784275.6480647201,774009.048460611,91.13125402647114,0.6701744448455605,0,1.0,2.459,1.271,0.284,561584.94,1.0,58.3,MEDIUM,MODIFY
996564.9173353756,359468.7704070597,287575.01632564777,594703.5089793341,53.487091694812825,0.8646332117565532,0,4.0,1.25,0.0,0.0,1519374.67,1.0,86.0,CRITICAL,BLOCK
351317.52411607385,465296.5559737422,372237.2447789938,735300.0358655354,56.238741780046794,0.8795214737130327,0,1.0,1.25,0.306,0.0,993558.25,1.0,86.0,CRITICAL,MODIFY
1128587.679663006,1735974.0687471847,442214.7202939251,191472.25374532456,59.39794658877492,0.852902440533483,0,4.0,3.926,1.374,0.941,26300.58,0.359,32.5,LOW,MODIFY
747059.2267398108,1849484.2639943066,1306791.6969977159,593941.3516079426,52.347002117425895,0.869478288993325,1,2.0,1.415,0.844,0.389,798308.01,0.911,76.6,HIGH,MODIFY
478205.2360266088,381357.7341248586,246352.1547344252,509909.8333846844,45.585004108811276,0.8574027227553545,0,3.0,1.548,0.0,0.0,853109.49,1.0,87.0,CRITICAL,BLOCK
922985.6308000941,1196526.5535518255,937892.5904147526,508517.6287388069,66.88804972215824,0.7901612799071778,0,1.0,1.276,0.292,0.0,1172869.3,1.0,82.8,CRITICAL,MODIFY
769768.462021611,1904603.5033581122,1124069.681591886,746114.2070898147,62.70496973734447,0.6847520207788488,0,2.0,1.694,1.01,0.346,735348.85,0.954,64.2,HIGH,MODIFY
925103.5601666457,1015407.1798567525,154477.49490294812,485094.62192819035,43.102027953153296,0.8880972592646224,0,2.0,6.573,0.585,0.0,549268.5,1.0,83.0,CRITICAL,MODIFY
204067.78554200305,1097763.72827841,878210.982622728,776418.6421142078,51.25786690114944,0.8296777285074373,0,2.0,1.25,1.018,0.134,760933.68,1.0,74.1,HIGH,MODIFY
339761.7570204296,1659369.1448459162,555731.3776659268,86103.45045546115,80.05290922957235,0.8286291271648218,0,3.0,2.986,2.375,2.22,0.0,0.068,13.1,LOW,ALLOW
184700.82427126225,1149154.1780385468,689690.1305137136,483755.77341231564,45.93591870177661,0.9132761558741054,0,3.0,1.666,1.398,0.697,208992.55,0.603,40.1,MEDIUM,MODIFY
541136.4620491315,498704.4816241556,398963.5852993245,640765.4258215158,89.03929056762158,0.987620438134008,2,3.0,1.25,0.0,0.0,1082160.99,1.0,89.6,CRITICAL,BLOCK
1171462.2640657655,547520.9603468522,426451.2471512999,356776.56277496804,95.50605016700712,0.6888108553572061,1,2.0,1.284,0.0,0.0,1407169.11,1.0,83.8,CRITICAL,BLOCK
85651.30251161987,793042.1919684003,666945.8168581828,665476.9565047103,84.21696704321589,0.9351544527058946,0,1.0,1.189,1.061,0.063,625031.88,1.0,70.2,HIGH,MODIFY
376153.58195353305,508753.7668472666,407003.0134778133,488644.7654432756,73.22001708336015,0.9462439232945418,1,4.0,1.25,0.326,0.0,763047.59,1.0,85.5,CRITICAL,MODIFY
944834.0527113124,1373322.9465494517,1098658.3572395614,154624.84416695696,76.22992272161265,0.6010906072635445,2,4.0,1.25,0.39,0.249,824794.31,1.0,84.1,CRITICAL,BLOCK
671983.4647068399,1276548.1499936357,380316.1690812493,506957.57612911303,93.50495056700046,0.8666290860282502,1,4.0,3.357,1.59,0.257,282709.06,1.0,58.0,MEDIUM,MODIFY
480314.43725440843,892639.9871295257,402863.5668876098,412493.1733389151,76.05028036287442,0.7237311350243506,0,3.0,2.216,1.023,0.0,403031.19,1.0,74.0,HIGH,MODIFY
169457.28966967243,1627775.186088164,877730.0347700662,525063.7711661311,66.2239061682308,0.7739657502994748,0,1.0,1.855,1.661,1.063,0.0,0.047,18.8,LOW,ALLOW
961154.4909097238,1295673.548294454,1036538.8386355634,474972.1390395204,73.30463486284681,0.8573062228811138,0,4.0,1.25,0.323,0.0,1176991.92,1.0,80.2,CRITICAL,MODIFY
1159367.1033076365,564514.3985387303,451611.5188309843,758283.9365732102,82.27795682022008,0.6550316888026685,0,1.0,1.25,0.0,0.0,1804748.16,1.0,81.6,CRITICAL,BLOCK
502694.33109649626,1862219.861234226,1048781.0899229688,265130.597385998,78.17634982047389,0.6229289167746347,0,2.0,1.776,1.296,1.043,0.0,0.052,23.9,LOW,ALLOW
787106.0689701983,254932.1896423258,203945.75171386066,347650.04785615846,47.70422838505976,0.6073871105609548,0,1.0,1.25,0.0,0.0,1083769.68,1.0,83.5,CRITICAL,BLOCK
1095071.291117629,871913.2925991077,730006.1474308895,495392.4739848499,87.55518188136071,0.8839972414006046,0,1.0,1.194,0.0,0.0,1448556.62,1.0,76.0,HIGH,BLOCK
106599.96055961054,689799.3683118426,151984.49706841982,789793.4686265521,63.14047068796122,0.7450953611988146,0,3.0,4.539,3.837,0.0,358578.56,1.0,63.0,HIGH,MODIFY
1114460.988490458,1356316.732785004,1189169.2562462671,290202.7591827483,67.0209100325547,0.6751063472240851,0,4.0,1.141,0.203,0.0,1237516.27,1.0,83.1,CRITICAL,MODIFY
525532.5571327354,1576125.6151317453,605709.1858511043,259540.71649496432,41.23970179814181,0.893402262350075,1,2.0,2.602,1.734,1.306,0.0,0.037,34.9,LOW,ALLOW
231124.6376452007,1770412.2347176466,1177021.7649533192,248494.9690280778,68.62857680433694,0.6091361439741226,0,1.0,1.504,1.308,1.097,0.0,0.126,23.6,LOW,ALLOW
271476.25703564996,1729575.7689134362,1361436.7047314025,668272.4344165334,40.74886796620996,0.679497588669147,1,3.0,1.27,1.071,0.58,571609.63,0.72,55.8,MEDIUM,MODIFY
93659.20197654396,1911690.7021651682,1107611.1559797083,712770.8067425379,64.65379597087978,0.8257247015009312,0,4.0,1.726,1.641,0.998,2350.46,0.302,11.8,LOW,ALLOW
482796.0547703637,290866.2600613778,232693.00804910224,43665.630938135095,65.57444395865866,0.9393247193042902,0,1.0,1.25,0.0,0.0,468288.43,0.281,65.4,HIGH,BLOCK
568444.7608683071,1233416.0354108643,986732.8283286914,487025.2098485333,79.80924785108249,0.6405245497958711,0,3.0,1.25,0.674,0.18,808786.76,1.0,73.4,HIGH,MODIFY
67941.61754779481,1874154.878552783,672777.2858640889,368948.67581811594,76.33737105720695,0.9226849333718294,1,2.0,2.786,2.685,2.136,0.0,0.091,14.4,LOW,ALLOW
653856.2186458759,1123607.9007771364,898886.3206217092,248776.3030061103,67.67638227855262,0.9313098863485623,0,2.0,1.25,0.523,0.246,677910.94,1.0,73.4,HIGH,MODIFY
641924.588542926,826788.0657248069,694411.6415931499,313366.82759458653,80.50699564380572,0.9885307344721037,0,3.0,1.191,0.266,0.0,822914.99,1.0,81.6,CRITICAL,MODIFY
937419.3416878073,1452844.558818622,166483.74556121914,28603.759824517016,82.06874355656055,0.6252730028387821,0,4.0,8.727,3.096,2.924,0.0,0.444,30.9,LOW,ALLOW
1023910.7169635965,408189.21225028153,326551.36980022525,641489.5352191447,52.74876998882008,0.776407801990056,0,1.0,1.25,0.0,0.0,1583762.41,1.0,84.6,CRITICAL,BLOCK
1160804.077824208,1002939.9989283957,802351.9991427166,221618.70609380808,71.60639111253215,0.9534546685854857,0,3.0,1.25,0.0,0.0,1181834.78,1.0,83.6,CRITICAL,BLOCK
1000700.2441363094,1888762.2959645614,1017456.8099551393,648903.988677847,47.022211058453024,0.6935905817542846,0,3.0,1.856,0.873,0.235,778298.75,1.0,75.9,HIGH,MODIFY
941317.2408027414,1351775.073273532,1046278.8622366342,528530.0678362417,62.04831140840645,0.8223232296797791,0,4.0,1.292,0.392,0.0,1164351.1,1.0,85.6,CRITICAL,MODIFY
338164.21690745687,1244386.5675180582,181634.74116884096,352078.3519395672,42.841378688275555,0.7685614569196647,0,3.0,6.851,4.989,3.051,0.0,0.009,19.6,LOW,ALLOW
915096.0486759191,316838.2629118635,282625.5590956276,492981.83473920287,93.5593184917205,0.7928603961191522,0,1.0,1.121,0.0,0.0,1373865.18,1.0,77.7,HIGH,BLOCK
35119.33410257672,1715323.002359487,955309.6437705212,400426.267647089,98.6143806139467,0.9733136790579631,0,4.0,1.796,1.759,1.34,0.0,0.124,5.2,LOW,ALLOW
106057.09635011991,1698669.4181315985,566205.9486745474,717183.9036863223,65.17181512262019,0.8817807414502523,0,4.0,3.0,2.813,1.546,0.0,0.114,19.0,LOW,ALLOW
496981.5815046842,700950.8288930804,560760.6631144643,692344.8530959468,42.9590256129956,0.9779376904042189,0,3.0,1.25,0.364,0.0,1049136.27,1.0,89.5,CRITICAL,MODIFY
780564.5396616114,1421015.3983605541,494176.081502086,387621.9553452055,80.36574058812194,0.9802381646921483,0,4.0,2.876,1.296,0.512,241347.18,0.788,47.5,MEDIUM,MODIFY
930079.1481977239,1205094.7911735657,737525.1393049877,549007.6619989611,76.0355986127347,0.8471304144163596,0,3.0,1.634,0.373,0.0,1011517.16,1.0,81.5,CRITICAL,MODIFY
422021.0048405498,686865.3212609346,549492.2570087477,404843.9558279732,52.500236434398836,0.988207658913208,0,1.0,1.25,0.482,0.0,689491.9,1.0,89.0,CRITICAL,MODIFY
1003722.1553126924,582053.2118696229,465642.5694956984,786648.4471852961,66.14093446166298,0.8932467469548249,0,4.0,1.25,0.0,0.0,1673959.96,1.0,81.2,CRITICAL,BLOCK
512946.750762488,750699.0159347731,600559.2127478186,137842.71022551105,76.40308109569935,0.8899794344645738,1,3.0,1.25,0.396,0.166,500649.66,1.0,78.6,HIGH,MODIFY
296839.6601965966,1168775.2158799148,395478.009606857,506870.9969769932,46.914157063679276,0.7222063128106444,1,4.0,2.955,2.205,0.923,30413.45,0.377,30.7,LOW,MODIFY
1045413.0582447206,379376.84066564316,303501.47253251454,82126.77962017682,76.73129619057725,0.8974955391007402,0,3.0,1.25,0.0,0.0,1051664.47,1.0,82.2,CRITICAL,BLOCK
440322.8900326073,1830191.4787528608,426456.3004318301,403392.18829926493,52.72678076459334,0.7930389114056764,0,3.0,4.292,3.259,2.313,0.0,0.135,23.1,LOW,ALLOW
341724.4476774759,1965165.9063343937,447492.88595266495,200892.26185482217,48.53996337700042,0.8881174532306296,0,4.0,4.392,3.628,3.179,0.0,0.119,20.3,LOW,ALLOW
594089.6129962881,986915.0526702767,789532.0421362214,709183.8134687595,62.05336491853965,0.6048031437689333,1,3.0,1.25,0.498,0.0,1105890.42,1.0,92.8,CRITICAL,MODIFY
940491.4907890834,279738.41278427414,223790.73022741932,136552.8381651661,92.64663350033575,0.6162501892863494,1,2.0,1.25,0.0,0.0,1021096.65,1.0,81.9,CRITICAL,BLOCK
900712.4445128642,1522407.9998220364,854115.7889733119,461232.1090058956,91.17015941604932,0.8921701345309978,0,4.0,1.782,0.728,0.188,693652.34,1.0,72.2,HIGH,MODIFY
1142577.7728930824,1351630.3841036754,1081304.3072829403,579158.8915442569,62.45123350731057,0.8041948721825338,0,2.0,1.25,0.193,0.0,1451410.59,1.0,85.7,CRITICAL,MODIFY
851012.1999727755,458489.7634410743,366791.81075285946,66155.99377131405,64.11733870672732,0.7794722726611605,1,1.0,1.25,0.0,0.0,825470.24,1.0,87.2,CRITICAL,BLOCK
899245.3633926944,444221.9253230026,355377.5402584021,790564.1303982695,52.68661649001496,0.7172888912940117,0,3.0,1.25,0.0,0.0,1600965.11,1.0,89.5,CRITICAL,BLOCK
1022908.8988943121,1864771.8906957086,1172111.6092997405,435856.07117011404,81.09907222437153,0.7643575608171682,1,1.0,1.591,0.718,0.346,766104.69,0.954,70.1,HIGH,MODIFY
19402.73310815037,1262201.8505493652,875121.7707092171,24819.665323048936,87.71854426508692,0.978725868174428,0,2.0,1.442,1.42,1.392,0.0,0.081,2.9,LOW,ALLOW
188541.93224842125,335460.84639854543,268368.6771188364,626256.9473779699,53.15722974451359,0.8569960615699319,0,3.0,1.25,0.547,0.0,747706.71,1.0,86.1,CRITICAL,MODIFY
589197.6531043597,1721067.981060264,1175280.0920677448,607733.0910499165,55.91992395803125,0.712377744537207,0,3.0,1.464,0.963,0.446,651142.86,0.854,68.4,HIGH,MODIFY
961978.6287789526,1696018.4027366536,1063419.7414883764,105208.47790292675,73.38086242635455,0.8861811270623741,0,1.0,1.595,0.69,0.591,434588.45,0.709,54.7,MEDIUM,MODIFY
1099835.57118015,1788296.5408024935,657710.8655861933,346018.2223934005,74.96466080881135,0.8543547659288574,0,3.0,2.719,1.047,0.521,315268.12,0.779,52.5,MEDIUM,MODIFY
247620.42878011195,891802.8010758897,713442.2408607118,576353.4435746829,76.36481813574196,0.6275352575528784,0,4.0,1.25,0.903,0.095,645613.31,1.0,77.5,HIGH,MODIFY
902738.14639529,1091656.8788214517,873325.5030571613,196373.143324311,78.40477834827007,0.8472511359666441,0,3.0,1.25,0.216,0.0,880779.91,1.0,81.9,CRITICAL,MODIFY
755593.245931929,947302.0139578581,387879.7730548004,549264.4404248626,62.615843565736405,0.7170321799709952,0,3.0,2.442,0.494,0.0,745435.45,1.0,81.9,CRITICAL,MODIFY
989303.8480877042,1306013.803544503,1061401.2805473495,541888.7613189778,95.65140079973065,0.9469375047879203,1,4.0,1.23,0.298,0.0,1286580.09,1.0,83.0,CRITICAL,MODIFY
557863.8633218411,365171.8377464445,292137.4701971556,225875.1606693224,83.92857299216665,0.9564938882287487,0,4.0,1.25,0.0,0.0,710704.66,1.0,78.7,HIGH,BLOCK
798190.5185554218,1370276.6045976365,1096221.2836781093,228963.2812802255,86.14111905859781,0.7060780973112126,1,4.0,1.25,0.522,0.313,753098.48,0.987,70.4,HIGH,MODIFY
1192360.725849727,1622509.6679115482,1109635.6367124156,682942.601541745,52.53241913747382,0.8180367496216446,2,1.0,1.462,0.388,0.0,1362429.3,1.0,97.7,CRITICAL,BLOCK
372271.3125287941,1860022.9211728596,224009.23245693019,409981.48853723623,57.525296160632976,0.6938694140925726,1,4.0,8.303,6.641,4.811,0.0,0.085,20.7,LOW,ALLOW
321091.99635778414,876440.6079255389,701152.4863404311,93795.8869655369,47.17022827127743,0.8961044808827172,0,4.0,1.25,0.792,0.658,239599.76,0.642,57.1,MEDIUM,MODIFY
1069954.827664743,364692.94044465834,291754.3523557267,83837.52777005799,49.40985748102448,0.7507141266700176,0,4.0,1.25,0.0,0.0,1080853.77,1.0,87.8,CRITICAL,BLOCK
846868.2804774676,1552152.4059066959,566367.0554007633,694930.2204880489,69.14187064398023,0.7227386241040699,0,1.0,2.741,1.245,0.018,556013.15,1.0,77.0,HIGH,MODIFY
503260.98434766877,1299859.920601828,375122.3760294727,19444.846254798344,55.44103924829189,0.7486114035113691,0,4.0,3.465,2.124,2.072,0.0,0.025,22.4,LOW,ALLOW
419508.1256184249,1219571.3638161146,163073.41103235705,77491.09228960327,42.50880977584094,0.9796933822375464,1,4.0,7.479,4.906,4.431,0.0,0.09,26.3,LOW,ALLOW
656430.1637283558,1347019.5703641681,360736.43686776806,14403.868169555612,52.70441605961145,0.7750252372953745,0,1.0,3.734,1.914,1.874,0.0,0.128,30.7,LOW,ALLOW
380965.94948927587,1725058.154491711,1273902.6908250006,59799.42003237255,94.03686067147905,0.7081269981815306,0,1.0,1.354,1.055,1.008,0.0,0.13,24.2,LOW,ALLOW
1074435.0137874754,1884208.1445288952,818697.0281810658,125375.57504371835,77.33334823575981,0.7101118794988093,0,1.0,2.301,0.989,0.836,134299.47,0.464,34.4,LOW,MODIFY
1063166.1016306924,568455.1018611293,454764.08148890344,182952.26240740722,96.67487324179521,0.7413437274889405,0,4.0,1.25,0.0,0.0,1132427.34,1.0,77.1,HIGH,BLOCK
381647.9354595296,785825.4816639489,242117.1933274783,666829.9113285055,56.054247970090046,0.9659609284744537,0,1.0,3.246,1.669,0.0,504769.56,1.0,77.1,HIGH,MODIFY
412132.45555452106,334312.82086852717,267450.25669482176,165552.17040383167,78.79406182772627,0.6114341078754962,0,2.0,1.25,0.0,0.0,510822.06,1.0,85.0,CRITICAL,BLOCK
10143.423740066732,1627200.07948349,546112.1944105362,247519.5413432325,77.62579269488279,0.6785991687462286,0,4.0,2.98,2.961,2.508,0.0,0.062,2.4,LOW,ALLOW
796513.1635707478,600133.5474226077,480106.83793808613,413982.44473897206,96.20838649833432,0.787400921794777,0,1.0,1.25,0.0,0.0,1090468.9,1.0,78.3,HIGH,BLOCK
956535.3689165306,234979.22021618084,165746.29386773013,238755.5247662762,63.11904996153088,0.8658492100023151,0,1.0,1.418,0.0,0.0,1126057.97,1.0,82.2,CRITICAL,BLOCK
328908.1129854997,1135127.164677551,908101.7317420408,290178.3705081891,96.94021052860924,0.9048141751955352,0,3.0,1.25,0.888,0.568,392061.05,0.732,47.7,MEDIUM,MODIFY
865086.6599471166,1119568.2398222224,895654.5918577779,232362.98196619804,90.76053063445157,0.7121539870702089,0,1.0,1.25,0.284,0.025,873535.99,1.0,76.5,HIGH,MODIFY
264194.57265233225,1846743.238538876,178696.32534384905,1752.5022919315347,62.142833923360165,0.7357422746048319,0,1.0,10.335,8.856,8.846,0.0,0.061,10.8,LOW,ALLOW
764457.2053971901,1666559.0928978608,772993.7288073191,641930.7829195166,56.55325963104709,0.6367160702146953,0,2.0,2.156,1.167,0.337,512822.62,0.963,67.2,HIGH,MODIFY
347691.2767440737,1833458.4171128606,996847.6491196721,157023.2792697462,75.64163940964809,0.7682002362225421,0,4.0,1.839,1.49,1.333,0.0,0.118,16.4,LOW,ALLOW
1135383.7641425026,206291.79524454864,165033.43619563893,783263.6623750436,44.73963343721789,0.611651770718976,0,3.0,1.25,0.0,0.0,1877389.07,1.0,87.0,CRITICAL,BLOCK
356849.4738219827,1553744.9846538722,269322.9119547001,114124.96401418606,96.86558709242186,0.9355914457218515,0,4.0,5.769,4.444,4.02,0.0,0.141,7.2,LOW,ALLOW
432605.1191109228,733867.5845711702,587094.0676569361,765753.3142562674,96.69558682296027,0.6193987986192663,0,1.0,1.25,0.513,0.0,1051584.92,1.0,74.9,HIGH,MODIFY
1101693.397481659,1952987.7332392589,723379.1863934414,108184.94445950071,66.49563006004485,0.6542092573006912,0,4.0,2.7,1.177,1.027,0.0,0.389,35.5,MEDIUM,ALLOW
777523.1085017688,487075.5066717234,389660.40533737873,93142.18320915941,81.87617751513248,0.8593555068662743,0,2.0,1.25,0.0,0.0,773250.19,1.0,81.5,CRITICAL,BLOCK
80505.8012409449,991442.4757069568,301666.7441590042,342313.60562297184,49.87710354651641,0.7415721092836699,0,2.0,3.287,3.02,1.885,0.0,0.099,16.0,LOW,ALLOW
1192806.6481812615,367951.39171326277,294361.1133706102,436791.67049029405,93.54136825340882,0.7351069380840344,2,4.0,1.25,0.0,0.0,1556008.04,1.0,85.2,CRITICAL,BLOCK
1173591.1234055902,373186.33868591476,298549.0709487318,491247.40979774087,60.70872448764884,0.8142522719098866,0,1.0,1.25,0.0,0.0,1590201.27,1.0,84.3,CRITICAL,BLOCK
894044.9468289536,580316.166276161,464252.9330209288,494749.62133517506,93.324510582507,0.6102570828551631,2,2.0,1.25,0.0,0.0,1272731.33,1.0,88.5,CRITICAL,BLOCK
1143145.649282748,1389726.4238900063,627832.1540802002,109294.3597566273,43.59350316304734,0.9278877001076195,0,4.0,2.214,0.393,0.219,490545.74,1.0,80.2,CRITICAL,MODIFY
319059.0522558108,1896384.7905393613,797337.772009015,444003.00870296726,60.980555747169674,0.6661335064399884,2,3.0,2.378,1.978,1.421,0.0,0.138,32.3,LOW,BLOCK
700615.4548532857,1971559.6637928002,1452681.3527520744,124194.18308843469,67.64191818300208,0.6060893300432393,0,2.0,1.357,0.875,0.789,305931.33,0.511,45.7,MEDIUM,MODIFY
408586.70324090763,459657.8757296552,367726.30058372417,666147.125405481,54.80217304130358,0.8061979452052104,1,3.0,1.25,0.139,0.0,982802.25,1.0,92.0,CRITICAL,MODIFY
810368.6871687963,643006.8532689218,514405.4826151375,580001.6375869776,84.9127310302477,0.7315655419589842,0,1.0,1.25,0.0,0.0,1261768.95,1.0,81.6,CRITICAL,BLOCK
425178.2494109486,1737897.707167073,197686.56269897183,424066.7096152886,52.10430756770047,0.8358446451338718,3,1.0,8.791,6.64,4.495,0.0,0.128,35.3,MEDIUM,BLOCK
277726.46923443663,226945.76323862336,181556.6105908987,42465.58086274277,73.15873268376419,0.8056447082974655,0,4.0,1.25,0.0,0.0,274802.9,0.391,69.3,HIGH,BLOCK
87548.78232027448,456176.7462856687,364941.39702853496,692052.6960294885,47.258127177751234,0.6067773637776739,0,4.0,1.25,1.01,0.0,688366.13,1.0,85.5,CRITICAL,MODIFY
587192.8255927002,263006.85467852803,210405.48374282243,777245.0143772273,84.81140197877278,0.7358563907080935,1,1.0,1.25,0.0,0.0,1311836.47,1.0,86.7,CRITICAL,BLOCK
378192.3500016933,1979001.5488108026,307081.886760868,407867.7740967147,87.11040439162619,0.7836214984270289,0,3.0,6.445,5.213,3.885,0.0,0.037,5.0,LOW,ALLOW
384211.9027179618,943673.0734378858,723224.3461249954,731757.0415845024,76.87097216134103,0.8196465092680004,0,4.0,1.305,0.774,0.0,895520.22,1.0,77.5,HIGH,MODIFY
1137846.4432936215,593192.1430030349,474553.7144024279,391221.9033005595,42.53052883035432,0.8637919076984517,0,1.0,1.25,0.0,0.0,1410429.92,1.0,88.4,CRITICAL,BLOCK
139959.24256343447,778060.4692535609,622448.3754028487,749132.0625874966,43.710587266299484,0.6910936615630578,0,4.0,1.25,1.025,0.0,733479.21,1.0,81.0,CRITICAL,MODIFY
938405.0011139198,615217.7458298474,492174.1966638779,355166.2646809235,87.82891991745691,0.8134507674238185,0,4.0,1.25,0.0,0.0,1170527.72,1.0,75.6,HIGH,BLOCK
132896.47519768466,1497758.596607157,267110.57563921605,633951.8607105841,49.44840449960367,0.7045301964325708,1,4.0,5.607,5.11,2.736,0.0,0.112,22.5,LOW,ALLOW
63858.37771136483,587037.523332936,486668.0444855411,174283.8380932108,44.43946800385689,0.9881669435835596,0,1.0,1.206,1.075,0.717,137772.74,0.583,43.1,MEDIUM,ALLOW
502724.6676233328,987391.5415205117,789913.2332164095,52303.630761223554,83.6863444069745,0.711910576745077,0,2.0,1.25,0.614,0.547,357549.99,0.753,54.7,MEDIUM,MODIFY
419133.3702305157,1624059.033022835,459090.5255789374,96833.6181674629,88.66417715613608,0.7262129529817304,0,4.0,3.538,2.625,2.414,0.0,0.131,9.5,LOW,ALLOW
936343.4422891471,549189.966288059,439351.97303044726,409484.61612339003,59.28213679011728,0.6686881370675917,0,4.0,1.25,0.0,0.0,1235990.07,1.0,85.7,CRITICAL,BLOCK
1066732.7508275055,1181787.4175512688,1023615.8863128885,214827.51502748157,72.3803126176172,0.617685489271465,0,3.0,1.155,0.112,0.0,1123388.73,1.0,81.6,CRITICAL,MODIFY
1083348.5230501543,1802135.480845633,696211.2032194074,7818.86887003358,71.24138795666943,0.6184234123462033,0,3.0,2.588,1.032,1.021,0.0,0.469,41.1,MEDIUM,ALLOW
344748.9984211027,1551899.9420834424,1055841.1350496863,758403.142703454,87.579314755056,0.6719874649252084,0,2.0,1.47,1.143,0.425,607093.33,0.875,49.2,MEDIUM,MODIFY
1113731.2260107766,672145.0779323785,537716.0623459028,649220.8453721268,66.99317812796139,0.8979993598555043,0,2.0,1.25,0.0,0.0,1628523.06,1.0,79.9,HIGH,BLOCK
236082.4017762651,1441185.3698539715,846977.2001003386,728719.0862518337,85.02373121641985,0.8298942403336821,0,1.0,1.702,1.423,0.562,370593.32,0.738,32.6,LOW,MODIFY
283529.67902905605,1355939.1941456723,1212604.6441263559,454148.8654133371,78.6173920167502,0.7567180023463747,0,3.0,1.118,0.884,0.51,594343.99,0.79,59.3,MEDIUM,MODIFY
494475.36349616846,555659.2062827671,444527.3650262137,647912.1869549723,52.00442658207998,0.6912077508947112,1,2.0,1.25,0.138,0.0,1031255.71,1.0,93.6,CRITICAL,MODIFY
674491.5738916802,1077288.04392886,861830.435143088,446612.6088809533,61.462943184196675,0.950248497806055,0,2.0,1.25,0.467,0.0,905646.57,1.0,83.7,CRITICAL,MODIFY
115163.46147742953,648326.6238981553,518661.29911852424,318020.20363022276,43.74411995021442,0.6200277009915469,0,3.0,1.25,1.028,0.415,303518.34,0.885,66.6,HIGH,MODIFY
378627.61215447605,224010.80189774104,179208.64151819283,795278.5969637109,67.85253806734075,0.7613185478464357,0,3.0,1.25,0.0,0.0,1129104.05,1.0,83.2,CRITICAL,BLOCK
709315.5866474706,809305.978199109,190880.7906139242,333959.0637729888,71.68458212463335,0.6677172674024361,0,2.0,4.24,0.524,0.0,424849.46,1.0,79.5,HIGH,MODIFY
1087791.7454741984,1283127.1854535849,879063.1781821158,453859.6583801061,95.56429683158652,0.9882607194972535,1,2.0,1.46,0.222,0.0,1137587.4,1.0,83.9,CRITICAL,MODIFY
690885.7038957077,1130406.582158286,519758.1173829231,199942.06186273767,58.68540364846659,0.9227387146045054,0,2.0,2.175,0.846,0.461,280179.3,0.839,61.6,HIGH,MODIFY
503045.4461870207,1338210.768557502,1070568.6148460016,687850.2409405594,45.04433058276002,0.7684078691297056,2,2.0,1.25,0.78,0.138,923253.53,1.0,95.3,CRITICAL,BLOCK
342531.6979661734,252845.3790853332,202276.30326826658,392970.472797197,98.70339012141885,0.7080107003037936,3,2.0,1.25,0.0,0.0,684933.09,1.0,88.8,CRITICAL,BLOCK
198569.25177728018,1985396.2434243253,1347411.6088179008,789773.6821284366,51.89121863752305,0.7637331083415638,0,4.0,1.473,1.326,0.74,350358.3,0.56,32.6,LOW,MODIFY
658000.6764038127,534475.0745990891,427580.0596792713,780128.4525165497,65.11798180234058,0.6273873912324193,2,2.0,1.25,0.0,0.0,1331234.11,1.0,95.6,CRITICAL,BLOCK
1169331.391320462,933009.7037971091,746407.7630376873,150588.08094990646,91.68429624557083,0.8677679104314124,0,2.0,1.25,0.0,0.0,1133317.53,1.0,76.3,HIGH,BLOCK
929399.6905138793,1247833.1289338064,725968.7966528578,233421.99965985416,81.18424243748335,0.8315287748278997,0,2.0,1.719,0.439,0.117,640957.36,1.0,78.3,HIGH,MODIFY
303442.17915830406,1876680.9171069933,478972.55355019675,593069.8682922234,89.13472766369765,0.7624294502631719,0,3.0,3.918,3.285,2.046,0.0,0.053,8.5,LOW,ALLOW
441008.00320358266,1486055.9023375881,1188844.7218700706,110476.89132685852,75.95367064563871,0.9761700681767431,0,4.0,1.25,0.879,0.786,254273.71,0.514,46.8,MEDIUM,MODIFY
381345.05483641336,1456142.4012879464,743745.7162418225,700941.0295818505,93.33435158286692,0.6741425411093792,0,4.0,1.958,1.445,0.503,369889.4,0.797,37.4,MEDIUM,MODIFY
153445.3401226719,1093757.3682723723,234021.88539354305,383511.06531627197,70.50512925692226,0.8409610469625737,1,1.0,4.674,4.018,2.379,0.0,0.137,23.1,LOW,ALLOW
499131.43171298836,1932561.6912652946,741513.8779061842,611245.2814689184,74.75689987997265,0.6009960487998236,1,1.0,2.606,1.933,1.109,0.0,0.046,24.9,LOW,ALLOW
988163.8203801094,482175.2606829845,385740.2085463876,750251.5972233244,70.23794227941269,0.7463758595611261,0,1.0,1.25,0.0,0.0,1641980.37,1.0,79.6,HIGH,BLOCK
716368.6625688996,1735789.270572453,979870.3209642831,734353.3335962677,40.18178605385816,0.793450631355535,1,2.0,1.771,1.04,0.291,694803.05,1.0,79.3,HIGH,MODIFY
371748.6399293806,344139.9039539675,275311.923163174,133174.38767103758,67.78596331079407,0.7431853727202163,0,3.0,1.25,0.0,0.0,436095.05,1.0,85.5,CRITICAL,BLOCK
368523.9397026477,855994.3546116203,581113.2869940306,302421.31478898705,77.44150284498352,0.8165451916887186,3,4.0,1.473,0.839,0.318,396064.19,0.982,86.5,CRITICAL,BLOCK
1047023.7961270813,1611589.3573581148,682297.3145550508,269907.15259750024,58.558195980279535,0.6819704802640875,1,3.0,2.362,0.827,0.432,387638.91,0.868,67.1,HIGH,MODIFY
523592.20373964665,211933.06447461547,188720.37684617168,303622.5308659553,46.86974115724261,0.9426554533077466,1,1.0,1.123,0.0,0.0,804002.05,1.0,94.0,CRITICAL,BLOCK
34807.74229289765,342715.5866690682,274172.4693352546,554330.6360514392,57.303691888007506,0.8705114713018003,0,4.0,1.25,1.123,0.0,520595.26,1.0,71.6,HIGH,MODIFY
913385.1882939305,352319.18042922847,281855.3443433828,716869.1508699971,88.19593746838652,0.9380554577836577,3,3.0,1.25,0.0,0.0,1559790.5,1.0,92.0,CRITICAL,BLOCK
29876.114931416192,851490.0928224849,680818.4222144508,445275.49857221753,55.83098725761842,0.9898129007999357,0,3.0,1.251,1.207,0.553,304479.94,0.747,41.0,MEDIUM,MODIFY
1143594.0509135218,758532.1358919223,606825.7087135379,470708.4620014189,62.252832739279796,0.619569813409646,1,1.0,1.25,0.0,0.0,1462596.09,1.0,89.6,CRITICAL,BLOCK
138495.75686499517,1131551.0600861437,198866.38439747947,511539.8408153714,51.38482006432957,0.9826401065065878,2,4.0,5.69,4.994,2.421,0.0,0.039,23.8,LOW,BLOCK
738833.8312302723,1783703.3021006028,1319881.4381491367,692755.2769465188,49.33176915826146,0.8895416447415946,0,1.0,1.351,0.792,0.267,967767.24,1.0,79.4,HIGH,MODIFY
93484.78672611559,729751.2232348878,583800.9785879103,130660.40924052373,86.67373315722162,0.7071244051867506,1,3.0,1.25,1.09,0.866,78194.95,0.434,28.5,LOW,ALLOW
58694.98659521604,1299494.7886006592,191249.161896026,148431.07070111277,63.66344132165861,0.9048403204400736,1,4.0,6.795,6.488,5.712,0.0,0.02,11.0,LOW,ALLOW
541626.9575624679,577532.6795434239,462026.14363473916,421504.77156166063,51.68697226853345,0.8721386191155271,0,3.0,1.25,0.078,0.0,847625.19,1.0,86.1,CRITICAL,MODIFY
461778.2295953934,1074227.3838801468,802421.998891477,389288.76880530076,61.31499734869604,0.8262041534930976,0,2.0,1.339,0.763,0.278,579261.61,1.0,77.9,HIGH,MODIFY
465806.25079969765,438680.3290870607,350944.2632696486,174497.34489866823,44.694343378930135,0.7644537004377288,0,4.0,1.25,0.0,0.0,552567.53,1.0,89.1,CRITICAL,BLOCK
373829.18296780135,437925.6192907252,350340.4954325802,211177.68687019334,41.41082189554208,0.6636624249805235,1,3.0,1.25,0.183,0.0,497421.75,1.0,96.4,CRITICAL,MODIFY
458710.57935164496,1866377.4127228386,863234.6562045347,470404.40706534305,63.81725457097596,0.7087437925698217,0,4.0,2.162,1.631,1.086,0.0,0.058,21.9,LOW,ALLOW
1188299.239828566,967580.5189767639,833381.0509432276,312678.43605592055,91.4251834637016,0.8025512558873292,0,4.0,1.161,0.0,0.0,1366778.21,1.0,77.3,HIGH,BLOCK
1079999.8885515037,1251353.9975040206,1001083.1980032165,228241.83469953993,43.12338842103573,0.7097661951786421,0,4.0,1.25,0.171,0.0,1057970.92,1.0,87.8,CRITICAL,MODIFY
334506.30529874377,1014916.4292802889,639106.5434009722,581073.8870534989,68.34494514079759,0.7606662708137935,0,3.0,1.588,1.065,0.155,539770.31,1.0,65.4,HIGH,MODIFY
1086748.5620470906,493597.03354010766,394877.6268320861,365099.12203315366,97.82841964313138,0.9401127353259985,0,1.0,1.25,0.0,0.0,1353128.28,1.0,77.9,HIGH,BLOCK
210324.68555929055,213124.0250961534,170499.22007692273,447080.9873379946,92.04642943910093,0.6890712120571507,0,1.0,1.25,0.016,0.0,614780.87,1.0,77.8,HIGH,MODIFY
1069869.2112140309,1090653.7686627787,769718.7770200743,375753.5300149235,41.73477535152737,0.6746419129113148,0,2.0,1.417,0.027,0.0,1124687.75,1.0,92.5,CRITICAL,MODIFY
1162407.1195633078,512016.80133663834,409613.4410693107,361480.09799435013,76.10550773061371,0.98866626575536,3,3.0,1.25,0.0,0.0,1421483.86,1.0,98.0,CRITICAL,BLOCK
1179084.0215254596,1666050.443356411,274187.1735464777,622165.4324673866,43.95587125128247,0.7572695408814064,0,4.0,6.076,1.776,0.0,409386.18,1.0,86.4,CRITICAL,MODIFY
286594.5573648937,940092.0772999754,695068.3561544818,181170.27739050274,73.14081896206275,0.6809756009916736,0,2.0,1.353,0.94,0.68,222741.11,0.62,50.2,MEDIUM,MODIFY
623698.6319083057,745483.2302980967,596386.5842384774,242527.19895378282,75.99246350615482,0.7569360164153405,0,3.0,1.25,0.204,0.0,717129.18,1.0,81.4,CRITICAL,MODIFY
363362.29823633126,1599917.7646863712,453747.1695400693,771026.3011184928,87.36879105611294,0.9186790587761692,3,3.0,3.526,2.725,1.026,0.0,0.286,31.5,LOW,BLOCK
653641.241312458,884523.1049261746,215335.5026380964,25123.452233336964,44.49914999557456,0.6688870208485005,0,2.0,4.108,1.072,0.956,9577.09,0.469,40.1,MEDIUM,MODIFY
468532.1775257688,233802.79868566064,187042.23894852854,20706.613593312184,77.34608809604345,0.7557608683750645,0,4.0,1.25,0.0,0.0,442478.23,0.38,66.8,HIGH,BLOCK
168309.10860981603,361053.29106853623,288842.632854829,240373.28371155774,96.02610933088249,0.9480133134993336,0,3.0,1.25,0.667,0.0,336471.73,1.0,76.7,HIGH,MODIFY
183015.76673970948,1441119.8189884706,1088507.6715205377,338523.8976315831,64.61731347879422,0.9297863457824763,0,2.0,1.324,1.156,0.845,168927.52,0.455,28.4,LOW,MODIFY
893886.8665808782,1510813.9717484175,1286596.6571147358,157878.24871735426,54.24901911128916,0.6932189665980364,0,3.0,1.174,0.48,0.357,827547.8,0.943,73.1,HIGH,MODIFY
460064.8744399045,776868.2375993236,681546.603517684,331335.28154377633,88.75079141050568,0.8607096557200821,0,3.0,1.14,0.465,0.0,696078.52,1.0,75.2,HIGH,MODIFY
646215.4398503551,317592.4019888166,254073.9215910533,50396.791913006215,78.38561500112843,0.9424848668769108,0,2.0,1.25,0.0,0.0,633093.75,1.0,82.0,CRITICAL,BLOCK
314201.8618069576,863483.3968243873,339747.26301530754,799331.2384368575,61.79784236376932,0.9483524058015762,0,4.0,2.542,1.617,0.0,589796.97,1.0,72.5,HIGH,MODIFY
915403.9939759539,1386362.0328931164,233099.3503146993,433314.45026663865,83.50821518712138,0.7604305390822504,0,4.0,5.948,2.02,0.161,195455.76,1.0,61.8,HIGH,MODIFY
988295.7156514537,337027.00265378517,269621.60212302813,410410.15754730854,50.200223703803765,0.984409808061665,2,1.0,1.25,0.0,0.0,1331300.47,1.0,98.0,CRITICAL,BLOCK
414184.06354650506,1689238.4499393636,1475808.4415363318,652243.8504733015,55.46679304322254,0.670265449462176,0,4.0,1.145,0.864,0.422,852997.91,0.878,69.9,HIGH,MODIFY
835340.9089728562,1546301.175383739,153149.5051107057,408946.54443655955,89.30562016932721,0.696743255220701,2,3.0,10.097,4.642,1.972,0.0,0.491,38.2,MEDIUM,BLOCK
316204.9926951238,331371.08713950735,265096.8697116059,34693.95317553641,79.68695466309289,0.8411907119631905,0,3.0,1.25,0.057,0.0,284624.73,0.206,65.7,HIGH,MODIFY
71630.95669651398,1943724.8025044864,1054333.409678855,276613.97857439506,95.09246008545763,0.8998485451570128,0,3.0,1.844,1.776,1.513,0.0,0.012,3.6,LOW,ALLOW
940887.0488345809,395569.2617020043,316455.40936160344,279022.5551801911,74.92030396912739,0.6852246849930217,0,3.0,1.25,0.0,0.0,1140795.75,1.0,78.5,HIGH,BLOCK
918948.8197800571,881452.3261552782,457665.47027224826,626057.6143876351,56.01645230226382,0.9252309590264809,0,1.0,1.926,0.0,0.0,1121219.58,1.0,86.9,CRITICAL,BLOCK
206241.8649178448,230356.9608191141,184285.56865529128,728811.5902623191,84.49718359434274,0.6419117696899658,0,1.0,1.25,0.131,0.0,888982.06,1.0,82.4,CRITICAL,MODIFY
417301.15744920814,637285.5382201555,509828.43057612446,151159.43897860707,41.59133845641317,0.6147988160219697,1,2.0,1.25,0.431,0.135,441003.49,1.0,88.0,CRITICAL,MODIFY
443523.18380085507,245194.73767646743,196155.79014117396,567197.754190509,81.7047128038505,0.9663464190222364,1,4.0,1.25,0.0,0.0,961681.99,1.0,83.2,CRITICAL,BLOCK
1109694.1966314667,892210.8876256958,615885.0684007078,437092.2666278041,52.95877101439067,0.983840274930025,0,2.0,1.449,0.0,0.0,1270460.64,1.0,88.3,CRITICAL,BLOCK
821626.0497109086,573537.5041436573,189803.88366264157,63557.91074688764,71.83029086716817,0.7983005895306245,1,4.0,3.022,0.0,0.0,501450.34,1.0,87.2,CRITICAL,BLOCK
27999.6857630837,1785239.5277680983,1419323.95253146,677185.4613176932,60.06623504650233,0.6702429079499574,1,2.0,1.258,1.238,0.761,339269.57,0.539,31.4,LOW,ALLOW
677416.862748467,221810.80749491934,177448.64599593548,449963.5662565516,88.00376704574066,0.8461534095625669,0,3.0,1.25,0.0,0.0,1083018.27,1.0,76.4,HIGH,BLOCK
546556.0001647834,1445287.0526629337,173929.88260075767,233866.27639217686,91.27728903855191,0.6613723845856829,0,4.0,8.31,5.167,3.823,0.0,0.096,14.2,LOW,ALLOW
988816.724721854,1005053.7485035192,852549.5231911417,42763.68495624778,74.20617169572282,0.9395670294942489,0,1.0,1.179,0.019,0.0,879076.18,0.346,72.3,HIGH,MODIFY
953848.1358745475,428372.4895280766,342697.9916224613,468336.18230349227,42.7727567651381,0.7804572227041436,0,1.0,1.25,0.0,0.0,1336509.82,1.0,91.9,CRITICAL,BLOCK
1194777.383498608,1855269.711906765,489384.2030168634,152114.67512772998,49.89706237200323,0.6581277128023664,0,3.0,3.791,1.35,1.039,0.0,0.447,43.6,MEDIUM,ALLOW
654289.4396687975,1233483.0617220353,258953.8538981206,499314.1457378863,79.68679013866604,0.6471091161396452,0,2.0,4.763,2.237,0.308,179074.38,0.992,59.3,MEDIUM,MODIFY
782260.7358969537,523645.75489434,418916.60391547205,587979.5217203203,76.48471591265931,0.8457773347835476,2,4.0,1.25,0.0,0.0,1265511.11,1.0,86.9,CRITICAL,BLOCK
510152.08986966475,1967469.1282671068,710396.9670391661,386732.77536798397,98.46965963186517,0.7905984395802603,0,3.0,2.77,2.051,1.507,0.0,0.027,10.3,LOW,ALLOW
657012.5713577745,1979565.801186944,1104785.698530586,85117.48286306435,80.39684790495247,0.949066978746146,1,1.0,1.792,1.197,1.12,0.0,0.098,28.0,LOW,ALLOW
222383.47752235213,1343970.4847218639,858603.4409599648,264423.9375492215,98.36104431417343,0.9646095678823652,0,4.0,1.565,1.306,0.998,1440.37,0.302,7.0,LOW,MODIFY
837923.0033507393,889732.6482631529,659692.595603404,168636.17866874332,42.22333608150895,0.7473375873225805,1,2.0,1.349,0.079,0.0,776519.13,1.0,95.0,CRITICAL,MODIFY
262589.1090596997,373560.7751911804,298848.62015294435,681042.1943143713,57.74114419920075,0.9263426811873852,0,3.0,1.25,0.371,0.0,868919.15,1.0,85.5,CRITICAL,MODIFY
521769.76286264684,286839.5985909554,229471.6788727643,767512.8796332806,53.97694778438798,0.9540760027372845,0,2.0,1.25,0.0,0.0,1231914.72,1.0,83.5,CRITICAL,BLOCK
748577.3206788464,1106808.8635002463,497238.78715744085,755216.8418866768,71.4507543554876,0.6181300381072004,0,1.0,2.226,0.72,0.0,894224.09,1.0,81.1,CRITICAL,MODIFY
768884.161153253,1581312.555844121,516422.1069044122,542405.4230961904,83.67173189320782,0.8103474241168787,0,3.0,3.062,1.573,0.523,246399.14,0.777,45.6,MEDIUM,MODIFY
484173.5241400751,605492.4402386023,484393.9521908819,368934.5113675845,82.9655811033532,0.846959919927548,1,3.0,1.25,0.25,0.0,732009.55,1.0,85.3,CRITICAL,MODIFY
991293.349865605,1709084.8425512477,443549.99439480965,386466.16655143315,56.658918603182634,0.8793302710556313,0,2.0,3.853,1.618,0.747,112224.67,0.553,40.1,MEDIUM,MODIFY
983214.2781320054,581660.2650631076,506046.6466547843,139277.8040530712,86.46407488225036,0.9309766154184062,0,2.0,1.149,0.0,0.0,1046878.46,1.0,76.8,HIGH,BLOCK
423188.8447758665,829125.0035732419,503553.1964376994,649951.2476259597,85.77329686543202,0.7693248234236831,0,1.0,1.647,0.806,0.0,747568.29,1.0,78.0,HIGH,MODIFY
72710.61434616373,1676351.0881004776,1006784.9343503632,674149.8339724459,60.588524013090705,0.6639030468836071,0,2.0,1.665,1.593,0.923,77294.29,0.377,22.0,LOW,ALLOW
941495.812354482,1179348.952919312,943479.1623354497,598945.5158592742,55.2358621705323,0.963960384798157,1,1.0,1.25,0.252,0.0,1304571.54,1.0,91.6,CRITICAL,MODIFY
104098.56965917352,1484266.157244362,1187412.9257954897,133012.91925771625,61.67277747858268,0.6080722193271529,0,2.0,1.25,1.162,1.05,0.0,0.009,19.1,LOW,ALLOW
641653.727821861,1129758.2118978002,151067.8132049749,75801.9326004633,98.06258431234197,0.8572079297163335,0,4.0,7.478,3.231,2.729,0.0,0.47,23.4,LOW,ALLOW
995466.6545063977,1877799.4211971518,803392.1530296524,361279.64326468663,44.288799395689395,0.7762800485512878,0,4.0,2.337,1.098,0.649,282339.03,0.651,53.0,MEDIUM,MODIFY
888429.3801296273,979659.182528902,715898.9521811384,245709.25891905936,57.15866345082892,0.9456851823757546,0,3.0,1.368,0.127,0.0,870378.41,1.0,85.1,CRITICAL,MODIFY
1172636.374168255,544574.8578342334,435659.8862673868,274233.7237143187,58.732997529973005,0.7732605779238015,0,4.0,1.25,0.0,0.0,1337955.13,1.0,89.3,CRITICAL,BLOCK
454973.260426822,597980.7378718747,478384.5902974998,310423.3898311163,93.13014325319999,0.6132625758467309,1,2.0,1.25,0.299,0.0,645800.5,1.0,83.8,CRITICAL,MODIFY
872152.1724029804,254238.25070059148,203390.6005604732,705476.1327209156,60.823339462552205,0.8521278165045136,0,4.0,1.25,0.0,0.0,1526780.65,1.0,81.3,CRITICAL,BLOCK
887535.2991728123,883962.4636703065,707169.9709362453,112666.82877300207,43.41931872352589,0.7197131293281093,2,2.0,1.25,0.0,0.0,823409.64,1.0,97.8,CRITICAL,BLOCK
769973.2937496626,335543.3766814533,273477.55758380366,513953.46289063356,97.62331033947817,0.7343821667716821,0,2.0,1.227,0.0,0.0,1221860.94,1.0,71.4,HIGH,BLOCK
159588.77645166448,1592412.3803092563,273695.2191687186,605409.9201444926,80.3193487239094,0.8260691622388323,3,1.0,5.818,5.235,3.023,0.0,0.065,25.1,LOW,BLOCK
877731.2176396671,356760.9189275157,285408.73514201253,318084.21047669364,79.0367262726428,0.9087125323291467,0,1.0,1.25,0.0,0.0,1124463.24,1.0,79.7,HIGH,BLOCK
248041.4376869256,1139555.5584716636,505129.12315821485,652539.8407425068,52.085129648725115,0.6973746595194588,0,1.0,2.256,1.765,0.473,266154.84,0.827,49.8,MEDIUM,MODIFY
306104.7743887131,1854449.54904157,1454039.0233956254,389793.4207020594,57.392810830655776,0.8734999699266979,0,4.0,1.275,1.065,0.797,295487.67,0.503,38.0,MEDIUM,MODIFY
355374.19689656515,1641327.8294071946,812543.3862656786,16472.49232074115,64.0174872717032,0.7949127157595329,0,2.0,2.02,1.583,1.562,0.0,0.021,17.8,LOW,ALLOW
865887.3390432127,1140485.3095817089,182644.29692512302,510714.10877852497,74.43836682337219,0.7308837227572255,0,2.0,6.244,1.503,0.0,418760.44,1.0,75.0,HIGH,MODIFY
636194.0772060328,1201678.2698177146,620406.6545329823,123492.01665894434,48.25148855780517,0.7859428736809927,0,1.0,1.937,0.911,0.712,178414.48,0.588,53.2,MEDIUM,MODIFY
924571.7966681904,1138177.893855563,326356.6039878529,673105.6067967417,93.7806290792891,0.7534061503655711,0,3.0,3.488,0.655,0.0,785856.11,1.0,75.5,HIGH,MODIFY
860881.3833199802,1977161.9352825026,724189.5162347895,679824.7204372709,47.61438189370717,0.7563648129215346,0,3.0,2.73,1.541,0.603,287733.68,0.697,50.0,MEDIUM,MODIFY
304568.80511466,867271.9935318117,772856.2082411449,550139.2284455918,48.471380554959154,0.8158158114243901,0,4.0,1.122,0.728,0.016,760292.25,1.0,85.7,CRITICAL,MODIFY
319181.4608328851,838004.731014654,670403.7848117233,266020.2485872866,71.0662079106632,0.6169810114728771,0,3.0,1.25,0.774,0.377,417600.76,0.923,67.7,HIGH,MODIFY
307172.96273665497,407056.333173221,325645.0665385768,143040.36173902216,65.70675451115741,0.7932066918086425,1,2.0,1.25,0.307,0.0,368802.06,1.0,87.9,CRITICAL,MODIFY
939782.378239795,517628.93011398637,414103.14409118914,736132.7305801002,61.37616432071526,0.7119056787504447,2,1.0,1.25,0.0,0.0,1572389.32,1.0,94.3,CRITICAL,BLOCK
305498.9566502536,540197.0802539918,432157.66420319345,86307.0338201691,65.01113996885616,0.9235917184323821,0,1.0,1.25,0.543,0.343,283766.57,0.957,72.0,HIGH,MODIFY
139964.20859394656,1360513.4902755928,931245.2963390303,523298.38931451435,57.28116863773306,0.9025915195075098,1,1.0,1.461,1.311,0.749,233994.4,0.551,39.6,MEDIUM,MODIFY
1129378.8371082856,1111600.5649778643,889280.4519822914,250705.9664712993,54.773652833864986,0.8184208320339486,2,1.0,1.25,0.0,0.0,1157764.69,1.0,97.0,CRITICAL,BLOCK
536505.820123696,1054686.574133297,332874.68587583106,391870.24651353096,46.20150341806667,0.7254591420309147,0,3.0,3.168,1.557,0.379,206564.18,0.921,64.3,HIGH,MODIFY
310365.4023011837,1077416.089369799,861932.8714958392,729716.1133656553,40.11750951233567,0.6749966540279266,1,2.0,1.25,0.89,0.043,824598.3,1.0,90.3,CRITICAL,MODIFY
125302.40654927518,1751984.7074467014,502923.4209504598,494175.4207840222,62.9546195955707,0.8167809061858912,0,2.0,3.484,3.234,2.252,0.0,0.104,11.8,LOW,ALLOW
771547.0191806039,779514.0044998097,623611.2035998477,444077.88188854174,97.00415961921391,0.8046248498228162,2,2.0,1.25,0.013,0.0,1059722.1,1.0,86.0,CRITICAL,BLOCK
62060.20709262687,955606.646248365,764485.3169986921,10702.792134425465,40.48082752926866,0.826049612105358,0,1.0,1.25,1.169,1.155,0.0,0.129,24.7,LOW,ALLOW
10549.946168764876,212468.33844636768,169974.67075709417,742193.7417692968,66.90781276484347,0.6599727713540219,3,4.0,1.25,1.188,0.0,710250.02,1.0,80.3,CRITICAL,BLOCK
70828.17763788335,1380164.5213710081,996595.8521417413,604607.3913488626,51.24735925044696,0.777178316991799,0,1.0,1.385,1.314,0.707,291866.9,0.593,35.4,MEDIUM,ALLOW
254031.5125062156,1528291.704551127,1222633.3636409016,566083.2499880639,67.57524445898265,0.968456815351098,0,1.0,1.25,1.042,0.579,514456.42,0.721,48.4,MEDIUM,MODIFY
1170891.4580817453,1732196.8925012387,1090707.3303422204,793707.3979455616,43.511038327776696,0.6010172769201725,1,2.0,1.588,0.515,0.0,1323109.29,1.0,93.9,CRITICAL,MODIFY
836496.8617057751,1393675.9792267815,1114940.7833814253,246602.83833076974,88.46883688865427,0.6603267472852737,0,2.0,1.25,0.5,0.279,804364.5,1.0,65.6,HIGH,MODIFY
847151.534330921,627879.9604731239,502303.96837849915,312354.2380346843,73.00730016361868,0.9008298456617053,0,4.0,1.25,0.0,0.0,1033929.78,1.0,82.4,CRITICAL,BLOCK
73089.55904212873,782848.6504559619,626278.9203647695,112636.46347074756,85.6581034290938,0.689583394651539,0,3.0,1.25,1.133,0.953,29156.29,0.347,18.9,LOW,ALLOW
1071751.5726640557,1019970.672737204,815976.5381897632,519567.16907659476,55.49013038426739,0.8553699047421175,0,1.0,1.25,0.0,0.0,1387324.61,1.0,86.7,CRITICAL,BLOCK
445157.43060013675,1928045.4906708489,899368.3905090179,14840.624917748446,77.53847073633672,0.828937444684346,0,1.0,2.144,1.649,1.632,0.0,0.147,18.8,LOW,ALLOW
756388.5487897899,971472.8284063126,777178.2627250501,125461.03985358893,42.486742280714466,0.7810385964241728,1,1.0,1.25,0.277,0.115,687555.02,1.0,85.2,CRITICAL,MODIFY
94529.32930950055,1859847.9343543793,259184.23788958852,761904.5234678733,96.5456191684186,0.7845503209104419,0,3.0,7.176,6.811,3.871,0.0,0.051,3.5,LOW,ALLOW
61082.71711754925,1070562.8669769275,942321.4644013029,35289.17775343059,91.2562499887072,0.764146404502549,0,4.0,1.136,1.071,1.034,0.0,0.052,15.4,LOW,ALLOW
1184875.4488339557,1793488.7683976383,1036661.2255594798,662586.4270675465,72.88940808643655,0.8581812177507324,0,1.0,1.73,0.587,0.0,1090634.33,1.0,80.8,CRITICAL,MODIFY
392942.28882471105,1572848.6745333136,1046920.0293894747,257208.09510715422,48.66470400838667,0.9539768220528513,0,3.0,1.502,1.127,0.881,124221.74,0.419,35.0,MEDIUM,MODIFY
983361.8475031307,1437628.029175347,512522.38916508114,583135.2949932975,40.08473210880571,0.7323895823275974,0,1.0,2.805,0.886,0.0,641391.5,1.0,84.6,CRITICAL,MODIFY
232806.96346717083,1742940.080718856,518818.00256684626,496542.30264140136,97.89226512112066,0.7113228596451998,0,1.0,3.359,2.911,1.954,0.0,0.001,7.8,LOW,ALLOW
1076566.8376128606,1229874.6619128766,203711.5211095492,358778.0231484618,48.19984526326991,0.8708203816788859,1,1.0,6.037,0.753,0.0,409181.72,1.0,89.6,CRITICAL,MODIFY
1078072.1972108586,1931195.0553318001,1080279.5496150688,670110.0545362463,71.42683075571851,0.7889151103991985,0,2.0,1.788,0.79,0.169,897266.75,1.0,79.5,HIGH,MODIFY
648550.8858250839,799941.0419988964,328242.07956820907,23692.249922288778,76.46037977617186,0.9348752598160295,0,1.0,2.437,0.461,0.389,200544.17,0.415,57.1,MEDIUM,MODIFY
926682.4884941139,1353699.4146433962,564982.6276838604,64401.39117771393,40.8471807642158,0.7030210571501925,1,1.0,2.396,0.756,0.642,202367.09,0.658,64.7,HIGH,MODIFY
680768.8315012461,227738.09558791484,182190.4764703319,700506.045485999,66.94456056283676,0.6837714305057677,1,4.0,1.25,0.0,0.0,1335727.26,1.0,90.2,CRITICAL,BLOCK
435103.61465054937,1923589.6111189115,635891.5480401493,111025.88374533111,70.02646474840986,0.8174050201197836,2,3.0,3.025,2.341,2.166,0.0,0.004,23.5,LOW,BLOCK
617078.770718277,921541.4267613272,737233.1414090618,89253.42097380212,42.65276440251649,0.6209628001491975,0,3.0,1.25,0.413,0.292,522023.91,1.0,78.7,HIGH,MODIFY
539221.3450359395,1727317.7299558152,472202.8317728201,407772.19145966764,48.03766253227701,0.7035470626340774,0,3.0,3.658,2.516,1.653,0.0,0.043,25.9,LOW,ALLOW
468907.8902623784,263407.4121124543,210725.92968996346,612120.7070101836,68.46056656078952,0.7666856997110658,2,1.0,1.25,0.0,0.0,1028347.11,1.0,95.4,CRITICAL,BLOCK
245410.00773334684,1262968.5573952103,1025248.6635956547,515950.4916720046,90.47480620150607,0.7419490589606202,0,3.0,1.232,0.992,0.489,523640.61,0.811,52.4,MEDIUM,MODIFY
801554.0116819256,1234759.6194154304,987807.6955323443,196920.763757842,94.93182163844648,0.6591864229190072,0,4.0,1.25,0.439,0.239,751522.85,1.0,68.7,HIGH,MODIFY
835316.9382299447,210455.63779291982,168364.51023433587,353189.2400809301,86.24268046905277,0.7148597074070967,1,4.0,1.25,0.0,0.0,1146415.05,1.0,81.3,CRITICAL,BLOCK
715821.4949706445,1322696.4246464157,153409.3847065588,265472.5826002048,49.15977468990437,0.6387510233965548,0,4.0,8.622,3.956,2.225,0.0,0.372,34.7,LOW,ALLOW
373862.177974761,1288022.6535341826,1030418.1228273461,383969.8099519948,81.13730606407805,0.8015439880486821,0,4.0,1.25,0.887,0.515,500227.46,0.785,53.5,MEDIUM,MODIFY
801709.8818854381,363226.5095494676,290581.2076395741,644138.8038361431,62.602859870497355,0.9773567854136086,0,1.0,1.25,0.0,0.0,1373203.38,1.0,84.5,CRITICAL,BLOCK
388499.95228239225,1620947.400577075,709250.4632215742,580507.2013577461,93.40608713001612,0.7743397818991449,0,1.0,2.285,1.738,0.919,57310.22,0.381,16.1,LOW,MODIFY
169655.92899520398,778314.682458998,622651.7459671985,335936.8265857559,61.860053038558036,0.8717959693811773,0,1.0,1.25,0.978,0.438,349929.82,0.862,59.9,MEDIUM,MODIFY
369371.71073601005,1639637.9437800052,1165874.8351397444,268808.5116217808,61.67378150468607,0.8973818643966707,2,4.0,1.406,1.09,0.859,164417.11,0.441,44.3,MEDIUM,BLOCK
212978.28715112098,1767742.557167669,276997.09470955876,412680.26286642253,53.40176828987775,0.7934391150041472,0,2.0,6.382,5.613,4.123,0.0,0.016,14.3,LOW,ALLOW
139844.63150463003,827396.256079809,661917.0048638473,589261.6822477729,85.13048627131123,0.9857303641144033,0,2.0,1.25,1.039,0.148,563627.06,1.0,66.1,HIGH,MODIFY
389913.1581609479,1548459.5427365936,540116.4551762039,399953.74725795235,94.10673186179869,0.8986840320337697,3,4.0,2.867,2.145,1.404,0.0,0.04,26.7,LOW,BLOCK
622045.7203516753,1609949.4942232142,955854.4313125773,329323.63868452155,47.89406262526741,0.873325282866783,0,1.0,1.684,1.034,0.689,297274.3,0.611,49.8,MEDIUM,MODIFY
894896.1957423242,1922281.5994913478,325110.2202258685,35577.37447196851,62.44000959522897,0.9046583603040546,1,4.0,5.913,3.16,3.051,0.0,0.035,26.2,LOW,ALLOW
225934.87071221843,703702.95661317,562962.365290536,799808.7106134628,92.30788699605543,0.7463909915722445,3,2.0,1.25,0.849,0.0,885002.99,1.0,93.2,CRITICAL,BLOCK
223281.57391382626,332905.7595031727,266324.6076025382,643753.9490895433,79.17421201328777,0.7931746895962543,1,3.0,1.25,0.412,0.0,800454.37,1.0,83.3,CRITICAL,MODIFY
816831.3935503089,1499702.973488978,268991.7230094092,765259.7053499729,53.43802076488289,0.7368915293607157,1,4.0,5.575,2.539,0.0,351379.85,1.0,78.3,HIGH,MODIFY
61832.64988104416,886388.1220026267,709110.4976021014,584177.2660281732,86.8627708545876,0.7216761801319858,0,4.0,1.25,1.163,0.339,468732.29,0.961,43.2,MEDIUM,MODIFY
569993.4779329635,642467.463022789,537861.3910409529,701796.9677952364,55.13172487241296,0.9477170670377248,2,3.0,1.194,0.135,0.0,1167184.37,1.0,93.6,CRITICAL,BLOCK
278567.07989604154,338346.248344757,270676.99867580563,13603.442932772048,55.71417943066867,0.855849030889738,2,2.0,1.25,0.221,0.171,224501.27,0.342,78.4,HIGH,BLOCK
52555.30256697041,682324.0123145775,545859.209851662,299237.9511525031,73.18212159639454,0.9520053429326534,3,2.0,1.25,1.154,0.606,215328.45,0.694,50.6,MEDIUM,BLOCK
451055.2419139348,843877.9989132372,473812.78304241964,443851.78722921916,71.02313604532266,0.6599977809716175,0,2.0,1.781,0.829,0.0,524841.81,1.0,83.4,CRITICAL,MODIFY
700019.9659693979,734758.5898173962,587806.871853917,33874.476217004725,91.57957615233161,0.8794626022147635,0,2.0,1.25,0.059,0.001,586942.72,0.448,66.9,HIGH,MODIFY
811817.4974161319,1333394.1392523386,151308.3773129196,8032.735013855152,54.86024661288503,0.9449469060787488,0,1.0,8.812,3.447,3.394,0.0,0.336,32.7,LOW,ALLOW
940305.3433795059,1422933.8326289742,678765.8238296467,412658.7128356292,85.15441058654179,0.8471949507064875,1,4.0,2.096,0.711,0.103,608796.05,1.0,82.6,CRITICAL,MODIFY
168352.7334401602,1620423.070696797,1110864.5700810421,161564.48822760652,57.078919222349,0.6164310381435038,0,1.0,1.459,1.307,1.162,0.0,0.06,21.5,LOW,ALLOW
1024566.0951793772,1761326.3537505365,1265931.589751997,375465.76761083526,89.90240342127588,0.8882054027216144,0,2.0,1.391,0.582,0.285,904637.1,1.0,66.9,HIGH,MODIFY
1015706.6047821492,1408979.800600899,1233934.4253594386,785635.7736512453,48.67211020118137,0.6192706352517452,1,4.0,1.142,0.319,0.0,1626297.0,1.0,90.7,CRITICAL,MODIFY
914702.8056050168,1422786.6466436407,1138229.3173149126,215655.20764576708,82.23056169984038,0.6513245916966055,0,3.0,1.25,0.446,0.257,845800.68,1.0,69.6,HIGH,MODIFY
351820.0423973127,1528838.2773869985,360869.3065538466,17887.456111094212,53.65500295750386,0.6512853764136067,1,1.0,4.237,3.262,3.212,0.0,0.004,18.9,LOW,ALLOW
794559.8680509166,1888841.4076453857,381254.4139860109,128892.60211442233,79.07527491384675,0.7298352144951749,0,4.0,4.954,2.87,2.532,0.0,0.085,19.6,LOW,ALLOW
394029.8027402244,614456.0870981109,368428.79515606316,304505.927065457,77.53685385374638,0.7890306208952841,0,3.0,1.668,0.598,0.0,452508.44,1.0,77.7,HIGH,MODIFY
1080538.6084576857,1639722.2435215958,535933.5539907677,429884.6230126476,97.024226978395,0.9355653954481455,1,4.0,3.06,1.043,0.241,406634.54,1.0,67.3,HIGH,MODIFY
14136.579458968601,876735.10852759,701388.086822072,151375.3592983897,77.87438182109017,0.6154998787715418,0,2.0,1.25,1.23,1.014,0.0,0.134,14.2,LOW,ALLOW
513455.6077358185,419565.70668799966,335652.56535039976,671611.3789322001,49.66809760676631,0.6268554312069298,1,2.0,1.25,0.0,0.0,1101153.85,1.0,92.0,CRITICAL,BLOCK
805527.8859198233,724662.0683241788,579729.6546593431,457751.12790282763,81.75391595496163,0.9373335644409387,0,2.0,1.25,0.0,0.0,1118346.6,1.0,80.4,CRITICAL,BLOCK
524290.258793161,1104410.5058994857,236437.64501169592,475206.3224314387,49.77947716398775,0.9867280856716607,2,2.0,4.671,2.454,0.444,131523.72,0.856,62.5,HIGH,BLOCK
1114083.7669168673,348886.12593954196,279108.90075163357,141281.40641373728,49.637011437347276,0.7317620265077139,3,4.0,1.25,0.0,0.0,1185587.95,1.0,98.0,CRITICAL,BLOCK
356609.2012379417,1588539.676708168,1313426.6175498478,789423.7805497535,90.23740000650024,0.9422043472561719,0,3.0,1.209,0.938,0.337,870919.92,0.963,64.1,HIGH,MODIFY
712412.918619393,809108.9327931079,366543.3254127104,123876.87713885312,87.84736868598446,0.7512694926014716,0,2.0,2.207,0.264,0.0,393724.19,1.0,78.4,HIGH,MODIFY
51180.63980828875,1774069.5376337357,1019553.0319244502,331986.528091893,49.21981937404074,0.9765145806171522,0,2.0,1.74,1.69,1.364,0.0,0.096,15.9,LOW,ALLOW
667851.920385727,1861660.6202285842,1309741.560456962,649966.7509043666,92.20549339668241,0.9368959032846469,0,4.0,1.421,0.911,0.415,765899.61,0.885,59.8,MEDIUM,MODIFY
880324.3523666171,857379.8419384271,685903.8735507417,645303.4396542642,75.95516775754297,0.7327347202934369,1,3.0,1.25,0.0,0.0,1354151.82,1.0,85.0,CRITICAL,BLOCK
842183.5159484034,1226688.420936603,229914.47811451033,148132.38588192244,87.70867041974157,0.7860299357053122,0,2.0,5.335,1.672,1.028,0.0,0.204,28.9,LOW,ALLOW
528520.6769971194,1773157.709831495,244552.2587947318,650710.042139892,69.67436409534817,0.7162110400467224,0,3.0,7.251,5.089,2.429,0.0,0.34,24.7,LOW,ALLOW
661777.6081490435,1537678.1949072238,282265.01653331675,591957.1600361642,96.294235230483,0.7485212374410123,0,4.0,5.448,3.103,1.006,0.0,0.371,24.5,LOW,ALLOW
796100.371634991,1719996.301007914,1317102.3895031342,597023.8934320955,59.64344173898496,0.6507731575833269,0,3.0,1.306,0.701,0.248,990230.35,1.0,72.4,HIGH,MODIFY
432553.0632529299,1805885.3250055157,1330234.0164537828,328383.744823571,78.54727974454767,0.9815981038508241,0,4.0,1.358,1.032,0.786,285285.5,0.514,34.5,LOW,MODIFY
1120977.941809812,1113320.5745153609,890656.4596122887,661923.2551175841,96.03021890604424,0.8881977097101472,0,3.0,1.25,0.0,0.0,1560237.08,1.0,75.9,HIGH,BLOCK
1011227.3429630911,963732.4741385144,509959.2542663903,673911.766801334,59.16964197772748,0.677455921259381,1,1.0,1.89,0.0,0.0,1231365.89,1.0,89.9,CRITICAL,BLOCK
1174197.6680270676,1507644.241441086,453643.45602179825,507137.36454935325,57.4009770253609,0.6860557595369585,1,2.0,3.323,0.735,0.0,627334.25,1.0,87.8,CRITICAL,MODIFY
236176.4041774599,1801334.475840508,1110201.3625932,95810.19904023789,75.91310308003838,0.7307082214472492,1,4.0,1.623,1.41,1.323,0.0,0.08,19.8,LOW,ALLOW
296516.5425439309,1844632.4378837426,1145160.9003764477,774452.9005777505,44.60375832094975,0.9851422768285177,0,3.0,1.611,1.352,0.676,371497.91,0.624,40.4,MEDIUM,MODIFY
83468.6397574121,707105.5232617953,565684.4186094363,350653.6760957581,76.93806349047335,0.7487209957337676,0,4.0,1.25,1.102,0.483,292701.21,0.817,50.4,MEDIUM,MODIFY
887091.7308002295,266624.8309614089,213299.86476912713,368162.3430502458,44.68055588258742,0.6155193271888596,0,1.0,1.25,0.0,0.0,1201929.11,1.0,86.9,CRITICAL,BLOCK
927932.7041732471,1710757.3922416186,541491.3036451514,297535.60061293136,75.75407142020772,0.7159513278123245,0,1.0,3.159,1.446,0.896,56202.22,0.404,30.2,LOW,MODIFY
40367.09645810719,1489624.07302515,1031430.7553817251,204941.6219244754,44.10502935775322,0.6213115003450115,3,1.0,1.444,1.405,1.206,0.0,0.066,34.6,LOW,BLOCK
1101843.371900309,1517537.678121899,1237563.2349114248,138390.6125974205,41.8152509980688,0.8216916415420941,0,4.0,1.226,0.336,0.224,960259.54,1.0,81.3,CRITICAL,MODIFY
99297.46452550312,694094.9218951485,555275.9375161187,640571.8168498033,61.85763597015234,0.6036398094493185,0,4.0,1.25,1.071,0.0,601050.3,1.0,74.0,HIGH,MODIFY
539397.9271526083,947461.2044375732,757968.9635500587,647886.0697610585,78.20145784936832,0.704236723670707,0,2.0,1.25,0.538,0.0,997791.76,1.0,79.9,HIGH,MODIFY
153324.21270268777,925647.8714781643,740518.2971825316,575501.5261864072,94.94858641931282,0.7849103038771649,0,1.0,1.25,1.043,0.266,543696.16,1.0,57.8,MEDIUM,MODIFY
408595.1736224886,898906.5975453324,291368.69573764555,93985.43881936475,93.52569317707284,0.7694261675173396,1,4.0,3.085,1.683,1.36,0.0,0.127,22.5,LOW,ALLOW
52556.06187533622,1309406.2831033356,505380.2903817152,84030.79895470719,90.56343541957312,0.9757591693624144,0,3.0,2.591,2.487,2.321,0.0,0.143,4.8,LOW,ALLOW
1020736.4959383825,771674.5408324401,440858.7635607014,28826.64499746417,51.80402786624808,0.9497086831853455,0,1.0,1.75,0.0,0.0,718747.36,0.332,73.1,HIGH,BLOCK
978284.4381949598,1366311.6513134225,563346.1015909105,598092.0682954745,57.737826456561024,0.6078003195973448,0,1.0,2.425,0.689,0.0,773410.96,1.0,86.4,CRITICAL,MODIFY
1134855.3008137704,1267365.727059483,578761.3413018313,650053.0197309821,64.04305953755672,0.63866243557736,0,2.0,2.19,0.229,0.0,1096303.93,1.0,84.3,CRITICAL,MODIFY
929385.4211279504,1591476.2412706325,1280397.321380687,20592.22943387873,75.10981452508467,0.866372860051519,0,4.0,1.243,0.517,0.501,638898.73,0.141,42.3,MEDIUM,MODIFY
629736.791867633,1626417.0151740105,399387.7392043907,686096.2325252877,58.04832539145592,0.629980876600877,1,3.0,4.072,2.496,0.778,88803.75,0.522,41.1,MEDIUM,MODIFY
852154.8096360548,676439.266984619,408819.4701977208,656662.6432177561,48.770301706383464,0.7662853796901818,0,4.0,1.655,0.0,0.0,1241197.66,1.0,87.2,CRITICAL,BLOCK
341368.57042430836,908685.8206370793,740416.470596327,50041.50795177597,44.897636787697756,0.7303671280840585,2,2.0,1.227,0.766,0.699,223140.73,0.601,67.2,HIGH,BLOCK
984840.1045992728,1457909.9862302965,782241.7844113581,151220.58403033068,83.41973146899007,0.7921565446525143,0,2.0,1.864,0.605,0.411,460392.49,0.889,63.5,HIGH,MODIFY
13623.155710919664,1113677.7782437857,165622.75264992195,552932.6432393044,47.95039216306208,0.9746488788797348,0,2.0,6.724,6.642,3.303,0.0,0.095,17.8,LOW,ALLOW
550742.197229241,1571551.8591907418,1257241.4873525936,142731.80994249816,73.15368857709433,0.8620150164297927,1,4.0,1.25,0.812,0.698,379163.64,0.602,54.8,MEDIUM,MODIFY
189725.1248483378,1003189.9950450545,802551.9960360436,649234.8192164979,59.198125707182285,0.645682679376688,0,4.0,1.25,1.014,0.205,638321.95,1.0,74.4,HIGH,MODIFY
1173286.7793295407,1255571.34719108,1004457.077752864,680684.679533641,41.17416319791922,0.7056387130963934,0,1.0,1.25,0.082,0.0,1602857.19,1.0,90.7,CRITICAL,MODIFY
578268.8723160737,1379362.3910017076,1103489.912801366,718548.4438145589,52.76485058432206,0.7606756852421834,1,4.0,1.25,0.726,0.075,1020944.84,1.0,84.4,CRITICAL,MODIFY
781323.649544325,593379.2089611632,474703.3671689306,277148.9563229306,63.076572605010625,0.8738615996220487,0,4.0,1.25,0.0,0.0,939796.76,1.0,83.0,CRITICAL,BLOCK
778253.9264972938,812663.3482992465,176730.35718701806,518884.36101030104,60.0457809050174,0.9593686282558767,0,1.0,4.598,0.195,0.0,661205.3,1.0,84.6,CRITICAL,MODIFY
67067.70497032223,1326320.3123168394,402205.37473972584,567761.0134514557,84.9363569676532,0.9234860071830773,0,3.0,3.298,3.131,1.719,0.0,0.134,11.9,LOW,ALLOW
352627.76599865634,340097.90013037337,272078.3201042987,54023.562933345296,47.48145599226436,0.6823611839334238,0,1.0,1.25,0.0,0.0,338631.75,1.0,86.7,CRITICAL,BLOCK
705397.2313994488,1273206.3512820753,1018565.0810256603,774939.0127796461,65.97285699499228,0.6359627713761612,0,1.0,1.25,0.557,0.0,1225694.97,1.0,84.3,CRITICAL,MODIFY
735797.9052295794,943503.0213592077,754802.4170873662,189608.17536075227,89.41753356742544,0.6365329210122547,0,1.0,1.25,0.275,0.024,736705.48,1.0,76.5,HIGH,MODIFY
804779.2978610948,241923.1276533024,193538.50212264192,32515.658611515708,51.10823339013716,0.7925456065103886,0,2.0,1.25,0.0,0.0,788910.33,0.421,76.1,HIGH,BLOCK
478458.3456261184,1169084.3734593801,935267.4987675041,725753.9641727854,95.86285754599406,0.6229662724810417,0,3.0,1.25,0.738,0.0,970395.44,1.0,76.4,HIGH,MODIFY
1142304.586969286,848123.0571007795,684107.5482754051,682740.1888571883,85.549278653322,0.7267463949887056,0,3.0,1.24,0.0,0.0,1661029.27,1.0,76.1,HIGH,BLOCK
250308.02907171502,1965762.5001787145,816633.1200600694,747266.6271724082,69.29166387812276,0.8020669623525062,0,4.0,2.407,2.101,1.186,0.0,0.082,20.5,LOW,ALLOW
1028933.8152299593,573479.1449207291,458783.3159365833,92541.02112686171,54.69560436462421,0.6558896656547432,1,2.0,1.25,0.0,0.0,1006779.01,1.0,92.9,CRITICAL,BLOCK
21458.62609716016,374306.5153281054,299445.21226248436,548287.9198462837,41.45067093544731,0.7809748876506354,0,3.0,1.25,1.178,0.0,494885.24,1.0,68.2,HIGH,MODIFY
1057259.3747193255,351861.70646929974,174943.00993697043,208584.76944226024,55.68581241258933,0.8336971630059979,0,3.0,2.011,0.0,0.0,1088925.45,1.0,88.9,CRITICAL,BLOCK
526662.6013871011,1796496.502441331,1118654.5737170018,517484.76708716265,47.38313437013549,0.6658717372583179,0,4.0,1.606,1.135,0.673,366305.44,0.627,45.2,MEDIUM,MODIFY
211554.15797056598,1624896.084837376,1427781.7037013485,305251.97398261656,83.99430388294029,0.670231217623181,0,4.0,1.138,0.99,0.776,319691.75,0.524,38.0,MEDIUM,MODIFY
641177.4864749964,455806.51033750025,272876.1762741382,253651.00135242863,71.91483610809901,0.9152375691106656,2,2.0,1.67,0.0,0.0,711898.15,1.0,95.6,CRITICAL,BLOCK
236329.65701386702,1009619.8421911492,520478.5412220227,485191.52381056186,43.740061762945764,0.6166334508264651,0,3.0,1.94,1.486,0.554,232379.88,0.746,49.6,MEDIUM,MODIFY
313469.9009089956,1612811.7647036794,560033.4760542386,585534.3026882455,89.98625065573327,0.8611539550392491,1,2.0,2.88,2.32,1.275,0.0,0.057,18.6,LOW,ALLOW
401853.0145410031,1944487.149434204,233615.32309146255,271560.4974193833,85.89692647420917,0.7824594065927832,0,4.0,8.323,6.603,5.441,0.0,0.113,10.1,LOW,ALLOW
349757.9232577828,1230366.717494038,167588.59056163306,474911.1066218619,77.8945543523499,0.8095156753462933,1,2.0,7.342,5.255,2.421,0.0,0.454,26.4,LOW,ALLOW
949496.4416476794,1385268.8084629101,578415.3595095832,717992.7167884257,49.41929497994737,0.894642670508919,0,4.0,2.395,0.753,0.0,860635.71,1.0,90.7,CRITICAL,MODIFY
115463.20806056786,1876482.9150986527,702012.697307045,302475.52362338663,92.63744536939762,0.9407446224522859,0,4.0,2.673,2.509,2.078,0.0,0.075,2.2,LOW,ALLOW
439034.4333448529,1523085.6334055618,1294167.4856028305,104636.63193858217,74.0214362658071,0.8171488556192413,0,1.0,1.177,0.838,0.757,314752.92,0.543,46.5,MEDIUM,MODIFY
830408.0284889702,730243.9639479836,604610.3285549544,705017.9158107118,72.48155159923955,0.6755190353507706,2,2.0,1.208,0.0,0.0,1409792.31,1.0,93.2,CRITICAL,BLOCK
909033.558346105,1907249.8156295035,676571.3703901233,418540.0910365791,98.93825171285795,0.7147432391106501,0,1.0,2.819,1.475,0.857,96895.2,0.443,19.6,LOW,MODIFY
228136.87822166525,1628580.3869019023,1302864.309521522,444714.39546152914,92.64200508708555,0.9376571886235779,0,2.0,1.25,1.075,0.734,347135.2,0.566,30.0,LOW,MODIFY
37220.873609827795,1093142.5104252584,723521.0789304043,287130.7436353854,70.42128275287469,0.8984075441847561,1,2.0,1.511,1.459,1.063,0.0,0.139,19.9,LOW,ALLOW
727448.3825282973,522827.38604487584,418261.9088359007,516475.1633636204,54.83675430325182,0.7066159575722604,0,2.0,1.25,0.0,0.0,1139358.07,1.0,84.2,CRITICAL,BLOCK
594829.3774261174,1137577.1328396422,560831.232207387,724941.6095523948,58.14638539059182,0.9445833138117393,0,3.0,2.028,0.968,0.0,743025.09,1.0,79.6,HIGH,MODIFY
537507.3852013864,1370657.0944173576,1233416.6849026703,342242.464108692,66.34114088984316,0.7298475704362918,0,3.0,1.111,0.675,0.398,742509.44,0.902,63.3,HIGH,MODIFY
768067.9995747262,1071491.669355101,857193.3354840808,714182.4771071803,62.643533021701856,0.6232631489217357,0,4.0,1.25,0.354,0.0,1267952.14,1.0,83.2,CRITICAL,MODIFY
120852.16588422866,1991166.6992404985,1182049.1881527693,347638.152447845,53.20977112531689,0.8401695793363116,0,1.0,1.685,1.582,1.288,0.0,0.096,17.5,LOW,ALLOW
842347.6936270888,1631805.06410383,360956.9322094197,522066.2965898338,64.57795324774311,0.8128140624865055,0,2.0,4.521,2.187,0.741,93565.86,0.559,39.5,MEDIUM,MODIFY
81606.10420512022,1540244.1821382933,789997.8181273058,309458.72705170617,55.36550493802058,0.9558408419973841,0,4.0,1.95,1.846,1.455,0.0,0.1,17.8,LOW,ALLOW
81633.02461108922,751833.1769568602,601466.5415654882,660165.5407453165,74.70212981961646,0.7276874885022968,0,2.0,1.25,1.114,0.017,591431.93,1.0,66.3,HIGH,MODIFY
1157426.4269520626,1136514.966554427,994926.1131858595,379094.4068287545,68.23391399207043,0.7281088852262201,0,2.0,1.142,0.0,0.0,1394931.98,1.0,84.2,CRITICAL,BLOCK
334330.0216186273,406063.2273160414,324850.58185283316,702458.584347423,85.99377189230344,0.8073639521190669,1,4.0,1.25,0.221,0.0,955575.96,1.0,84.4,CRITICAL,MODIFY
1096573.0429029227,815302.1970801858,652241.7576641487,301141.1874215485,61.354757122107614,0.669710743704195,0,3.0,1.25,0.0,0.0,1234653.79,1.0,81.5,CRITICAL,BLOCK
705133.9500720438,224976.81395602773,179981.4511648222,774917.9036031193,84.60317165590692,0.9784476295355138,0,4.0,1.25,0.0,0.0,1435056.49,1.0,78.1,HIGH,BLOCK
757772.2267622604,626352.5777962687,501082.062237015,135608.34635021052,80.46451097649769,0.9338548116800847,0,1.0,1.25,0.0,0.0,768110.06,1.0,74.8,HIGH,BLOCK
610149.3584574731,1090776.3910151154,686921.4626652655,566963.1165164798,51.85234789557535,0.8580115435390898,1,1.0,1.588,0.7,0.0,773257.55,1.0,88.7,CRITICAL,MODIFY
832568.2904557887,1379104.8157461411,669871.7805958693,485344.6135781846,89.25444714971057,0.6243503486089277,1,3.0,2.059,0.816,0.091,608679.87,1.0,80.3,CRITICAL,MODIFY
830638.2682626691,1732320.0581731354,626799.4533372568,186674.78723179913,78.43485328832105,0.8529557736479754,0,1.0,2.764,1.439,1.141,0.0,0.02,25.9,LOW,ALLOW
663446.8287849783,1039067.1299208696,831253.7039366957,248585.52974651323,91.49812492719121,0.6689283546300143,0,2.0,1.25,0.452,0.153,704218.93,1.0,73.1,HIGH,MODIFY
846102.8221366856,963760.3650093903,858963.1469552824,711902.848648053,76.58582552495213,0.9735135694414984,0,1.0,1.122,0.137,0.0,1453208.45,1.0,81.1,CRITICAL,MODIFY
313380.41191051394,558853.5740903078,447082.85927224625,525735.9276658233,68.77075001424483,0.7198634482270967,1,1.0,1.25,0.549,0.0,727345.62,1.0,85.4,CRITICAL,MODIFY
1132001.143686846,1020986.9395818699,798574.2208046134,68061.80084572606,92.4654417558875,0.6478116242376685,2,2.0,1.279,0.0,0.0,977650.23,1.0,84.0,CRITICAL,BLOCK
112105.92038266965,880554.5052761819,789514.6346867422,593642.071053628,82.62725120201341,0.6770204809650185,0,2.0,1.115,0.973,0.221,614708.12,1.0,74.5,HIGH,MODIFY
504315.6855694113,1718263.596380217,687032.2855112604,619823.8356013653,47.09699039926882,0.6661502637056914,1,4.0,2.501,1.767,0.865,92908.21,0.435,37.3,MEDIUM,MODIFY
523581.04609420284,1501364.2492810516,1018116.4111091944,703913.2530840256,63.2039143529927,0.964927834102919,0,2.0,1.475,0.96,0.269,744246.46,1.0,69.4,HIGH,MODIFY
159890.89486437797,1952580.3903677037,1000494.7550208846,395228.16780101595,78.48295479665076,0.9470110179638402,0,4.0,1.952,1.792,1.397,0.0,0.006,10.4,LOW,ALLOW
328527.4619414454,1715785.3871406643,274203.06437550473,532471.8866990906,61.199128941856216,0.8377769775313719,0,3.0,6.257,5.059,3.117,0.0,0.104,15.8,LOW,ALLOW
1177492.562585379,472401.668695955,377921.334956764,20714.234025165988,76.59351318446824,0.7140025175795066,0,4.0,1.25,0.0,0.0,1103726.46,0.272,65.7,HIGH,BLOCK
983762.2815353882,714713.2073417187,571770.565873375,76707.94107956036,43.863687719448194,0.94156483927912,0,2.0,1.25,0.0,0.0,917527.58,1.0,90.2,CRITICAL,BLOCK
940803.4750696758,799845.0275632829,639876.0220506263,774359.107028996,66.60586466302975,0.6101438428429221,0,4.0,1.25,0.0,0.0,1555193.58,1.0,84.6,CRITICAL,BLOCK
1083074.712289054,374944.1700282071,299955.3360225657,238188.75737615812,54.38353247686225,0.6766126626382305,0,3.0,1.25,0.0,0.0,1246274.64,1.0,84.7,CRITICAL,BLOCK
439285.82259524113,214610.82204766173,171688.6576381294,194458.89409998135,94.17722651009302,0.8914659993539076,3,1.0,1.25,0.0,0.0,590822.55,1.0,90.7,CRITICAL,BLOCK
710627.7969147671,1272374.9929980794,544515.8100283676,484242.5725350699,90.09541848063193,0.8975559083554442,1,4.0,2.337,1.032,0.142,467011.19,1.0,71.3,HIGH,MODIFY
232066.4215007734,426703.56978061446,341362.8558244916,53579.00797707362,55.679442355745415,0.9598808327644859,0,3.0,1.25,0.57,0.413,200304.72,0.887,64.9,HIGH,MODIFY
570286.4741767398,547353.8295483929,437883.0636387144,408233.97347698995,80.50110757654795,0.9834772339417608,0,4.0,1.25,0.0,0.0,869049.68,1.0,77.4,HIGH,BLOCK
381162.78526212194,1698319.591138809,1477009.8679008149,247542.25550745125,74.19334328888195,0.9417795893226395,0,4.0,1.15,0.892,0.724,407395.32,0.576,49.5,MEDIUM,MODIFY
543680.2157462813,438118.3327076788,350494.666166143,154308.81121478777,48.23738722050035,0.6105770458059965,1,1.0,1.25,0.0,0.0,610365.36,1.0,93.3,CRITICAL,BLOCK
100879.14918810199,1297688.4048790077,339184.86961028737,491364.25155107863,50.320269575081895,0.7742904148431962,2,3.0,3.826,3.528,2.08,0.0,0.008,26.5,LOW,BLOCK
699041.4769802649,1819393.86058652,230667.14016645672,165638.2531084983,68.3277233610229,0.941192429187,0,1.0,7.888,4.857,4.139,0.0,0.032,14.9,LOW,ALLOW
986567.4930558023,1109503.3507462246,943156.3371535478,476650.44593999715,89.21257124162496,0.6159659268028529,0,1.0,1.176,0.13,0.0,1296870.93,1.0,78.7,HIGH,MODIFY
1181270.060216753,828877.7790398854,552390.0271326012,62900.43851480789,72.96985567561777,0.8932725572865843,1,4.0,1.501,0.0,0.0,967682.75,1.0,87.6,CRITICAL,BLOCK
1027361.3610614575,268619.41336575954,214895.53069260763,4905.699875545988,97.37281792072278,0.8660396850358792,0,4.0,1.25,0.0,0.0,978543.18,0.356,64.5,HIGH,BLOCK
435694.33478552493,632448.4210410486,151312.44425638334,209591.99783819774,50.96013581781849,0.8867931907185964,0,3.0,4.18,1.3,0.0,164150.36,1.0,79.2,HIGH,MODIFY
751744.5662972537,1336444.5532147237,1035099.4402389462,462340.27196169976,84.7560751909046,0.7848507148186983,1,1.0,1.291,0.565,0.118,912739.73,1.0,81.8,CRITICAL,MODIFY
792958.2117211722,1987146.0347870116,989098.3132950132,481814.067746901,43.9211510037009,0.7479174287184234,0,4.0,2.009,1.207,0.72,276724.56,0.58,44.2,MEDIUM,MODIFY
993759.0147454672,431898.38701876823,345518.7096150146,782616.1538001614,57.85511264190049,0.8474467674609578,1,1.0,1.25,0.0,0.0,1689995.49,1.0,90.0,CRITICAL,BLOCK
1073677.3843970469,393346.4837177112,260876.18737997374,659347.1506931537,52.784652638522594,0.8893387858746776,0,4.0,1.508,0.0,0.0,1600554.24,1.0,85.0,CRITICAL,BLOCK
242776.31565715664,855053.7208989298,684042.9767191438,213401.80572783636,75.85786950648708,0.6809538467912264,0,4.0,1.25,0.895,0.583,285167.38,0.717,53.7,MEDIUM,MODIFY
44480.468906358685,1335275.4084172826,1068220.3267338262,176351.1191550906,86.86884068320374,0.7341163342925936,0,2.0,1.25,1.208,1.043,0.0,0.139,13.8,LOW,ALLOW
1163049.7551858847,1364353.6518455772,1079387.453624716,13951.658392865607,87.16815251652491,0.9877913242013472,0,3.0,1.264,0.186,0.174,892035.22,0.324,59.2,MEDIUM,MODIFY
125749.13913722314,780866.3237191659,624693.0589753328,323617.6524768516,83.20095380700224,0.6635635349141188,0,3.0,1.25,1.049,0.531,293193.53,0.769,50.8,MEDIUM,MODIFY
1144558.3143103865,1010841.2233151068,808672.9786520855,231365.00775660513,44.752557223945416,0.8496762074577883,0,2.0,1.25,0.0,0.0,1173755.08,1.0,89.4,CRITICAL,BLOCK
699200.8497385412,622002.5727418615,497602.0581934892,554889.6336343873,88.04507275954623,0.7561471352284355,0,1.0,1.25,0.0,0.0,1129689.97,1.0,79.3,HIGH,BLOCK
613759.0422295426,848487.1706315309,247882.04786247358,665960.8860747159,79.91062710250202,0.9316929145955277,0,1.0,3.423,0.947,0.0,679114.81,1.0,75.9,HIGH,MODIFY
622584.7214125654,225218.04913042166,180174.43930433734,528252.3604100278,74.63127491800736,0.6557419342350906,1,3.0,1.25,0.0,0.0,1105793.47,1.0,86.1,CRITICAL,BLOCK
657753.28661242,1295729.6795181783,1036583.7436145428,153382.69757186164,41.39871851091732,0.7763561138054883,0,1.0,1.25,0.615,0.467,551990.05,0.833,68.1,HIGH,MODIFY
684577.074755177,1193199.31732267,899207.2560105019,550221.8801132794,70.6423499579112,0.680048363058589,0,3.0,1.327,0.566,0.0,940806.89,1.0,83.7,CRITICAL,MODIFY
1170314.9734190288,339755.5593163242,271804.4474530594,578244.8982746985,60.59542336903753,0.8549938685883653,2,1.0,1.25,0.0,0.0,1680608.76,1.0,92.4,CRITICAL,BLOCK
1014953.5584769166,1196394.2347597987,477718.19538669847,309031.2366185496,69.16172667473415,0.6130577999421843,0,3.0,2.504,0.38,0.0,605308.76,1.0,82.8,CRITICAL,MODIFY
1021893.7738794233,1510680.5278577309,297360.5739104821,772394.8344053259,47.97468729495329,0.6749983905965247,0,1.0,5.08,1.644,0.0,580968.65,1.0,78.8,HIGH,MODIFY
842664.7602088766,772987.5489197013,618390.039135761,308149.70818822295,59.06828267626629,0.7408458585905411,0,3.0,1.25,0.0,0.0,996216.96,1.0,83.6,CRITICAL,BLOCK
937693.916878991,1929695.4087146681,1180258.1685387725,782003.2391785535,71.9822639098878,0.6238857920798541,2,1.0,1.635,0.84,0.178,970259.92,1.0,86.9,CRITICAL,BLOCK
314340.6484899485,418083.33843937796,346626.11704243463,397002.05210631713,65.44786358971739,0.6431662750060315,2,3.0,1.206,0.299,0.0,639885.48,1.0,93.7,CRITICAL,BLOCK
722704.8144743252,650891.7775023184,520713.42200185475,599565.543787401,94.75663549207793,0.6528545563165394,0,1.0,1.25,0.0,0.0,1192092.0,1.0,74.2,HIGH,BLOCK
680656.6105432754,1618196.0682814962,1294556.8546251971,413011.831569922,94.09523743733004,0.9296739160900847,0,1.0,1.25,0.724,0.405,770029.23,0.895,57.0,MEDIUM,MODIFY
992453.8406285486,420612.35424562404,336489.88339649927,269807.74391734885,61.75204688245862,0.9849097117943812,0,2.0,1.25,0.0,0.0,1178139.11,1.0,82.2,CRITICAL,BLOCK
238669.31633647115,1364842.8577025908,1091874.2861620726,403952.9222692906,45.86700985813469,0.6939295110839605,0,2.0,1.25,1.031,0.661,369653.67,0.639,48.4,MEDIUM,MODIFY
727273.1303077134,1549940.4748976175,506182.70556868165,44626.249753129436,97.90282328265252,0.7998511093320841,3,1.0,3.062,1.625,1.537,0.0,0.051,33.7,LOW,BLOCK
1143623.43356221,616579.9358118708,355746.09113733715,393469.12610010855,45.06127949469142,0.8730567078720828,0,4.0,1.733,0.0,0.0,1276258.71,1.0,88.3,CRITICAL,BLOCK
558077.6431944653,1923458.3366202957,622265.8325028558,695382.920340112,70.0271466904515,0.9265468898589557,1,3.0,3.091,2.194,1.077,0.0,0.302,29.7,LOW,ALLOW
447980.2835679411,843119.4342131119,674495.5473704896,498163.22579488583,55.10314099909577,0.8444984811827445,0,1.0,1.25,0.586,0.0,777519.62,1.0,86.2,CRITICAL,MODIFY
634146.862109445,749873.8516479086,507059.97011657455,740946.7139429441,79.5298516014416,0.8209445965181965,0,2.0,1.479,0.228,0.0,1132279.69,1.0,82.8,CRITICAL,MODIFY
300325.44035913696,1594879.2188723541,1032591.2864849737,210156.44756322747,41.9323276834915,0.8437967976993763,1,1.0,1.545,1.254,1.05,0.0,0.148,36.0,MEDIUM,ALLOW
173251.4063923305,1925849.56416245,1315534.6998025412,298301.7160125678,43.57286487446809,0.6235803968060553,0,1.0,1.464,1.332,1.105,0.0,0.033,20.6,LOW,ALLOW
345575.7526719387,1699108.4959609427,399633.478842131,371977.9470097645,68.2096142666653,0.8643765166492848,0,3.0,4.252,3.387,2.456,0.0,0.05,12.4,LOW,ALLOW
160994.22289901844,1053662.5060615458,842930.0048492367,42459.18834500761,58.04076666562582,0.7818879745588116,0,4.0,1.25,1.059,1.009,0.0,0.092,33.9,LOW,ALLOW
489385.7365064979,1009782.9703427579,398172.61639665643,473320.2602626995,78.2299871594218,0.7192308618155412,0,3.0,2.536,1.307,0.118,351095.64,1.0,64.3,HIGH,MODIFY
750850.7855428115,982031.5093939751,541441.8580716255,361360.080050782,81.3342439859093,0.8755532641494461,0,4.0,1.814,0.427,0.0,671621.21,1.0,80.0,CRITICAL,MODIFY
742987.772953963,997206.8086544315,797765.4469235452,226142.84455241344,58.53650274735456,0.8566833852979197,1,2.0,1.25,0.319,0.035,769689.26,1.0,88.1,CRITICAL,MODIFY
1092644.8368622556,602119.5413458743,481695.63307669945,168182.86039804172,72.56254969579777,0.9151966591087626,0,1.0,1.25,0.0,0.0,1140403.79,1.0,84.0,CRITICAL,BLOCK
375801.2771930335,1396047.860749102,564993.300032478,702119.4661457399,74.35067575951854,0.6154706555621163,0,3.0,2.471,1.806,0.563,246866.18,0.737,37.9,MEDIUM,MODIFY
703648.0157184169,1824711.3169474553,323316.92594165716,730803.4550979976,69.18843152320781,0.7255668319195601,0,4.0,5.644,3.467,1.207,0.0,0.203,25.3,LOW,ALLOW
1010226.5274508409,925772.391007358,389959.02558615804,271134.58989257284,70.05945516173384,0.8813115380872547,0,4.0,2.374,0.0,0.0,745547.75,1.0,81.5,CRITICAL,BLOCK
422211.6722802412,1031035.533282997,894420.6604418746,20645.454640148044,79.53332117468595,0.7392206457405744,0,1.0,1.153,0.681,0.658,306242.25,0.01,37.6,MEDIUM,MODIFY
882624.2651786167,702368.1736614392,231603.159835939,660239.8470666547,85.65811343512345,0.8349287906262329,0,3.0,3.033,0.0,0.0,1072099.1,1.0,81.3,CRITICAL,BLOCK
519040.60303190636,1686364.6221816605,698118.656323374,41728.176394655406,58.26394006449911,0.8947553243109856,1,4.0,2.416,1.672,1.612,0.0,0.018,27.1,LOW,ALLOW
592838.0040306486,322131.57822897984,257705.26258318388,352424.4704521683,52.99534638565035,0.921215412718849,0,4.0,1.25,0.0,0.0,880836.16,1.0,86.3,CRITICAL,BLOCK
560747.0049427014,725031.5299243911,580025.2239395129,188045.48794992143,98.27266883327715,0.8504653041605934,0,1.0,1.25,0.283,0.0,603786.19,1.0,74.2,HIGH,MODIFY
264211.1756761122,1738932.0039214217,313225.8277854449,268098.07585052063,77.04431544453917,0.9410477400335978,0,4.0,5.552,4.708,3.852,0.0,0.09,10.5,LOW,ALLOW
82623.47934142905,1028507.9127701406,822806.3302161125,714749.1839049185,77.87419921354143,0.9246454131633823,0,3.0,1.25,1.15,0.281,591671.08,1.0,53.0,MEDIUM,MODIFY
243049.25645602765,1983822.927143235,246168.82543758216,620978.533793129,55.46919373538684,0.6590274569660047,0,3.0,8.059,7.071,4.549,0.0,0.088,14.0,LOW,ALLOW
542879.376425418,1327442.440372698,632459.4670203433,101742.47776468279,43.08370481161016,0.742750654990618,1,2.0,2.099,1.24,1.08,0.0,0.049,42.4,MEDIUM,ALLOW
522973.4002921974,719691.8587563781,575753.4870051024,124810.34352243876,78.35490277267776,0.7201332986048503,0,3.0,1.25,0.342,0.125,503845.37,1.0,74.6,HIGH,MODIFY
193175.67287510986,1109514.7977764867,332582.64255408896,147869.1585492146,43.025999667024976,0.6284092408521174,0,4.0,3.336,2.755,2.311,0.0,0.006,17.0,LOW,ALLOW
1052591.0174624403,1485327.1269132327,1188261.7015305862,85483.06658375342,56.43702700957156,0.7799180490043429,0,4.0,1.25,0.364,0.292,841008.66,1.0,75.4,HIGH,MODIFY
692557.4764159442,506433.15816728916,195291.79874194134,793052.614693612,97.48031200405728,0.8865571053583181,0,2.0,2.593,0.0,0.0,1174468.73,1.0,77.0,HIGH,BLOCK
686308.6129876869,825273.8839016668,685897.3738278535,728320.4056523221,46.69734995595047,0.8811171618069797,3,3.0,1.203,0.203,0.0,1275252.51,1.0,98.0,CRITICAL,BLOCK
1089291.6445778357,591357.4480597386,487560.7578717497,57752.07342793633,93.42297070338778,0.6106286440204763,0,2.0,1.213,0.0,0.0,1043247.03,1.0,76.5,HIGH,BLOCK
500187.6604639098,735456.5881584374,588365.2705267499,195962.47640599485,51.00356630011562,0.9262377746507904,0,4.0,1.25,0.4,0.067,549058.82,1.0,83.3,CRITICAL,MODIFY
1069782.9419086091,1050997.725594291,840798.1804754329,326195.48456348566,59.90209210557965,0.7678597083532942,0,3.0,1.25,0.0,0.0,1185778.88,1.0,85.8,CRITICAL,BLOCK
599362.7767555582,1817882.5297999887,392318.5411415127,37341.24840547333,56.92128388436373,0.6306811841436538,0,4.0,4.634,3.106,3.011,0.0,0.069,17.4,LOW,ALLOW
720965.8393691934,656836.3287465126,525469.0629972102,265979.1047128136,69.89303648783462,0.6750666027233766,0,3.0,1.25,0.0,0.0,855577.68,1.0,78.3,HIGH,BLOCK
476337.90695316973,259361.02828140982,207488.82262512785,709369.5383724753,77.82767467796135,0.8603950292462018,0,2.0,1.25,0.0,0.0,1133835.24,1.0,80.6,CRITICAL,BLOCK
786969.3950309205,314731.9842263041,251785.5873810433,137699.39355277838,95.12076107600001,0.658653447766171,0,2.0,1.25,0.0,0.0,861722.39,1.0,74.0,HIGH,BLOCK
956832.4747226548,803765.8935757332,514175.10462408315,641510.7371209424,63.454444620953375,0.6944401469482575,0,3.0,1.563,0.0,0.0,1308752.42,1.0,84.6,CRITICAL,BLOCK
341700.532098437,1187999.1371231047,703178.3919540687,87715.57763974283,95.16372170345178,0.6660330412020318,0,3.0,1.689,1.204,1.079,0.0,0.049,18.9,LOW,ALLOW
689258.3067559157,645737.1276132598,516589.7020906079,44553.37007209454,47.12524927696987,0.9447017045777701,0,1.0,1.25,0.0,0.0,604664.25,0.422,78.2,HIGH,BLOCK
462265.7023124687,262627.8814775198,210102.30518201587,40365.249805545565,96.94419438416008,0.9343475120263849,0,3.0,1.25,0.0,0.0,450105.38,0.279,62.5,HIGH,BLOCK
208678.8513165305,1080706.9304351015,864565.5443480812,528187.8674890787,67.0457201864811,0.9426998152049191,0,2.0,1.25,1.009,0.398,520725.33,0.902,58.9,MEDIUM,MODIFY
546813.2975909916,1697621.5578845022,470845.83514625643,149475.37172056249,84.42754380538747,0.7548264278497081,0,3.0,3.605,2.444,2.127,0.0,0.147,17.7,LOW,ALLOW
706326.337127865,843101.9348664889,266669.22319522,25096.90470345456,63.87138486574089,0.8935654380413762,1,2.0,3.162,0.513,0.419,154990.53,0.458,64.2,HIGH,MODIFY
978930.187409731,328308.77578945295,262647.0206315624,406944.13385859295,46.729164649565774,0.7355798720947254,1,4.0,1.25,0.0,0.0,1320212.57,1.0,89.7,CRITICAL,BLOCK
165581.34583832487,1899439.6809586163,1179725.8686041492,678469.1667969692,48.37989616780816,0.7357789162266055,0,1.0,1.61,1.47,0.895,124336.7,0.405,24.6,LOW,MODIFY
474412.0116017771,1749927.494385334,1454972.6032018235,391967.4897504711,62.08763915373781,0.7889795793823944,0,3.0,1.203,0.877,0.607,571424.61,0.693,57.6,MEDIUM,MODIFY
604584.8458000651,623995.38595077,499196.308760616,447700.8355634707,53.85909283032828,0.8585280779766089,0,2.0,1.25,0.039,0.0,927486.6,1.0,90.6,CRITICAL,MODIFY
1021835.3533465898,1049427.78736532,444490.4504693537,89908.16087533675,89.15901788649398,0.8247581783769862,1,4.0,2.361,0.062,0.0,506806.18,1.0,82.8,CRITICAL,MODIFY
36334.878748522395,1131799.3718569898,881827.3516383495,471073.0634285221,64.6077056439086,0.6930468349146248,0,2.0,1.283,1.242,0.708,257435.92,0.592,30.9,LOW,ALLOW
833389.0562274082,856272.2535754511,685017.802860361,527210.8782184875,40.92963422517398,0.7834323259499112,0,2.0,1.25,0.033,0.0,1189345.48,1.0,90.0,CRITICAL,MODIFY
325188.7614205116,599808.5932037758,479846.87456302065,545771.9630686112,52.73927823054859,0.7841858866258469,0,2.0,1.25,0.572,0.0,750999.01,1.0,86.8,CRITICAL,MODIFY
825433.9550814886,1241811.9737190264,1001660.3085714479,791488.6875378585,81.49963055323738,0.8426196412633761,1,3.0,1.24,0.416,0.0,1376770.98,1.0,83.0,CRITICAL,MODIFY
736785.352700871,949858.0093277144,759886.4074621716,583147.5837761424,84.89032622833778,0.9665565131167763,1,2.0,1.25,0.28,0.0,1129961.33,1.0,82.0,CRITICAL,MODIFY
1100701.10457333,1422283.4993034017,384712.7763746487,68377.90478456211,98.53595139389148,0.9233139542102333,0,1.0,3.697,0.836,0.658,131508.29,0.642,42.7,MEDIUM,MODIFY
40291.825246322114,1856303.1609024887,1047471.1580320719,639541.8137679532,88.31269604204992,0.6120166915202258,0,1.0,1.772,1.734,1.123,0.0,0.039,8.7,LOW,ALLOW
1194380.0963441948,1501717.678596013,740748.4367333298,622167.7023299441,59.42926926102268,0.6495394195796145,0,3.0,2.027,0.415,0.0,1055578.56,1.0,82.7,CRITICAL,MODIFY
855940.8183411721,1635067.4676964467,1080831.5806094229,387499.81033473666,50.93676523002538,0.657604579774621,1,3.0,1.513,0.721,0.362,689204.74,0.938,77.0,HIGH,MODIFY
1039457.6874999563,1598858.8122531942,679674.5522690872,150077.48471090494,91.55155478394337,0.8210123185337637,2,3.0,2.352,0.823,0.602,270350.91,0.698,57.1,MEDIUM,BLOCK
845749.8170922677,1397183.1180925472,606639.6556794462,624556.2361560019,44.041278033725135,0.6016436460852022,0,3.0,2.303,0.909,0.0,679762.59,1.0,87.1,CRITICAL,MODIFY
868644.6451063249,1245910.8484195038,725228.7629844092,759473.9600148599,96.07195052594354,0.9228969915291132,0,2.0,1.718,0.52,0.0,1107436.52,1.0,76.8,HIGH,MODIFY
579893.997894076,1538967.5687900672,1374126.5825589488,780933.5808765736,45.51660855271027,0.6334296655115242,2,2.0,1.12,0.698,0.13,1195986.59,1.0,95.1,CRITICAL,BLOCK
703711.7073289212,547955.354498871,438364.2835990968,69814.24413524797,55.5222558932693,0.7558498556803936,2,1.0,1.25,0.0,0.0,663934.88,1.0,95.4,CRITICAL,BLOCK
1087802.75864485,1743900.3029127095,609296.4928284985,50680.774271130154,62.31484301410218,0.9440744902759164,1,3.0,2.862,1.077,0.994,3879.72,0.306,33.6,LOW,MODIFY
1149888.6666474133,1554023.4285952968,251557.46505473572,303273.9579569584,88.6597190896798,0.8282675673268698,0,2.0,6.178,1.607,0.401,150696.66,0.899,52.4,MEDIUM,MODIFY
692288.1264510438,1970194.6135716592,922336.071412825,638964.136525751,80.49065835136415,0.9305430498185269,0,1.0,2.136,1.386,0.693,283393.72,0.607,37.0,MEDIUM,MODIFY
363141.8433967709,1423763.8611606874,1139011.08892855,82869.68977191015,64.66738308343746,0.7676318350213577,0,4.0,1.25,0.931,0.858,161258.76,0.442,42.5,MEDIUM,MODIFY
182699.49762173378,1821228.11743725,349684.30395792145,686276.723062574,80.1039003416121,0.6511639844414177,0,4.0,5.208,4.686,2.723,0.0,0.029,9.1,LOW,ALLOW
43624.05300844223,1772975.5866825306,1071342.0914713927,186059.63741167565,66.18165635344495,0.6405432273964846,0,1.0,1.655,1.614,1.441,0.0,0.099,10.4,LOW,ALLOW
27542.84487872479,625538.7195328989,500430.9756263191,588433.3861219244,53.873852386543184,0.7848425250458524,0,3.0,1.25,1.195,0.019,490868.49,1.0,63.5,HIGH,MODIFY
1181797.2283793453,1370339.1951894863,1138017.4854574467,567173.2502863222,98.77736166332068,0.6255209827552848,0,1.0,1.204,0.166,0.0,1516648.77,1.0,69.5,HIGH,MODIFY
541025.0297753498,552073.1491406298,441658.51931250386,68091.3430546143,61.152708146172046,0.701582742836229,3,2.0,1.25,0.025,0.0,498701.74,1.0,98.0,CRITICAL,BLOCK
177483.0173724286,938300.6362625873,750640.5090100699,539234.1145701172,41.92373648647612,0.9599876714525186,0,3.0,1.25,1.014,0.295,529057.0,1.0,71.9,HIGH,MODIFY
1118115.7823006178,274798.8187723128,219839.05501785025,277257.34389341756,46.991290277113016,0.8170959295546382,0,1.0,1.25,0.0,0.0,1340413.36,1.0,90.9,CRITICAL,BLOCK
894826.7921018174,1125607.7330510397,265124.70675071527,295317.82234567945,57.306890876728275,0.8359682646858311,0,3.0,4.246,0.87,0.0,329661.59,1.0,79.2,HIGH,MODIFY
1105568.013903358,809681.6135917869,420416.26828111283,773080.3813553954,46.547763879707745,0.6869843341526899,0,3.0,1.926,0.0,0.0,1489383.05,1.0,87.5,CRITICAL,BLOCK
905285.5414535656,1014815.3977655959,176782.11669277173,634627.8172393685,89.04214412703087,0.7491957687076317,0,4.0,5.74,0.62,0.0,701880.08,1.0,75.7,HIGH,MODIFY
1026766.2831104918,951687.716617099,761350.1732936793,770608.3729227781,87.470681776167,0.6678910809168721,0,3.0,1.25,0.0,0.0,1607037.11,1.0,81.8,CRITICAL,BLOCK
177107.8471456372,898165.8720912621,718532.6976730097,475264.8736607079,66.33195626863349,0.6549157418540017,0,1.0,1.25,1.004,0.342,472739.55,0.958,65.5,HIGH,MODIFY
1173505.0917103854,551679.0026227431,441343.2020981945,515889.81376298773,92.44327265906037,0.8152620428129151,2,4.0,1.25,0.0,0.0,1579059.1,1.0,84.8,CRITICAL,BLOCK
594765.1437509039,1204759.5120461886,1081836.1572779205,206789.75590630592,92.4303613377284,0.9445692116442184,0,2.0,1.114,0.564,0.373,678631.54,0.927,63.1,HIGH,MODIFY
408500.66183643555,1778640.2554603545,761618.9816264311,639405.2624774616,55.369307570713865,0.9267917796976468,0,3.0,2.335,1.799,0.959,30884.65,0.341,24.0,LOW,MODIFY
68146.9379348038,1519726.2810516139,1215781.0248412911,482404.57101491734,67.49738342625139,0.929704771248015,0,3.0,1.25,1.194,0.797,246606.25,0.503,23.9,LOW,ALLOW
360184.3966985111,1260120.7922254514,227511.99741309154,206398.93489795175,60.99126865782753,0.8574307056027621,0,3.0,5.539,3.956,3.048,0.0,0.059,17.2,LOW,ALLOW
393332.50508421543,592522.8157417099,474018.25259336794,405673.1388314672,70.84816806745955,0.6740333972513347,2,2.0,1.25,0.42,0.0,680501.08,1.0,92.2,CRITICAL,BLOCK
1120837.2778231627,1681352.4674424962,566715.0119215876,428625.2003865245,80.30452324150127,0.7422580799524565,0,4.0,2.967,0.989,0.233,434825.02,1.0,69.3,HIGH,MODIFY
1118095.2933151436,645021.0490975045,516016.8392780036,562890.4867222575,78.79371387480944,0.6577315979099727,0,3.0,1.25,0.0,0.0,1551981.57,1.0,77.3,HIGH,BLOCK
608082.069693622,553066.634816531,442453.3078532248,77562.79156701016,67.22607364454147,0.6451911126552333,1,3.0,1.25,0.0,0.0,575031.53,1.0,86.0,CRITICAL,BLOCK
330520.16855062975,824773.7449334143,413617.2545508915,295441.62039034767,42.81175911482038,0.8595366651681575,0,3.0,1.994,1.195,0.481,214805.3,0.819,60.0,HIGH,MODIFY
290211.4222968864,1292449.626882409,876460.5578598198,641694.158680076,75.79765748866217,0.8850957803433375,1,3.0,1.475,1.144,0.411,515916.51,0.889,56.8,MEDIUM,MODIFY
843961.7355243603,418521.62632355915,334817.30105884734,614984.8557486853,57.65297657869749,0.6855421979219368,0,1.0,1.25,0.0,0.0,1375242.27,1.0,84.9,CRITICAL,BLOCK
699954.771456435,1771744.723333637,1330165.7173394125,370089.4048370982,62.973189753852026,0.7213998902202708,0,3.0,1.332,0.806,0.528,628465.17,0.772,61.2,HIGH,MODIFY
199072.36118666042,240662.23433061191,192529.78746448955,535787.6640067967,68.60825922012711,0.8693839480090472,3,1.0,1.25,0.216,0.0,686727.58,1.0,96.5,CRITICAL,BLOCK
978072.2797800374,1031390.3598175234,663485.5666070601,651496.793219236,42.94953560768685,0.7765830839264986,3,4.0,1.555,0.08,0.0,1261664.28,1.0,98.0,CRITICAL,BLOCK
10550.65768589744,776848.7195555333,621478.9756444267,22527.196378891113,81.5355908101786,0.737918014742105,1,1.0,1.25,1.233,1.197,0.0,0.093,8.5,LOW,ALLOW
343783.3431454557,1687815.3431415344,1454476.4511915091,643796.7682369894,46.05015739344484,0.8832920843085987,0,1.0,1.16,0.924,0.481,754241.22,0.819,68.0,HIGH,MODIFY
709167.9295957809,1214461.2734972048,337863.63654640137,658340.3904301497,45.1944061492884,0.8729976016442269,0,1.0,3.595,1.496,0.0,490910.68,1.0,76.4,HIGH,MODIFY
121464.6022139634,280572.32584986935,224457.8606798955,352964.19415900006,93.26972149157561,0.923297709747245,0,1.0,1.25,0.709,0.0,418314.33,1.0,75.9,HIGH,MODIFY
43218.179497277655,1107232.7266486022,885786.1813188818,490557.7240000566,94.00016406310795,0.7345234919878451,1,3.0,1.25,1.201,0.647,312329.36,0.653,29.9,LOW,MODIFY
989777.9582648214,887916.2074431981,414033.33160649834,196505.19357228483,93.02674576790442,0.847474073601217,0,3.0,2.145,0.0,0.0,712400.28,1.0,75.5,HIGH,BLOCK
678129.8871174307,275677.3499616812,220541.87996934494,633586.4010636078,72.9900603527932,0.7148894624768667,0,1.0,1.25,0.0,0.0,1256580.82,1.0,81.5,CRITICAL,BLOCK
797162.3715807731,1391285.7904115587,1216320.1391236114,591464.5270284774,87.4680730649655,0.6159979133198045,0,2.0,1.144,0.488,0.002,1213661.25,1.0,79.9,HIGH,MODIFY
822591.4726853131,1878779.6036434618,1453007.5621246407,591429.8587090067,76.89022631098655,0.6758363833242443,0,2.0,1.293,0.727,0.32,988249.29,0.98,70.1,HIGH,MODIFY
30077.95820115098,365639.9223321149,292511.9378656919,347066.69250220916,51.1126431865219,0.6643352326379516,0,4.0,1.25,1.147,0.0,304016.67,1.0,70.1,HIGH,MODIFY
797086.2194049585,1137848.8004526817,910279.0403621454,659238.5114864896,72.09760570036559,0.9697897048467754,0,2.0,1.25,0.374,0.0,1228754.97,1.0,85.2,CRITICAL,MODIFY
819109.9943279679,1797181.5386296078,1496254.0293425764,727867.4841300813,85.45094184479927,0.6547694848561421,1,3.0,1.201,0.654,0.167,1246049.97,1.0,76.3,HIGH,MODIFY
378434.67207114346,631587.812365644,505270.24989251525,527484.8166932826,93.30754261539123,0.8362323907437847,0,3.0,1.25,0.501,0.0,779601.93,1.0,73.4,HIGH,MODIFY
306325.9442469614,1449135.8811607212,856550.0037926015,783795.8965633163,81.3830312202626,0.6633910091176949,1,2.0,1.692,1.334,0.419,497535.96,0.881,49.8,MEDIUM,MODIFY
278319.04339551105,1942116.3016662889,344252.8294603055,379907.4568371504,60.35523669987448,0.6293682214016112,0,1.0,5.642,4.833,3.729,0.0,0.09,16.9,LOW,ALLOW
742699.3059174733,449191.58770253166,359353.27016202535,491893.710732407,53.89779847862381,0.9707997228896158,1,1.0,1.25,0.0,0.0,1144754.7,1.0,91.4,CRITICAL,BLOCK
466958.64718056796,1855419.2985255918,398820.50156794407,789104.5887467896,88.38217034017751,0.9697340364515543,0,1.0,4.652,3.481,1.503,0.0,0.458,23.7,LOW,ALLOW
848137.9183665736,904178.4043464245,723342.7234771396,188376.08076838127,72.88304278529735,0.8136583474620052,1,2.0,1.25,0.077,0.0,855678.32,1.0,87.7,CRITICAL,MODIFY
594631.9170863491,754713.7691901852,603771.0153521482,112963.44997831334,66.34841442846125,0.6222077127017882,0,4.0,1.25,0.265,0.078,556652.61,1.0,81.6,CRITICAL,MODIFY
419831.3297709333,1307617.510126025,223779.28332112415,200912.76614793242,92.91622100025408,0.8328298847071853,3,2.0,5.843,3.967,3.069,0.0,0.086,23.4,LOW,BLOCK
771485.8262186808,390488.8846098601,220520.26957195386,104992.49403595475,84.95439863194954,0.6213681833076039,0,4.0,1.771,0.0,0.0,706509.71,1.0,77.1,HIGH,BLOCK
435066.4257459378,1698697.516370494,591088.2330782518,775246.1082602962,49.18993324374992,0.6836960776946699,0,1.0,2.874,2.138,0.826,102703.25,0.474,31.1,LOW,MODIFY
896159.3809109195,1586224.1168955436,1408050.0024152114,166278.53335110564,41.36266802257724,0.6704663188886695,0,4.0,1.127,0.49,0.372,884263.8,0.928,74.5,HIGH,MODIFY
150514.61114183423,1158566.79321369,975062.4145215938,131385.93130768408,56.85462233912721,0.6625478190070021,1,2.0,1.188,1.034,0.899,98396.16,0.401,37.1,MEDIUM,MODIFY
770393.6811599893,1490662.9161962585,908318.3086593691,757570.5132933039,96.75539812798777,0.9653268589576961,0,1.0,1.641,0.793,0.0,945619.59,1.0,76.1,HIGH,MODIFY
721933.3106959192,1883015.2221446647,590327.6241624537,466772.1622954576,83.30391998173599,0.7185387491522407,0,3.0,3.19,1.967,1.176,0.0,0.35,26.2,LOW,ALLOW
854864.6070443515,1013333.8136190076,900115.5743345373,658338.9471493613,60.582170022411816,0.7627942879104921,0,3.0,1.126,0.176,0.0,1399985.31,1.0,86.5,CRITICAL,MODIFY
704432.8181158109,1991257.252513453,739906.6918632826,718922.7441789733,59.072237982914004,0.7936981546102406,1,3.0,2.691,1.739,0.768,172005.0,0.532,38.1,MEDIUM,MODIFY
481611.04278349376,857641.4532505894,686113.1626004716,479261.27153454087,85.67183684768634,0.7612876832494035,0,3.0,1.25,0.548,0.0,789344.02,1.0,76.2,HIGH,MODIFY
173444.61977088472,1354092.5667393352,572570.6672812307,798188.8463693821,59.55126118180886,0.7962010048924649,0,2.0,2.365,2.062,0.668,190111.57,0.632,33.4,LOW,MODIFY
65199.741789792904,1298640.4500837214,983395.2116377539,583584.687384718,42.779469611676795,0.9028952371833296,0,4.0,1.321,1.254,0.661,333539.19,0.639,41.9,MEDIUM,MODIFY
847905.8246376142,1330528.6146814579,447502.2739525466,655123.1135649259,50.82886734431471,0.7447994353052112,1,1.0,2.973,1.078,0.0,620002.6,1.0,85.3,CRITICAL,MODIFY
759275.8414199161,794431.6044457612,635545.283556609,130208.67721797709,77.7244906891741,0.6615816681116888,0,1.0,1.25,0.055,0.0,730598.2,1.0,75.7,HIGH,MODIFY
701212.3556602681,603583.5624481711,166883.91741852148,537586.109169633,56.62073619411746,0.8729764177638477,0,2.0,3.617,0.0,0.0,802098.82,1.0,88.0,CRITICAL,BLOCK
1065366.1539913507,783527.4049744343,626821.9239795475,234915.4860466416,67.37809614501724,0.8301434532006766,0,1.0,1.25,0.0,0.0,1143576.16,1.0,82.5,CRITICAL,BLOCK
338200.235515434,1411265.858078532,1129012.6864628256,603033.7679712367,73.05802687480546,0.6937557818349418,3,3.0,1.25,0.95,0.416,658980.83,0.884,76.2,HIGH,BLOCK
1037799.8346559792,1758242.9424575812,597520.4603768954,234634.55182600362,75.93721584239304,0.9260342379297947,0,1.0,2.943,1.206,0.813,111711.9,0.487,34.8,LOW,MODIFY
777703.1464935285,1899178.4768307183,1395035.2279725447,480038.21201507596,60.0451075989456,0.6520534580539803,1,3.0,1.361,0.804,0.46,753598.11,0.84,71.0,HIGH,MODIFY
369294.7595368056,1186773.6470823472,820328.4267406594,460132.5062365075,54.7162525743443,0.6246754234118397,0,4.0,1.447,0.997,0.436,462982.05,0.864,62.0,HIGH,MODIFY
864408.1050499942,245820.15735027142,196656.12588021715,743455.4211519453,43.174120676189816,0.8610858225162333,0,3.0,1.25,0.0,0.0,1558699.49,1.0,89.8,CRITICAL,BLOCK
548218.1196722798,1729280.4210154968,984909.4389636109,519071.501267829,55.88226137037708,0.6109194608799331,1,4.0,1.756,1.199,0.672,322918.64,0.628,48.8,MEDIUM,MODIFY
356119.65839234914,671105.1616068413,536884.129285473,480344.7290384807,56.08056490804075,0.6347146875890094,1,2.0,1.25,0.587,0.0,702243.36,1.0,90.2,CRITICAL,MODIFY
1112200.442772974,1124611.9926612135,886213.5648481309,325652.71449409606,56.01457030062497,0.6140557479480815,0,4.0,1.269,0.014,0.0,1199454.73,1.0,84.3,CRITICAL,MODIFY
408167.51175556326,1470965.511142293,569623.5750707351,709503.8361596896,75.76679888249367,0.8237686274943803,0,4.0,2.582,1.866,0.62,216329.41,0.68,39.7,MEDIUM,MODIFY
1184469.5620280667,882332.7659313628,705866.2127450902,545410.3911037617,45.467889164262274,0.8614646258597707,0,1.0,1.25,0.0,0.0,1553413.4,1.0,87.1,CRITICAL,BLOCK
322439.5830030258,381036.719004094,304829.37520327524,689799.8306548776,52.09380087563963,0.9306546771106812,0,3.0,1.25,0.192,0.0,936032.07,1.0,87.5,CRITICAL,MODIFY
887102.9822773519,1944922.1408979318,803910.3785535683,554539.6352364286,74.39854698288082,0.9301503665838087,2,4.0,2.419,1.316,0.626,300630.86,0.674,54.5,MEDIUM,BLOCK
810656.0209315435,1677125.4604627131,674695.3894237253,712921.2036837782,75.2838346860467,0.7696351378090897,0,2.0,2.486,1.284,0.228,521147.15,1.0,64.4,HIGH,MODIFY
431400.70735636656,219384.64869169085,175507.71895335268,61566.040861735164,48.11285756975705,0.9599287493774662,1,3.0,1.25,0.0,0.0,449089.82,1.0,91.9,CRITICAL,BLOCK
407849.99536173535,1599785.9887088288,937775.6316070659,624893.0959065963,52.124195631818054,0.7017592242684316,0,2.0,1.706,1.271,0.605,370732.73,0.695,50.0,MEDIUM,MODIFY
577220.285360847,1388803.749990602,420591.47340132773,453670.9181462919,70.20300542566495,0.8812479267622746,0,1.0,3.302,1.93,0.851,62678.93,0.449,26.6,LOW,MODIFY
602634.6498440331,1052394.4363227407,841915.5490581926,2174.7595846544064,73.10855353203459,0.6345412029747187,1,1.0,1.25,0.534,0.532,394330.52,0.018,43.9,MEDIUM,MODIFY
1124115.5944779876,1298188.817400039,1038551.0539200312,166770.41174195262,45.5319644413219,0.6917001589008095,0,4.0,1.25,0.168,0.007,1031248.24,1.0,85.2,CRITICAL,MODIFY
592709.770417485,1565204.9300945308,282684.8782237207,388128.12430787104,75.49987381368372,0.6935958230928874,1,4.0,5.537,3.44,2.067,0.0,0.428,32.0,LOW,ALLOW
813328.479510071,1122809.649291478,242598.99675231858,137737.01293872006,83.44536961600326,0.9239094571614355,2,2.0,4.628,1.276,0.708,70854.84,0.592,51.6,MEDIUM,BLOCK
862406.9095006209,1134306.6240007617,907445.2992006093,689220.1740625926,46.62071060851018,0.7914153114021854,1,1.0,1.25,0.3,0.0,1324765.76,1.0,93.0,CRITICAL,MODIFY
913072.569451645,835863.6398349678,300402.4914221255,640971.8888456294,97.37097817907211,0.8607602238613684,0,1.0,2.782,0.0,0.0,1018583.31,1.0,76.6,HIGH,BLOCK
126021.71967394793,495312.5151962049,396250.01215696393,34969.92413104856,47.339765800620114,0.9122799475093173,0,2.0,1.25,0.932,0.844,61929.14,0.128,42.5,MEDIUM,MODIFY
316359.13373194746,1085950.0752146274,522289.99646735983,179332.06550456333,92.49307248399691,0.6231187435794971,0,4.0,2.079,1.473,1.13,0.0,0.086,15.6,LOW,ALLOW
302655.50372648117,363585.882607306,290868.70608584484,277939.18562266714,46.7979002649031,0.7593172566244383,0,2.0,1.25,0.209,0.0,507877.51,1.0,87.6,CRITICAL,MODIFY
743360.4327437483,1920761.187891535,1079989.166980878,442428.4301282014,98.95806598646496,0.7575774316379217,0,4.0,1.779,1.09,0.681,345016.84,0.619,37.4,MEDIUM,MODIFY
553902.9611596859,1682204.0322340576,511567.9343291212,620032.7554727962,62.27201211102124,0.710946524295385,0,3.0,3.288,2.206,0.994,3299.62,0.306,21.0,LOW,MODIFY
148362.97147023343,474258.25663383916,379406.60530707135,556890.7037093574,92.42950192616266,0.7297511895529377,0,1.0,1.25,0.859,0.0,610402.02,1.0,75.0,HIGH,MODIFY
1103692.0092220656,1863228.3634717397,658917.9752870462,783054.2801855685,92.0326215655223,0.8261871859969729,0,2.0,2.828,1.153,0.0,682435.9,1.0,71.9,HIGH,MODIFY
315326.41152744123,1892897.122009246,1406036.956989708,217260.65676570806,93.77539550190409,0.8277403750898108,1,4.0,1.346,1.122,0.967,45726.9,0.333,20.6,LOW,MODIFY
918623.195257233,1716755.5113442924,1039262.8883125556,231075.5639642226,54.79167205412793,0.9254050891815688,3,1.0,1.652,0.768,0.546,472206.14,0.754,77.0,HIGH,BLOCK
12255.576179702899,615678.6085979142,497126.53787568654,210303.8538295561,62.67220825112004,0.6393475803022695,0,3.0,1.238,1.214,0.791,104007.36,0.509,21.7,LOW,ALLOW
91182.68124664837,853588.6427237332,567774.6150470932,233926.5986635847,58.77387873413423,0.7236587996967576,1,4.0,1.503,1.343,0.931,39295.25,0.369,25.5,LOW,ALLOW
282911.6046065893,230914.02644367554,184731.22115494043,19909.99132396123,54.05558654584654,0.6320635825805897,2,3.0,1.25,0.0,0.0,256638.79,0.247,79.2,HIGH,BLOCK
735143.3728990734,602857.5986500748,482286.07892005984,758743.7599852674,60.07374128980427,0.8055043295422768,0,4.0,1.25,0.0,0.0,1373315.61,1.0,84.5,CRITICAL,BLOCK
535145.2566534054,438512.32191269833,350809.8575301587,97585.52908084993,61.36090904347742,0.9259817446703329,0,1.0,1.25,0.0,0.0,545028.32,1.0,83.0,CRITICAL,BLOCK
862728.1046825593,1572596.081934893,1224288.4498240426,681447.9442063291,79.96659000533269,0.70727122504514,0,3.0,1.284,0.58,0.023,1195868.42,1.0,79.1,HIGH,MODIFY
1097368.282407696,1954382.1942576203,1304893.7001427251,34853.57430307499,57.5538098881098,0.6268472489989373,0,2.0,1.498,0.657,0.63,482733.36,0.123,47.6,MEDIUM,MODIFY
728916.0169875975,622533.5439471101,498026.83515768807,531233.2965553649,72.77643460971868,0.7909275370524986,0,2.0,1.25,0.0,0.0,1135642.6,1.0,83.6,CRITICAL,BLOCK
822039.2459283101,1352286.815852459,643703.4512393931,436858.1765445755,86.33550410232765,0.6698979291919146,0,2.0,2.101,0.824,0.145,550314.06,1.0,73.3,HIGH,MODIFY
129112.05914199493,1587675.645787805,648903.9211472622,48750.21908744017,70.8758131522928,0.8984360344550462,0,1.0,2.447,2.248,2.173,0.0,0.079,9.0,LOW,ALLOW
1067679.6254949889,1210451.1962547074,820836.8443263255,448228.7778565182,56.83320435106219,0.9042108523144209,0,3.0,1.475,0.174,0.0,1126294.05,1.0,82.7,CRITICAL,MODIFY
1178592.4696162322,1258816.690306169,1035474.3451312184,271521.60518213623,87.83463829914675,0.6762319369104421,0,4.0,1.216,0.077,0.0,1226771.73,1.0,81.2,CRITICAL,MODIFY
331762.5091975806,1000660.9039732277,800528.7231785823,662920.0215673036,91.42969779924519,0.863242243289518,0,3.0,1.25,0.836,0.007,794550.35,1.0,76.7,HIGH,MODIFY
781051.4331655448,546887.6674681173,330599.5162284131,3039.6321872439457,70.4304827873758,0.910575985605475,0,2.0,1.654,0.0,0.0,567802.91,0.292,68.1,HIGH,BLOCK
588268.2398066621,1231106.0646633138,188344.08816522761,716478.3009014402,44.93008508333657,0.9529152600849893,0,4.0,6.536,3.413,0.0,261984.56,1.0,72.8,HIGH,MODIFY
1004906.0017630853,400675.9392024799,320540.75136198394,527235.6997678286,67.77478423080547,0.6635054153844188,0,3.0,1.25,0.0,0.0,1452006.51,1.0,82.1,CRITICAL,BLOCK
981179.8097055804,1666366.8076602158,630144.3594956126,432346.8936115724,45.03034553908872,0.964254792421662,0,4.0,2.644,1.087,0.401,377304.26,0.899,66.6,HIGH,MODIFY
1097820.6346709367,967211.0656666899,633674.3615831052,744978.2020245998,91.874434847809,0.6188434326688198,0,3.0,1.526,0.0,0.0,1509262.13,1.0,76.8,HIGH,BLOCK
274503.66456651693,410841.7540614796,328673.40324918367,311170.1615906698,60.03079152683176,0.7838265995940413,0,1.0,1.25,0.415,0.0,503505.48,1.0,82.3,CRITICAL,MODIFY
571056.9660702351,939803.4941458843,751842.7953167075,249804.170365066,74.54960007179477,0.9631972771471358,0,2.0,1.25,0.49,0.158,632900.44,1.0,77.0,HIGH,MODIFY
955058.0712287342,1011851.6277429363,809481.302194349,596069.340069104,72.2602947197818,0.9127523114890844,0,1.0,1.25,0.07,0.0,1348757.09,1.0,83.6,CRITICAL,MODIFY
217103.0801144915,285424.4803383178,228339.58427065425,643945.8255635969,71.62131323946463,0.6748801587428793,0,4.0,1.25,0.299,0.0,803964.01,1.0,84.5,CRITICAL,MODIFY
799881.9396670219,403781.5687661475,338117.5633837837,747385.4603247981,83.89224913238746,0.6801759252135592,1,1.0,1.194,0.0,0.0,1481603.39,1.0,81.5,CRITICAL,BLOCK
54098.37116655482,618455.1894157403,183249.82330168673,625863.161411047,79.7304181262437,0.8172275772828872,2,3.0,3.375,3.08,0.0,244756.17,1.0,67.9,HIGH,BLOCK
410632.8444550022,1727947.4407569126,1232049.9284638132,653479.8130717326,81.52802733087367,0.7086424365846941,0,1.0,1.402,1.069,0.539,568215.15,0.761,47.3,MEDIUM,MODIFY
1143079.9750419392,867049.6287719973,693639.7030175979,42846.13851489159,62.70776490838297,0.6878695722553867,3,3.0,1.25,0.0,0.0,1012516.19,0.248,86.9,CRITICAL,BLOCK
514725.48550185224,1978705.3790652135,495110.6853033206,693538.5190485416,83.97600530725558,0.6490162870680676,0,4.0,3.996,2.957,1.556,0.0,0.317,20.4,LOW,ALLOW
433237.3049415366,1258472.3921221623,524617.660316884,601283.4807356267,95.44168685228678,0.894890117315194,0,2.0,2.399,1.573,0.427,300666.05,0.873,46.5,MEDIUM,MODIFY
1185211.1150720036,1607115.2863516808,501977.9537589917,292976.7089424999,75.65301487254948,0.807636420358073,0,2.0,3.202,0.84,0.257,373050.49,1.0,68.4,HIGH,MODIFY
483809.9075675158,1896820.1259352486,1034248.4116657015,555683.2709718299,51.15361275608082,0.93168463843156,1,4.0,1.834,1.366,0.829,176921.46,0.471,40.7,MEDIUM,MODIFY
424092.9584375778,395348.8422241634,212622.9667355334,676696.7793895174,53.83855232887788,0.9448108851224152,0,2.0,1.859,0.0,0.0,918063.86,1.0,89.6,CRITICAL,BLOCK
228435.70935376454,1427331.588956027,527944.9306122593,3864.6763169063015,60.49019627535297,0.8638708268785362,0,4.0,2.704,2.271,2.264,0.0,0.092,17.7,LOW,ALLOW
642156.2804093222,948606.6394145379,758885.3115316303,409380.2347240532,59.96574918263275,0.8801265676457947,0,3.0,1.25,0.404,0.0,861815.19,1.0,87.7,CRITICAL,MODIFY
543516.3916940822,777235.8050438708,621788.6440350966,612422.434168633,66.48811092148087,0.8204102457393643,1,4.0,1.25,0.376,0.0,1000491.66,1.0,87.1,CRITICAL,MODIFY
701279.6840153058,726407.1617987449,368731.8817024188,786808.2646001952,83.14184711389765,0.9307762576510262,0,2.0,1.97,0.068,0.0,1130412.67,1.0,80.7,CRITICAL,MODIFY
598747.8892101506,1127236.5216945915,940009.152683571,537514.5645618427,59.340368283108745,0.9146517261131485,2,4.0,1.199,0.562,0.0,949035.08,1.0,95.4,CRITICAL,BLOCK
1112425.1229745268,975995.6287840246,780796.5030272198,610369.4755878241,53.721572878561076,0.8961549840086511,0,1.0,1.25,0.0,0.0,1527595.47,1.0,86.8,CRITICAL,BLOCK
1110503.9143156502,990343.7922923954,792275.0338339163,476287.9268022732,62.014818254039895,0.6419329009203991,2,2.0,1.25,0.0,0.0,1388723.08,1.0,98.0,CRITICAL,BLOCK
94523.02618615511,1646228.503511297,707183.0317464012,571112.0882183933,73.19839272944375,0.8314308623237762,0,2.0,2.328,2.194,1.387,0.0,0.032,10.3,LOW,ALLOW
963912.4317615067,894172.5801151984,579526.8703218373,447593.93839394156,68.66505601779369,0.7764345613992164,0,2.0,1.543,0.0,0.0,1096860.66,1.0,82.3,CRITICAL,BLOCK
380998.95656353125,1336174.4585353013,237886.92310072138,325880.15361781954,86.6330499719313,0.6422564906812719,2,2.0,5.617,4.015,2.645,0.0,0.107,27.2,LOW,BLOCK
518568.82890127384,327765.89530700824,227412.74859973782,262486.0020314821,96.22470766930525,0.751165970650563,1,2.0,1.441,0.0,0.0,680701.68,1.0,76.5,HIGH,BLOCK
713787.6505906909,1591699.9377427225,857818.9418078939,31842.04143789824,96.65663791740099,0.777863940598585,1,1.0,1.856,1.023,0.986,11748.7,0.113,26.0,LOW,MODIFY
324729.6813160832,1314395.8391832476,286810.9409822996,666802.987211172,74.87251615052945,0.8152367355037606,0,2.0,4.583,3.451,1.126,0.0,0.343,23.4,LOW,ALLOW
211577.67790185421,457739.82707691484,366191.8616615319,247622.37318623034,94.6621223672573,0.6328908939422849,0,4.0,1.25,0.672,0.0,367652.09,1.0,81.7,CRITICAL,MODIFY
71328.74587123957,1666808.6260299224,785375.6956329662,475523.1302323336,67.25502037441531,0.6245657449984346,0,3.0,2.122,2.031,1.426,0.0,0.094,14.0,LOW,ALLOW
20335.818601650906,1538604.445455882,246318.56370449928,75001.01329823083,71.07219766612394,0.7321056088560289,0,4.0,6.246,6.164,5.859,0.0,0.006,3.4,LOW,ALLOW
902850.9605464087,380424.1538875402,304339.3231100322,105926.78621352665,46.88641712059952,0.8738717957910047,0,2.0,1.25,0.0,0.0,932692.92,1.0,89.2,CRITICAL,BLOCK
1098208.9723862563,1939675.6283791517,253484.2884380287,436844.2649165668,44.021614248323225,0.7477332529489246,0,3.0,7.652,3.32,1.596,0.0,0.418,42.0,MEDIUM,ALLOW
87084.64128675059,1132691.3924648915,793753.7788463262,671039.2295165824,46.483119715863,0.8394114345976491,0,4.0,1.427,1.317,0.472,419186.26,0.828,47.4,MEDIUM,MODIFY
143367.7401038225,469674.91014772886,354941.84113876685,304907.32942397083,85.60756679603455,0.9557205001136428,2,3.0,1.323,0.919,0.06,333542.0,1.0,86.5,CRITICAL,BLOCK
84866.73577807075,978745.5708006066,346902.7049581666,699473.6104290604,41.16587849103079,0.9052787431390146,1,3.0,2.821,2.577,0.56,152497.48,0.74,48.0,MEDIUM,MODIFY
337743.5606645421,264860.49406014686,211888.3952481175,591057.027320155,93.16194424215087,0.6326151021521579,0,2.0,1.25,0.0,0.0,875828.49,1.0,75.0,HIGH,BLOCK
420895.78550345596,796402.6350644897,637122.1080515918,669700.0024968459,59.39240799931026,0.9833219923321346,0,2.0,1.25,0.589,0.0,931315.26,1.0,83.6,CRITICAL,MODIFY
147288.63652618692,1936735.7199984665,392240.49081389705,370356.6946348963,58.90033882827665,0.7962426613466926,0,1.0,4.938,4.562,3.618,0.0,0.127,11.1,LOW,ALLOW
768714.934475776,1442369.553234016,981075.3333022927,11477.132052813844,46.246136105885185,0.8043642334787184,0,4.0,1.47,0.687,0.675,318897.85,0.042,45.7,MEDIUM,MODIFY
22944.22644233382,1118504.7845692108,810414.8201552276,729615.7073694598,76.2815335888049,0.6171198483501233,1,3.0,1.38,1.352,0.452,444469.97,0.848,44.1,MEDIUM,MODIFY
506728.00344061106,1456343.7196723958,1165074.9757379168,693570.7178659004,84.70096414064513,0.7704275128104354,0,1.0,1.25,0.815,0.22,909029.98,1.0,75.9,HIGH,MODIFY
735832.7900013282,1901850.2561102742,571046.9301034689,56056.147259028854,97.86393829143613,0.6162097060698062,1,4.0,3.33,2.042,1.944,0.0,0.018,16.3,LOW,ALLOW
1185039.028363225,1271638.1131839873,1017310.49054719,776080.181126153,77.63905304391417,0.930994518274282,1,4.0,1.25,0.085,0.0,1706791.59,1.0,84.6,CRITICAL,MODIFY
980115.0865200273,1903857.0509289834,480908.47155913315,506623.9383828834,46.56437337644227,0.6770330487886066,0,2.0,3.959,1.921,0.867,63790.45,0.433,36.0,MEDIUM,MODIFY
265825.3664058887,1836058.072209628,776752.9047218465,749826.8710553051,85.83418920068364,0.9142712409249802,1,4.0,2.364,2.022,1.056,0.0,0.144,17.9,LOW,ALLOW
1034880.0884417567,1336834.4464984257,322921.4569515449,614783.5826518638,85.45619712874942,0.7129604055919048,0,3.0,4.14,0.935,0.0,635750.68,1.0,73.3,HIGH,MODIFY
45781.31077360606,305485.27494362387,244388.2199548991,22331.25063969794,77.94882613351484,0.9314180483452834,0,4.0,1.25,1.063,0.971,7015.51,0.049,15.8,LOW,ALLOW
301188.4975422334,1621032.5786587077,599415.9864364524,279287.1438717678,64.61685171251753,0.9155323194946755,3,4.0,2.704,2.202,1.736,0.0,0.122,35.7,MEDIUM,BLOCK
187023.1981635197,745878.8818763593,596703.1055010875,4237.788755859829,86.44621831691776,0.6862216606594433,0,1.0,1.25,0.937,0.929,42085.21,0.017,23.7,LOW,MODIFY
737673.1051713703,1349893.1178010628,248853.83710008947,720157.124790105,79.64744271307455,0.7879102482543742,0,3.0,5.424,2.46,0.0,356790.95,1.0,68.8,HIGH,MODIFY
430851.54816199484,1707911.1820218957,436016.232470649,487643.3150370514,49.46702259317051,0.6285910234162981,0,4.0,3.917,2.929,1.811,0.0,0.131,26.4,LOW,ALLOW
250371.33633382205,1238340.0231332164,236677.16389971494,480113.9321833174,91.94870353205278,0.7420731752279789,0,4.0,5.232,4.174,2.146,0.0,0.123,13.5,LOW,ALLOW
451065.4777033736,446792.4268348551,357433.9414678841,30778.02452764944,95.37415679255386,0.8170983773729885,0,1.0,1.25,0.0,0.0,392485.02,0.393,65.8,HIGH,BLOCK
590864.9884767216,227234.90941439534,181787.9275315163,110661.01640471784,40.83418351384073,0.7462774223163743,0,3.0,1.25,0.0,0.0,656079.02,1.0,86.4,CRITICAL,BLOCK
1002713.5329928576,1331316.1487851585,897372.0074556996,420915.0741883142,62.57624460717207,0.6770917435314754,0,4.0,1.484,0.366,0.0,989684.47,1.0,86.2,CRITICAL,MODIFY
114384.43458215205,607388.0899768845,485910.47198150767,197187.21556163335,84.04961994009389,0.7789294131285331,0,4.0,1.25,1.015,0.609,190094.03,0.691,41.5,MEDIUM,MODIFY
46577.654965218026,725309.8192904197,580247.8554323358,301117.07252420665,98.69498514568231,0.7003380251296552,0,1.0,1.25,1.17,0.651,202632.76,0.649,26.0,LOW,MODIFY
876097.3657104977,1520664.8302316712,1275533.8860449381,697664.420282725,43.73128936714502,0.793916606584049,1,2.0,1.192,0.505,0.0,1328630.84,1.0,96.5,CRITICAL,MODIFY
1047766.4031149681,1699593.5601246222,1376177.4098080485,284611.20445908356,56.7787814121081,0.78508395940982,0,3.0,1.235,0.474,0.267,1008961.46,1.0,76.4,HIGH,MODIFY
586343.6706613116,1633632.678649868,1430669.9655632607,658876.6226883825,78.44974567000509,0.7301546809715653,0,2.0,1.142,0.732,0.271,1042257.58,1.0,69.1,HIGH,MODIFY
342683.8929216578,247484.85915773967,197987.88732619176,97695.39249735608,40.55601303020975,0.717080620066147,0,4.0,1.25,0.0,0.0,390882.31,1.0,91.9,CRITICAL,BLOCK
258403.8629635154,779101.6238955949,527683.4108075688,591127.3946536632,78.28562896586544,0.8813067330799533,0,4.0,1.476,0.987,0.0,598113.04,1.0,75.5,HIGH,MODIFY
1021009.025678787,1539321.8098283526,952649.6916158524,171962.6262004046,73.42457716886568,0.9124702855503813,2,1.0,1.616,0.544,0.364,606299.53,0.936,81.6,CRITICAL,BLOCK
717867.0476992652,1528819.7266477689,1223055.7813182152,688523.6004517484,50.81481223639088,0.8494434465766003,0,2.0,1.25,0.663,0.1,1100626.7,1.0,82.9,CRITICAL,MODIFY
219095.9979027214,1402747.5665764508,444564.7682431315,287037.60002921894,58.37584934656979,0.8070256240707866,1,1.0,3.155,2.662,2.017,0.0,0.018,18.3,LOW,ALLOW
255424.333394758,419459.1394287314,335567.31154298515,445747.30513164285,64.26411155895951,0.9477292303342664,1,2.0,1.25,0.489,0.0,617279.81,1.0,88.6,CRITICAL,MODIFY
661690.19837648,596500.9614508622,477200.7691606898,55933.28748708784,94.97676931349855,0.6900822944657992,2,2.0,1.25,0.0,0.0,598323.29,1.0,84.5,CRITICAL,BLOCK
1096456.8105870718,1124298.891615428,939046.9280121002,731185.9807361059,86.22407742167006,0.7086561430247249,2,2.0,1.197,0.03,0.0,1642390.83,1.0,87.8,CRITICAL,BLOCK
515190.9900859053,1835505.2372145446,437448.20561059786,224496.98566858255,79.72562643100285,0.678819087249761,0,1.0,4.196,3.018,2.505,0.0,0.115,12.3,LOW,ALLOW
847370.3128547779,1389687.0431330747,1042637.873255983,446684.17151724896,49.03703099736484,0.8709107968518537,0,1.0,1.333,0.52,0.092,947005.31,1.0,83.5,CRITICAL,MODIFY
834670.1071560992,991530.2039856603,334641.46527378587,351667.57620168553,95.6931600732297,0.9684900443848191,0,4.0,2.963,0.469,0.0,529448.94,1.0,75.0,HIGH,MODIFY
1196211.3855932176,1431321.5842829442,1016227.7510269203,437218.1791885442,96.98270119324701,0.8879104004379782,0,3.0,1.408,0.231,0.0,1218335.73,1.0,74.5,HIGH,MODIFY
128225.71524507388,1678897.772948028,469373.7676543899,724194.6523415721,45.141902892817996,0.7487930881615404,0,3.0,3.577,3.304,1.761,0.0,0.047,16.2,LOW,ALLOW
59132.57671806627,1717456.305215713,284168.8107636686,573256.0854744246,78.72334356093862,0.6038150843169454,0,4.0,6.044,5.836,3.818,0.0,0.037,4.8,LOW,ALLOW
214346.38233550408,420330.0266694678,336264.0213355743,475755.46299919457,45.24905336070734,0.9194693875916362,0,2.0,1.25,0.613,0.0,606035.84,1.0,89.4,CRITICAL,MODIFY
961410.6130446681,992387.2226656828,793909.7781325462,412448.3463451644,65.82920687372625,0.852714205766932,0,3.0,1.25,0.039,0.0,1175381.51,1.0,78.5,HIGH,MODIFY
357778.8279298774,253379.05740110186,202703.2459208815,269540.3743676782,79.85231768366012,0.9499957163415079,0,4.0,1.25,0.0,0.0,576643.39,1.0,79.9,HIGH,BLOCK
509929.21641451784,1366854.98505499,546227.3911628318,672658.9426295366,88.67755494784461,0.7350684533897679,0,2.0,2.502,1.569,0.337,361960.57,0.963,50.9,MEDIUM,MODIFY
273812.3389530407,1563982.8139173852,1345628.9138294612,628210.0972628532,92.44389809885097,0.8752582748911171,0,3.0,1.162,0.959,0.492,683668.54,0.808,55.6,MEDIUM,MODIFY
490598.455898205,1437502.1257263736,1248403.189053061,44619.6344686407,98.97798212947721,0.6728672615635634,2,3.0,1.151,0.758,0.723,346119.15,0.003,41.2,MEDIUM,BLOCK
694939.0629863474,968162.3733065998,774529.8986452799,539025.5174465397,41.13756471440759,0.9652334660351306,1,4.0,1.25,0.353,0.0,1040332.11,1.0,94.8,CRITICAL,MODIFY
258929.89912461213,823054.6753639376,658443.7402911502,308393.26836612175,97.69853487628541,0.7936164565812488,1,3.0,1.25,0.857,0.388,402712.23,0.912,63.3,HIGH,MODIFY
260316.67052835078,1136695.1846358213,844976.3233893613,466454.02185663336,85.54584707974486,0.6195327986983815,0,1.0,1.345,1.037,0.485,435051.83,0.815,51.3,MEDIUM,MODIFY
135753.17003651225,213913.97135716112,171131.1770857289,505743.37373215536,71.33860285845287,0.8150460927000902,0,2.0,1.25,0.457,0.0,598713.75,1.0,82.0,CRITICAL,MODIFY
272259.2101637117,1110716.0096343209,927196.587168881,672806.95352555,46.241299877031274,0.8380371254561206,0,2.0,1.198,0.904,0.179,761546.74,1.0,80.1,CRITICAL,MODIFY
98068.88031791351,375188.1042554437,300150.48340435495,589617.2008635974,66.93939508377017,0.8903423179917489,0,1.0,1.25,0.923,0.0,612648.46,1.0,86.1,CRITICAL,MODIFY
901786.0333539362,991165.0063888279,792932.0051110624,100912.5018805081,47.73887787063839,0.8328696026298694,0,2.0,1.25,0.113,0.0,804465.53,1.0,89.7,CRITICAL,MODIFY
957235.0216252371,502499.4858999428,294928.05022315326,667050.7395488222,91.46589091235826,0.7314283654057625,1,4.0,1.704,0.0,0.0,1416714.33,1.0,83.8,CRITICAL,BLOCK
294754.4190147942,721358.5423293929,482069.0811144055,110098.61655946329,97.31316214645648,0.8900945771535853,0,4.0,1.496,0.885,0.657,165563.57,0.643,50.0,MEDIUM,MODIFY
1143417.7294768847,820335.2705898593,656268.2164718875,338458.679075474,61.82376348744299,0.6362028287793177,0,2.0,1.25,0.0,0.0,1317809.35,1.0,82.0,CRITICAL,BLOCK
141198.09289435766,962945.6589138145,770356.5271310516,171598.43800150522,46.472993529512834,0.666107683649902,0,3.0,1.25,1.067,0.844,120207.4,0.456,34.9,LOW,MODIFY
1043452.9984615518,944134.5029315293,755307.6023452235,789521.0322443177,51.518109425546044,0.647378701205303,1,1.0,1.25,0.0,0.0,1644147.13,1.0,90.6,CRITICAL,BLOCK
1190154.552425289,222275.44698486596,177820.3575878928,332654.42160103447,77.44748242729176,0.7969546776412537,0,3.0,1.25,0.0,0.0,1478353.88,1.0,81.3,CRITICAL,BLOCK
311007.842281658,1459723.9700521987,561165.0370580055,113927.96704113693,70.40163867170617,0.946652102421631,3,2.0,2.601,2.047,1.844,0.0,0.092,31.1,LOW,BLOCK
1087540.528088191,1564659.5748422462,1357288.264821418,408082.8520256329,95.42649584179289,0.9737773713746555,0,1.0,1.153,0.352,0.051,1288252.07,1.0,76.5,HIGH,MODIFY
88882.5644367721,592290.0839533621,237917.94337031365,248273.9494094086,79.25492119323799,0.7456324228720053,0,4.0,2.489,2.116,1.072,0.0,0.048,15.0,LOW,ALLOW
659160.647642326,971894.3539375038,777515.483150003,631362.3205810145,57.29617068379997,0.9449884276975972,0,3.0,1.25,0.402,0.0,1096144.1,1.0,83.5,CRITICAL,MODIFY
1004647.1433963059,629038.0757613084,503230.46060904674,737713.5032510208,85.83143672918709,0.6970728183002205,1,1.0,1.25,0.0,0.0,1616553.03,1.0,81.0,CRITICAL,BLOCK
736943.8135556676,1025705.584053822,820564.4672430577,579958.3374111089,97.48702863324877,0.9682783188950925,0,4.0,1.25,0.352,0.0,1111761.03,1.0,73.7,HIGH,MODIFY
1053271.5307249539,1908640.5775213474,1193991.028573698,654394.8799302176,77.27461903472414,0.9381338793200342,2,2.0,1.599,0.716,0.168,993016.86,1.0,83.2,CRITICAL,BLOCK
314548.1280279022,1738926.389993583,807440.5343316324,677516.7351660664,41.97482517270585,0.8867905349242484,3,3.0,2.154,1.764,0.925,60579.01,0.375,39.5,MEDIUM,BLOCK
143246.35266161466,419606.55710715405,335685.24568572326,148808.06795508228,81.57223516883846,0.9518217447010767,0,3.0,1.25,0.823,0.38,208133.11,0.92,62.4,HIGH,MODIFY
144890.63564103632,529718.1133869137,423774.49070953095,706216.4931632783,51.687742088447855,0.8846577957210143,0,1.0,1.25,0.908,0.0,745163.51,1.0,84.1,CRITICAL,MODIFY
1082353.0803497746,986856.8652517092,682666.0836483609,561859.0435960197,45.690197443293336,0.9690094811887175,2,4.0,1.446,0.0,0.0,1340021.34,1.0,98.0,CRITICAL,BLOCK
565733.5158875885,1489061.3230372397,1017367.8423461281,439286.0204696162,98.2945742232285,0.7363659473723596,0,4.0,1.464,0.908,0.476,533326.06,0.824,57.6,MEDIUM,MODIFY
111509.58804603496,1037437.0549695707,829949.6439756566,233818.29186558045,75.32872901193522,0.7786606060548044,3,3.0,1.25,1.116,0.834,137840.47,0.466,41.2,MEDIUM,BLOCK
710798.2675215907,1301843.6588159914,1041474.9270527931,726316.4695504699,50.43824719037997,0.687867818020736,1,3.0,1.25,0.568,0.0,1176746.01,1.0,89.4,CRITICAL,MODIFY
939653.1943657679,1368732.5457702407,1094986.0366161927,729464.067245839,95.94705179960206,0.897150712477697,0,4.0,1.25,0.392,0.0,1395370.75,1.0,73.4,HIGH,MODIFY
731666.2474710434,1175597.3767347536,1041379.0917127959,420123.1974462881,48.61993163113799,0.6081413056649332,0,4.0,1.129,0.426,0.023,1017571.16,1.0,89.3,CRITICAL,MODIFY
1055094.6137089685,1354658.153734825,1083726.52298786,732690.2636278293,55.43009798625977,0.6376896553211412,1,1.0,1.25,0.276,0.0,1516853.25,1.0,90.7,CRITICAL,MODIFY
221559.94801666326,1651776.1692503048,441602.1634293131,450281.4428939385,75.41115074634689,0.7857908418068635,0,4.0,3.74,3.239,2.219,0.0,0.129,14.0,LOW,ALLOW
73947.43120832674,1559300.9717263246,947293.5277603726,618217.9887136178,52.15446444428704,0.9731959237562265,0,4.0,1.646,1.568,0.915,80157.98,0.385,20.4,LOW,ALLOW
767647.4079388544,878149.9212548896,303271.2361386301,685912.7712020902,59.781019074479175,0.8460983974124319,0,1.0,2.896,0.364,0.0,878681.49,1.0,88.9,CRITICAL,MODIFY
989496.978846044,1431119.8143878356,560629.0798927667,512609.30643309024,91.19939829838738,0.878156967817239,0,1.0,2.553,0.788,0.0,631615.55,1.0,71.7,HIGH,MODIFY
381056.87265695736,797188.1317985059,637750.5054388047,777901.9938630428,41.74268864237774,0.6683943183650837,0,4.0,1.25,0.652,0.0,999521.24,1.0,86.9,CRITICAL,MODIFY
959881.0964390355,652751.1710672354,522200.9368537883,578268.1539550426,52.84602039739363,0.6797772692634674,1,2.0,1.25,0.0,0.0,1407599.02,1.0,90.9,CRITICAL,BLOCK
619965.4969654231,1327299.5039201528,317286.7088208697,718883.5768839554,91.3961391728828,0.7534760888170835,1,4.0,4.183,2.229,0.0,328836.28,1.0,71.3,HIGH,MODIFY
883096.2855767251,1736404.1780583968,1040081.511063084,758164.7413630915,82.92701014373802,0.9751098459148082,0,2.0,1.669,0.82,0.091,944938.36,1.0,76.0,HIGH,MODIFY
106279.51609461497,681619.509872552,545295.6078980416,272522.08526957897,45.126792879940645,0.7872560524119815,0,1.0,1.25,1.055,0.555,242477.7,0.745,56.3,MEDIUM,MODIFY
277645.639114736,1221376.7227477934,468524.12304460676,219087.34254495866,43.561678529410145,0.9378766716522071,2,4.0,2.607,2.014,1.547,0.0,0.122,36.3,MEDIUM,BLOCK
119556.88436546955,1358972.5371664749,1004741.6454600672,317115.84563356015,50.13029673996555,0.635843327699432,0,1.0,1.353,1.234,0.918,82441.84,0.382,27.2,LOW,MODIFY
525853.3736828922,1442213.8955914904,1153771.1164731923,405953.38008329377,49.61162308095135,0.9003607336431824,1,4.0,1.25,0.794,0.442,643363.97,0.858,74.4,HIGH,MODIFY
1062267.536423467,1007400.8571541435,280314.7193992647,370486.1529050957,50.49819253298814,0.8243366342066639,0,2.0,3.594,0.0,0.0,705667.55,1.0,90.9,CRITICAL,BLOCK
461824.1894868179,1289091.7093896607,266625.1921287422,594302.0431892602,40.06142647777206,0.9364407198378619,3,1.0,4.835,3.103,0.874,33659.72,0.426,45.4,MEDIUM,BLOCK
374240.10433876474,1594764.5685783557,1144355.6332847099,146430.82882436973,69.84054415996992,0.9306058367579142,2,1.0,1.394,1.067,0.939,70262.0,0.361,39.3,MEDIUM,BLOCK
1185251.8963208864,1346828.323293373,203983.2459171114,773640.6283786398,64.9943892582287,0.9710735547750418,1,3.0,6.603,0.792,0.0,816047.45,1.0,85.4,CRITICAL,MODIFY
655929.9509092101,1573033.9105399435,879695.6741044327,586067.0615655611,89.09530747635401,0.8344104653890402,0,3.0,1.788,1.043,0.376,548658.78,0.924,57.4,MEDIUM,MODIFY
701756.0599599155,521149.0930160576,432852.3958049192,133492.04288773474,72.62157433241364,0.9632764971780575,0,1.0,1.204,0.0,0.0,746951.41,1.0,82.5,CRITICAL,BLOCK
888087.9073077271,860688.3814177117,688550.7051341694,392895.23083744885,61.71432007388536,0.9348589107536471,0,4.0,1.25,0.0,0.0,1108845.46,1.0,86.3,CRITICAL,BLOCK
1144447.3861759503,1243980.7136204925,501892.20464809216,230295.6235714161,41.06586649827692,0.7970552496875345,0,2.0,2.479,0.198,0.0,632654.5,1.0,89.1,CRITICAL,MODIFY
374031.62841076305,448622.6327309705,358898.1061847764,190824.46510919553,87.06731719548756,0.8850590208660498,0,3.0,1.25,0.208,0.0,475131.57,1.0,79.9,HIGH,MODIFY
537798.610527612,1941859.4012439484,1023271.2203249506,78435.80416721219,85.43561217663053,0.658769859054712,2,4.0,1.898,1.372,1.295,0.0,0.027,29.0,LOW,BLOCK
1176258.7750030144,989107.601130359,153295.21650028936,121776.68097891861,80.14114353090618,0.7959027454492562,0,1.0,6.452,0.0,0.0,462223.07,1.0,77.2,HIGH,BLOCK
520004.18346132594,1488885.7673907243,1063917.8728547348,90564.54675770568,67.12963362529364,0.8291393660256462,0,4.0,1.399,0.911,0.826,185600.84,0.474,44.3,MEDIUM,MODIFY
948812.6070885779,1384467.5762360692,1171725.1036683496,179073.5110989429,86.93145059910329,0.8986621368616515,0,2.0,1.182,0.372,0.219,915143.65,1.0,72.2,HIGH,MODIFY
260198.78772290976,1674086.3306315916,897786.1523009642,575776.951291962,63.51489311306349,0.826532681125851,0,3.0,1.865,1.575,0.934,59675.56,0.366,21.6,LOW,MODIFY
526083.0096933949,578708.4877723295,462966.7902178636,430817.50334797055,93.75198292638413,0.747768324434393,0,2.0,1.25,0.114,0.0,841158.82,1.0,79.5,HIGH,MODIFY
290395.3132860932,1700857.5966917905,1002941.748732243,434736.037104835,68.93881233586231,0.8857743609428641,0,1.0,1.696,1.406,0.973,27215.5,0.327,19.2,LOW,MODIFY
1109062.9280251132,878421.0227101224,702736.818168098,477462.854408474,41.79835618545675,0.6768184890041409,0,3.0,1.25,0.0,0.0,1410841.58,1.0,93.0,CRITICAL,BLOCK
193220.81042183217,303524.51782024384,242819.61425619508,575689.578975802,64.09121450854317,0.846159339541412,0,1.0,1.25,0.454,0.0,708205.49,1.0,86.5,CRITICAL,MODIFY
538688.781185297,992660.267818229,794128.2142545832,619039.932121615,90.34909017671144,0.9751126862527844,0,2.0,1.25,0.572,0.0,959196.66,1.0,78.7,HIGH,MODIFY
734476.4618131089,1158993.940000007,241274.04710240534,287106.26156366547,73.99737615758936,0.7032601636192052,0,2.0,4.804,1.759,0.57,103862.83,0.73,45.7,MEDIUM,MODIFY
805673.5031687827,1445871.1540299188,528850.409820075,126265.66275695819,55.12099554595997,0.75128636230354,0,2.0,2.734,1.211,0.972,14918.42,0.328,30.1,LOW,MODIFY
233488.60594289916,1200987.9413787997,787516.5229471918,280147.2074310574,71.16094121080795,0.7067600497169197,0,4.0,1.525,1.229,0.873,100164.39,0.427,27.4,LOW,MODIFY
486257.2794666852,454215.92924428865,363372.74339543097,755531.5337439158,97.33290065736048,0.6711700977617456,0,2.0,1.25,0.0,0.0,1150945.63,1.0,76.2,HIGH,BLOCK
796019.1280585461,1577861.9711500565,1240801.0679155411,418717.4518275366,42.03670595335565,0.7813791026514009,0,3.0,1.272,0.63,0.293,877675.68,1.0,81.6,CRITICAL,MODIFY
931987.318463335,1481689.3894240863,629127.2897892108,633664.1550558123,41.59396353481413,0.8425471420332782,0,4.0,2.355,0.874,0.0,713089.37,1.0,85.7,CRITICAL,MODIFY
839754.0287773749,1460011.7208301888,367412.82983551547,214196.2149433662,87.04692949886316,0.9856803421830804,0,3.0,3.974,1.688,1.105,0.0,0.219,27.7,LOW,ALLOW
590451.0628126691,602279.791388907,481823.8331111256,218573.6610035904,89.34430337651582,0.9710111178457101,0,4.0,1.25,0.025,0.0,688568.77,1.0,80.7,CRITICAL,MODIFY
589913.1787148708,905152.3624404877,724121.8899523902,577278.3095720406,73.85845485856268,0.8480428953722532,0,2.0,1.25,0.435,0.0,986161.02,1.0,77.7,HIGH,MODIFY
879249.5019972833,753455.8576826544,602764.6861461236,67658.85207773845,98.41088646725859,0.9643856183019577,0,1.0,1.25,0.0,0.0,796217.18,1.0,75.3,HIGH,BLOCK
569740.5397828042,1771607.1663090272,1486093.2720864164,714285.2049641127,65.77693530122804,0.8195709076886069,1,1.0,1.192,0.809,0.328,998511.85,0.972,72.7,HIGH,MODIFY
21625.802734859346,879210.7415821463,703368.593265717,744516.2262608887,70.42757987649955,0.9403718286562364,0,1.0,1.25,1.219,0.161,590299.88,1.0,54.2,MEDIUM,MODIFY
1031819.3682033407,298394.33018516854,238715.46414813484,723887.6558409821,80.36067811229665,0.9708614977874794,0,3.0,1.25,0.0,0.0,1696028.16,1.0,81.8,CRITICAL,BLOCK
1039290.9460585162,1253759.1189791202,1043287.0392624121,693304.0336272849,55.11211514331625,0.7388095676757673,0,2.0,1.202,0.206,0.0,1522122.9,1.0,85.1,CRITICAL,MODIFY
1182873.9026329704,746672.9919427702,597338.3935542161,247312.70241522774,85.24056095593684,0.6739189363460352,1,3.0,1.25,0.0,0.0,1280852.01,1.0,89.6,CRITICAL,BLOCK
258245.32990112068,923647.4872769103,738917.9898215283,41436.166992594095,72.54629430673305,0.7235642598512857,0,1.0,1.25,0.901,0.844,114952.0,0.072,32.2,LOW,MODIFY
852970.9756191594,1574976.9239398735,956945.314992957,10415.183541052907,65.45153091483648,0.9187248790366993,0,1.0,1.646,0.754,0.744,245354.55,0.098,41.3,MEDIUM,MODIFY
144557.50752968615,1468878.1816695484,828361.9577063035,362702.11832190986,51.254132352088575,0.6096990843703298,0,2.0,1.773,1.599,1.161,0.0,0.125,20.4,LOW,ALLOW
1199024.3094292805,438204.3077156369,350563.4461725096,415554.830926693,75.54732400704127,0.8263516459363021,0,2.0,1.25,0.0,0.0,1526938.28,1.0,81.6,CRITICAL,BLOCK
232641.3275857976,622221.4073941201,497777.12591529614,229518.28871016414,61.27648640070848,0.6291399046477585,0,3.0,1.25,0.783,0.322,337715.33,0.978,72.6,HIGH,MODIFY
689437.843815813,1884229.665559601,1154463.6737125174,119815.7170570603,64.09524742625044,0.702442773458814,1,3.0,1.632,1.035,0.931,79487.57,0.369,39.4,MEDIUM,MODIFY
1123536.2367066017,957869.4268070764,505650.0585965887,54369.58401160856,97.42328085033216,0.7062126317241717,0,2.0,1.894,0.0,0.0,725686.45,1.0,78.2,HIGH,BLOCK
556276.2385798007,970164.4587202065,776131.5669761653,497764.5741150938,51.01806546273717,0.7948360549671347,1,1.0,1.25,0.533,0.0,860007.92,1.0,93.3,CRITICAL,MODIFY
571590.8541824704,1118626.4859381733,563171.773514224,269001.9035286342,62.45321389315539,0.6877650930039959,1,1.0,1.986,0.971,0.494,285138.05,0.806,65.7,HIGH,MODIFY
377392.1587611445,212203.03961591635,169762.43169273308,500917.2462900703,91.42470699828772,0.7406774414636207,1,2.0,1.25,0.0,0.0,835868.8,1.0,84.3,CRITICAL,BLOCK
479731.72208493075,1850549.1823118615,221057.49445421476,299979.7872290309,62.192761663594496,0.9261700383690367,1,3.0,8.371,6.201,4.844,0.0,0.004,19.7,LOW,ALLOW
453408.8264295289,1120384.0221064398,637047.2942984982,366214.29579376563,59.45991604475162,0.8097523815006868,0,4.0,1.759,1.047,0.472,336286.39,0.828,62.8,HIGH,MODIFY
559386.2862947431,755088.9289194713,509845.7470891238,701073.1134828957,89.7565803529391,0.6162501434603874,0,2.0,1.481,0.384,0.0,1015216.22,1.0,81.1,CRITICAL,MODIFY
31752.105243972088,1877010.2746612416,1240836.849757974,99799.5497399959,48.14704598395953,0.7648090400810708,1,4.0,1.513,1.487,1.407,0.0,0.011,12.9,LOW,ALLOW
98380.99105622388,610180.2624986055,258890.59928029397,505876.65188841353,42.901743201281135,0.770373476391536,0,2.0,2.357,1.977,0.023,252967.98,1.0,67.4,HIGH,MODIFY
139789.71974192664,1985655.7424241586,1407936.5741125552,175366.0794995832,90.51972156422758,0.6972381156153981,0,2.0,1.41,1.311,1.186,0.0,0.015,6.1,LOW,ALLOW
377339.5477920289,1582863.0658356142,167634.78875037233,173494.18878676594,51.56912909098407,0.9440021970902547,0,3.0,9.442,7.191,6.156,0.0,0.095,20.0,LOW,ALLOW
667430.5065519838,926140.5254597734,740912.4203678188,331145.19572503725,71.35707908876442,0.8916881855336947,2,1.0,1.25,0.349,0.0,813347.6,1.0,95.5,CRITICAL,BLOCK
906858.6124935158,829412.5307898326,663530.0246318661,435580.58211707644,59.32995119451026,0.9245475455765595,1,1.0,1.25,0.0,0.0,1176556.69,1.0,87.7,CRITICAL,BLOCK
1166747.4958024558,1977457.4908532063,1157552.7406217065,363245.33546242747,46.28558342180576,0.847925136754186,3,4.0,1.708,0.7,0.387,710088.08,0.913,92.8,CRITICAL,BLOCK
871546.86782134,1640380.590354884,985951.2485611273,85301.58280793208,56.64075205411669,0.8068964652877291,0,1.0,1.664,0.78,0.693,302419.11,0.607,51.6,MEDIUM,MODIFY
145839.2208565069,1342283.4304621138,1073826.744369691,235969.99806821265,65.23346573095193,0.6361361366253789,0,3.0,1.25,1.114,0.894,113352.53,0.406,24.8,LOW,MODIFY
493940.8063386831,263960.4658388494,211168.37267107956,290753.45644370286,89.76149558535683,0.9551727748234604,0,3.0,1.25,0.0,0.0,731902.17,1.0,74.2,HIGH,BLOCK
1049791.1005035923,1400684.5131408835,467174.31842777255,547984.1613712598,52.970085765122604,0.9631527173000743,0,4.0,2.998,0.751,0.0,664265.07,1.0,83.0,CRITICAL,MODIFY
210733.99043545668,833951.5083500051,667161.2066800041,182906.5637322186,56.61279583306924,0.9018190766948193,0,1.0,1.25,0.934,0.66,226850.25,0.64,57.0,MEDIUM,MODIFY
617342.9421861545,886155.6483229508,708924.5186583607,247780.0584668116,78.12732811536881,0.8053320793268864,0,3.0,1.25,0.379,0.03,687891.87,1.0,79.0,HIGH,MODIFY
857672.3466726424,1130106.98125254,695259.9696382622,429997.1696166744,43.52847936669886,0.7458793041350547,0,1.0,1.625,0.392,0.0,852822.5,1.0,89.7,CRITICAL,MODIFY
244399.7833963812,559390.1257143806,447512.10057150456,344778.71724178,88.09857998376512,0.9690338281040456,2,2.0,1.25,0.704,0.0,477300.48,1.0,87.9,CRITICAL,BLOCK
1173855.8623807325,537787.4160914698,430229.9328731759,462110.5002684556,51.29474970170306,0.6666162040217007,0,1.0,1.25,0.0,0.0,1528408.88,1.0,87.1,CRITICAL,BLOCK
494705.9642784489,1298269.7982943135,1038615.8386354508,128383.21853355694,50.03942406496711,0.8036741993803627,0,3.0,1.25,0.774,0.65,363435.22,0.65,58.4,MEDIUM,MODIFY
838499.1055053462,1342261.52650489,1164222.4339695317,544643.8878511103,57.96034976013959,0.805812148336297,0,3.0,1.153,0.433,0.0,1205103.9,1.0,82.6,CRITICAL,MODIFY
757868.4469286067,1298144.267931665,354500.9886909531,83483.21763191189,68.73909651104779,0.7588572738558357,0,1.0,3.662,1.524,1.289,0.0,0.315,34.1,LOW,ALLOW
157943.55863878518,720504.7106189728,351598.6281922741,404830.96264350804,75.24189627661687,0.7016733796161388,0,2.0,2.049,1.6,0.449,193868.44,0.851,44.9,MEDIUM,MODIFY
291903.5661251768,432854.990102123,346283.99208169844,437721.3493055223,40.3577917213268,0.9754922699638471,1,1.0,1.25,0.407,0.0,643053.92,1.0,95.5,CRITICAL,MODIFY
309784.5301936409,1697591.872290899,1051124.5970715308,728097.838862561,57.95289278067874,0.7269158228696471,3,4.0,1.615,1.32,0.628,391415.09,0.672,57.6,MEDIUM,BLOCK
437701.2315660131,522589.38577865687,280104.2814228514,490417.8923107832,56.289250177796326,0.9669054509888737,0,3.0,1.866,0.303,0.0,685634.02,1.0,88.5,CRITICAL,MODIFY
516296.5164015323,1053262.4573276974,403515.28630763234,777402.3027283385,55.93759972918879,0.8822948697317088,0,3.0,2.61,1.331,0.0,643951.65,1.0,74.0,HIGH,MODIFY
589486.1706526442,323838.05981339776,259070.44785071822,459076.61541902245,68.43342249765146,0.6398317056613044,2,3.0,1.25,0.0,0.0,983795.17,1.0,89.6,CRITICAL,BLOCK
831781.4229078091,377548.3869283868,302038.70954270946,287313.7493544325,71.40076925391965,0.6738754809769063,0,2.0,1.25,0.0,0.0,1043585.49,1.0,81.7,CRITICAL,BLOCK
478911.30505013623,1769702.2143050923,386033.20570987195,581179.3451183136,89.84932923516368,0.8018093811672132,0,2.0,4.584,3.344,1.838,0.0,0.134,14.9,LOW,ALLOW
176505.82276685952,1689997.947019208,569760.8244774857,374720.1783270746,50.0243466031784,0.6761970317686687,2,1.0,2.966,2.656,1.999,0.0,0.068,24.5,LOW,BLOCK
415058.3686218836,1886666.5489472602,521889.33520391956,188882.05898938715,79.11683970246047,0.7472875264429379,0,3.0,3.615,2.82,2.458,0.0,0.107,9.6,LOW,ALLOW
620761.6889513716,285640.55354093836,228512.4428327507,184617.55639912462,43.112802942715945,0.6691665942390446,0,4.0,1.25,0.0,0.0,748251.13,1.0,91.2,CRITICAL,BLOCK
274159.5298867223,499389.7152849412,399511.77222795296,341375.86124603986,90.56929151799238,0.6231077001398111,1,2.0,1.25,0.564,0.0,515657.45,1.0,84.7,CRITICAL,MODIFY
319835.51779798453,280720.40079169464,224576.32063335573,187059.14233111232,52.439813005290176,0.928907619378939,0,3.0,1.25,0.0,0.0,450750.58,1.0,85.9,CRITICAL,BLOCK
419333.2722399066,1937597.975349805,1251848.38643647,167374.25900330214,96.52846282896915,0.7826128181559159,0,3.0,1.548,1.213,1.079,0.0,0.127,17.8,LOW,ALLOW
80491.36574426433,981818.3342573101,345840.02024004544,303875.7730958978,43.65409938384492,0.6099455623919123,0,4.0,2.839,2.606,1.728,0.0,0.023,17.3,LOW,ALLOW
1024425.9279983834,1458591.8622928886,304513.1321084824,232768.27985720505,86.67641236679876,0.8371241522567143,1,2.0,4.79,1.426,0.661,103115.48,0.639,45.3,MEDIUM,MODIFY
1173863.6640148698,1490933.6811966267,1192746.9449573015,125112.3827584724,61.2816487813615,0.7125284719857248,1,4.0,1.25,0.266,0.161,1000789.31,1.0,81.4,CRITICAL,MODIFY
794076.009079446,1172033.0532972114,1022003.1818485744,133803.60716187526,70.71826479826369,0.679421797397733,1,2.0,1.147,0.37,0.239,777849.74,1.0,79.3,HIGH,MODIFY
1052448.8234265584,1862830.1086397846,555826.2575107189,449833.8911845223,49.8662181137574,0.727155100292568,0,3.0,3.351,1.458,0.649,195278.86,0.651,50.8,MEDIUM,MODIFY
555520.1855517023,1273676.4035180886,990606.6700892157,318519.3202866179,58.56639230270625,0.6633334763408916,1,3.0,1.286,0.725,0.403,590969.77,0.897,72.1,HIGH,MODIFY
79290.9684040331,962160.116618139,769728.0932945112,64227.48407836911,40.19192427857474,0.6653842730058126,0,2.0,1.25,1.147,1.064,0.0,0.034,29.3,LOW,ALLOW
260158.00403652014,1128504.2441444327,631190.4274756861,621624.1102235515,86.32471515567246,0.6696362223382437,0,2.0,1.788,1.376,0.391,384468.3,0.909,50.1,MEDIUM,MODIFY
907881.7759689066,1416615.6068140392,1173088.4995131767,363254.6978505763,73.26998029561602,0.8052872644941861,0,4.0,1.208,0.434,0.124,1027609.37,1.0,77.6,HIGH,MODIFY
266004.94126038445,471243.84991054796,376995.0799284384,498605.6915349848,51.34527837005119,0.7332232177913711,0,3.0,1.25,0.544,0.0,670361.86,1.0,85.3,CRITICAL,MODIFY
509772.401192896,1972988.0803506903,1216167.163943484,679869.6638420343,95.47925707243752,0.7686957921952999,0,2.0,1.622,1.203,0.644,432821.15,0.656,33.0,LOW,MODIFY
135424.51478876406,1603130.9439063254,710545.0976898932,436434.2632676624,79.20330236621399,0.6299658618507493,1,1.0,2.256,2.066,1.451,0.0,0.024,13.6,LOW,ALLOW
1033596.6054173545,854098.9279143293,391469.8237949747,334016.95249266544,70.20944556775024,0.6531953174211206,0,3.0,2.182,0.0,0.0,904984.45,1.0,82.0,CRITICAL,BLOCK
898372.0976997981,439506.19654676574,351604.95723741263,91033.03727491063,55.580835482822955,0.679135855170444,0,3.0,1.25,0.0,0.0,901503.9,1.0,86.8,CRITICAL,BLOCK
591314.4539806047,424345.2705631376,339476.2164505101,689497.8430306356,69.13078595307832,0.7950161523805718,0,1.0,1.25,0.0,0.0,1195943.24,1.0,84.4,CRITICAL,BLOCK
222547.50499899156,1570800.297632107,285565.4405867541,429386.19433947327,50.985975060953336,0.9534839194879557,1,4.0,5.501,4.721,3.218,0.0,0.029,20.7,LOW,ALLOW
238782.66463835418,1299492.9121796638,204840.9035823597,309516.28579168743,83.42976416047802,0.875222716804058,0,3.0,6.344,5.178,3.667,0.0,0.067,10.2,LOW,ALLOW
431268.80928133754,560455.9635055573,448364.77080444584,272587.5576647902,48.121106555984575,0.9771385050961462,2,4.0,1.25,0.288,0.0,591765.17,1.0,97.0,CRITICAL,BLOCK
226759.88954173157,1334004.7172137965,158905.81449341335,172214.3729313145,65.34068115626846,0.6085414816074359,0,2.0,8.395,6.968,5.884,0.0,0.002,12.0,LOW,ALLOW
103177.24379637517,980463.5265163528,784370.8212130823,579407.1040932967,40.734598252329725,0.8713865255465081,0,4.0,1.25,1.118,0.38,486491.64,0.92,61.1,HIGH,MODIFY
138799.98876385245,591184.6503778333,472947.72030226665,455591.2554156167,78.11867974159546,0.9458972965099703,0,3.0,1.25,0.957,0.0,476154.31,1.0,80.1,CRITICAL,MODIFY
150074.69085050572,1427579.2123989877,518378.11041510187,187586.0867692124,78.9069052854539,0.8334637246386293,0,1.0,2.754,2.464,2.103,0.0,0.021,5.6,LOW,ALLOW
628457.6338159046,1089991.9116985493,871993.5293588395,317162.57277746225,52.846915312262084,0.9595862726071515,0,3.0,1.25,0.529,0.166,727621.82,1.0,79.8,HIGH,MODIFY
932463.2639421312,1052324.5667045487,326263.191039392,474511.16206965427,63.7081237516973,0.9754892625618612,0,3.0,3.225,0.367,0.0,680913.05,1.0,83.2,CRITICAL,MODIFY
80653.63547015983,893376.4330358709,714701.1464286968,536995.5283048885,63.90103659717253,0.9366605296048536,1,3.0,1.25,1.137,0.386,438973.88,0.914,58.8,MEDIUM,MODIFY
1122502.9517640327,1030983.9485000168,824787.1588000135,587247.4870900044,80.38022190061142,0.7131701867441099,0,1.0,1.25,0.0,0.0,1503553.65,1.0,78.9,HIGH,BLOCK
253839.4247709719,319510.16331780603,211003.9834568695,44026.356925293534,79.0085005430866,0.6561205478740487,0,4.0,1.514,0.311,0.103,189359.6,0.212,64.1,HIGH,MODIFY
465822.5214160338,1240788.2897107708,596406.8076745231,361092.129992861,51.15407946207211,0.7293790700911235,0,2.0,2.08,1.299,0.694,182533.17,0.606,43.5,MEDIUM,MODIFY
925277.8148410689,379687.63613059814,303750.10890447855,133654.5332776718,45.98382931918316,0.7347904533580574,1,4.0,1.25,0.0,0.0,982994.82,1.0,94.4,CRITICAL,BLOCK
66823.90211078369,1192801.4016160194,1070873.2516908934,459397.4165487376,91.25729687894142,0.8842555176766671,1,1.0,1.114,1.051,0.622,404293.17,0.678,36.8,MEDIUM,MODIFY
12537.28536028463,743570.1991713004,290168.1925650231,630046.3739608757,72.94299679674808,0.6055625909525233,0,2.0,2.563,2.519,0.348,189181.65,0.952,45.3,MEDIUM,MODIFY
725676.3119904547,690964.8380229145,368089.31164348585,321231.4659885996,52.93129214072445,0.7617102756300317,0,2.0,1.877,0.0,0.0,724032.25,1.0,84.9,CRITICAL,BLOCK
327659.98646830535,1014022.6903869417,582362.6688444689,175368.12245465044,73.91858388966529,0.936636206727767,0,2.0,1.741,1.179,0.877,71368.09,0.423,30.7,LOW,MODIFY
311670.78056290216,223600.70142932294,178880.56114345836,429494.77406953863,44.935753321345395,0.7104383882586396,0,2.0,1.25,0.0,0.0,696445.41,1.0,88.2,CRITICAL,BLOCK
881391.7610654463,1228156.0231650635,1097438.7940794972,680516.0307894006,71.14742712251277,0.7315940091242845,0,4.0,1.119,0.316,0.0,1431190.56,1.0,80.6,CRITICAL,MODIFY
780544.3696917847,234489.46046161017,187591.56836928814,81685.01952566451,48.992369518376584,0.9055043432264467,1,4.0,1.25,0.0,0.0,815331.5,1.0,91.0,CRITICAL,BLOCK
56558.803174476336,487213.929018518,389771.1432148144,643362.9303468285,40.09446716697837,0.6031240702950387,1,4.0,1.25,1.105,0.0,602478.95,1.0,81.9,CRITICAL,MODIFY
1041473.1707234996,983579.2229573526,483230.34259103396,81212.60899912199,89.0081728137361,0.7240806951587787,0,4.0,2.035,0.0,0.0,622336.9,1.0,77.1,HIGH,BLOCK
808147.2716945716,411136.726973588,224082.09802673385,280228.90624589456,52.02428144302513,0.7945544725167571,0,4.0,1.835,0.0,0.0,901321.55,1.0,83.2,CRITICAL,BLOCK
224284.51012586633,1857854.1653011325,892959.9055798684,294237.0128531004,67.56398306115405,0.7920137679126809,0,1.0,2.081,1.829,1.5,0.0,0.048,13.2,LOW,ALLOW
539596.8206119348,1842910.9279376168,711213.4845306752,201138.8118040637,93.16736095370229,0.6744293019201179,2,1.0,2.591,1.833,1.55,0.0,0.138,24.3,LOW,BLOCK
1184438.9176507879,1105674.6453661053,973754.1648925673,600449.2508745188,80.84886289959408,0.6615744792297191,0,4.0,1.135,0.0,0.0,1652967.69,1.0,78.1,HIGH,BLOCK
1057809.951320962,1789975.7950162885,173783.9747261933,491915.2261576287,98.81170549373597,0.8503921069625002,0,3.0,10.3,4.213,1.382,0.0,0.407,29.2,LOW,ALLOW
461204.14759369614,552773.7434652383,442218.99477219064,396911.49048780405,52.222171795781094,0.7193875657267751,2,2.0,1.25,0.207,0.0,747560.89,1.0,94.6,CRITICAL,BLOCK
622895.0476519126,742666.3293292988,377831.9384758469,511129.7198276076,52.540058353641165,0.9437275075674212,0,3.0,1.966,0.317,0.0,769190.38,1.0,86.9,CRITICAL,MODIFY
541756.5183123599,536540.0886756525,429232.070940522,489871.5351112252,52.49183445431264,0.6997070346211994,1,3.0,1.25,0.0,0.0,924320.04,1.0,94.9,CRITICAL,BLOCK
273235.4734269211,1189605.9277044637,951684.7421635711,141027.33206322818,79.47251857696492,0.7935173211250311,3,4.0,1.25,0.963,0.815,176341.62,0.485,53.4,MEDIUM,BLOCK
888317.7796929085,1873336.9398544428,1426097.7131273006,61037.488719610345,56.572496558827396,0.6606699648513394,0,4.0,1.314,0.691,0.648,502116.04,0.652,56.2,MEDIUM,MODIFY
27296.10411369115,1903780.263770986,1351465.3433183162,319903.6311914074,48.362612846117315,0.8474138247084952,2,3.0,1.409,1.388,1.152,0.0,0.086,27.6,LOW,BLOCK
249197.94847926832,1907379.9378378196,998522.75018222,742859.9322641613,95.126053106471,0.6651813729192244,2,1.0,1.91,1.661,0.917,83200.69,0.383,24.4,LOW,BLOCK
471148.49439913913,763924.9898050504,534616.5338430097,334543.1119779958,78.22452627657889,0.8994439814807016,0,4.0,1.429,0.548,0.0,576383.15,1.0,80.3,CRITICAL,MODIFY
231244.96310812896,1062816.410759377,850253.1286075017,476686.67741907906,64.0919345680334,0.6758483804900863,2,1.0,1.25,0.978,0.417,495368.36,0.883,74.6,HIGH,BLOCK
677521.5559200353,438664.69471704506,350931.75577363605,641936.9515418723,82.40774131163022,0.9701881938620417,1,4.0,1.25,0.0,0.0,1231725.57,1.0,82.4,CRITICAL,BLOCK
93908.14388518262,417126.3969350512,333701.117548041,685380.7544881958,56.70384766729454,0.6366688520779603,0,1.0,1.25,0.969,0.0,695863.62,1.0,82.1,CRITICAL,MODIFY
504811.94287113496,960445.4287259714,316297.2369477663,33293.09699665161,52.32284236802654,0.7104331314372475,2,2.0,3.037,1.441,1.335,0.0,0.06,44.4,MEDIUM,BLOCK
607056.800764197,531063.9568658245,362882.3594036213,453047.36681810266,81.93090706195203,0.6279362272446687,1,1.0,1.463,0.0,0.0,891922.57,1.0,84.9,CRITICAL,BLOCK
741865.5996171404,325883.03841907985,260706.4307352639,496518.6886807336,51.209404731716376,0.8853700224426797,2,4.0,1.25,0.0,0.0,1173207.68,1.0,97.3,CRITICAL,BLOCK
1063167.730283064,1184890.2591200576,602233.7952684986,338848.07567867136,40.88102364005589,0.6213901384729349,1,2.0,1.967,0.202,0.0,819359.34,1.0,91.9,CRITICAL,MODIFY
877689.5514331938,1068749.4317149995,854999.5453719996,609119.9382211418,44.20030583905236,0.6717636614979342,0,2.0,1.25,0.223,0.0,1273059.6,1.0,87.3,CRITICAL,MODIFY
441539.4876877537,1150694.0940438616,920555.2752350894,458624.2844605332,59.50285473042449,0.9401430310317738,0,2.0,1.25,0.77,0.272,670024.95,1.0,76.0,HIGH,MODIFY
185129.4909002773,1914389.4408892614,777341.2879989127,36567.78210042795,52.07451317689464,0.7449610160814997,0,2.0,2.463,2.225,2.178,0.0,0.034,13.3,LOW,ALLOW
1149195.407158903,321714.2342777178,257371.38742217427,501180.05731426674,98.52097563879775,0.8271997362664226,1,4.0,1.25,0.0,0.0,1586032.62,1.0,82.3,CRITICAL,BLOCK
197227.48147260552,1682671.3471899028,767938.1248517146,441035.8130411334,67.59898201384607,0.9823075496455163,2,2.0,2.191,1.934,1.36,0.0,0.037,24.3,LOW,BLOCK
911982.5582871969,1586678.9317857018,1243239.9148341203,668892.5529009213,59.413035974942574,0.7187901217470729,0,4.0,1.276,0.543,0.005,1237436.09,1.0,84.2,CRITICAL,MODIFY
985876.6399147753,242548.87265789212,194039.0981263137,305699.2800702829,43.81058460664789,0.8636158027033203,3,3.0,1.25,0.0,0.0,1243066.15,1.0,98.0,CRITICAL,BLOCK
532461.0386644081,422050.2216942096,337640.1773553677,40286.875803330615,89.73488598927796,0.8004338452284243,0,1.0,1.25,0.0,0.0,488337.87,0.428,66.2,HIGH,BLOCK
1199616.6905358138,1364383.2265824955,939766.1459558789,718742.8598652438,74.17294622675996,0.8143876608857085,1,1.0,1.452,0.175,0.0,1493742.47,1.0,88.3,CRITICAL,MODIFY
242072.88418085623,1263586.565393058,486397.8926488111,500519.2180729364,98.74671243188308,0.9894856674021704,1,3.0,2.598,2.1,1.071,0.0,0.086,13.6,LOW,ALLOW
213262.1473432409,709169.8559394828,567335.8847515862,77454.5241938931,89.5889273125321,0.6647757832143351,0,1.0,1.25,0.874,0.738,148882.7,0.562,40.5,MEDIUM,MODIFY
917002.7735974893,1957633.381432742,1027311.4480525076,89180.34908882549,86.26091615969077,0.633723127789255,0,2.0,1.906,1.013,0.926,75861.19,0.374,29.7,LOW,MODIFY
922366.2197830463,304790.7213518447,243832.57708147579,785398.4705454885,46.76491285653542,0.9475236832005188,0,2.0,1.25,0.0,0.0,1646806.55,1.0,85.8,CRITICAL,BLOCK
1081252.9660464304,552461.3684566787,168829.11713091002,256108.10806023076,82.0035049559111,0.7147577284262969,0,4.0,3.272,0.0,0.0,953728.82,1.0,79.1,HIGH,BLOCK
725165.8284561674,945912.6422960127,756730.1138368102,97739.43852617011,59.251845714368365,0.7404485571618019,1,2.0,1.25,0.292,0.163,633722.74,1.0,84.6,CRITICAL,MODIFY
625256.994867271,976949.4669264795,575008.2911226342,794645.534747551,46.998603964378574,0.7103198987772715,1,4.0,1.699,0.612,0.0,1017961.35,1.0,92.6,CRITICAL,MODIFY
236177.90589499314,1650645.6886377367,293625.9240745409,547702.3238578651,76.56649496006469,0.9089983569954934,0,1.0,5.622,4.817,2.952,0.0,0.133,16.0,LOW,ALLOW
1032335.8695151343,1891823.3633725436,853910.3920958547,685636.2502223719,90.86137460258236,0.867206017874947,1,3.0,2.215,1.007,0.204,680059.15,1.0,71.1,HIGH,MODIFY
349431.81989295885,1687953.3045014732,221792.85233142198,36513.591597339626,51.287909471901656,0.8907619814915348,0,3.0,7.61,6.035,5.87,0.0,0.095,17.0,LOW,ALLOW
125876.24574946925,493415.2597073302,394732.2077658642,216546.4995017321,42.83777200231847,0.6443381799098372,0,2.0,1.25,0.931,0.383,243739.69,0.917,73.5,HIGH,MODIFY
465230.6835375901,346844.7396039701,277475.79168317607,39251.76944052966,66.72637592710365,0.7548468083052512,0,4.0,1.25,0.0,0.0,435113.51,0.359,71.5,HIGH,BLOCK
826829.8870364206,1767479.2665493574,841988.6402151574,367901.89122157055,45.28861203917586,0.6299179342610263,0,2.0,2.099,1.117,0.68,269241.15,0.62,48.1,MEDIUM,MODIFY
1170056.8259922892,998526.772446252,211697.49624963995,10098.902275573173,88.26523457473988,0.8893963520934139,0,2.0,4.717,0.0,0.0,393326.45,0.497,65.6,HIGH,BLOCK
848122.3839787146,1894867.3186440605,441020.9231342698,557796.2833527655,89.47648206471882,0.6673526823618098,0,1.0,4.297,2.373,1.109,0.0,0.449,27.1,LOW,ALLOW
464330.3233745068,693253.594401788,549011.4276657315,371553.91295268945,76.98024420241529,0.7157020810038354,1,4.0,1.263,0.417,0.0,691642.07,1.0,83.5,CRITICAL,MODIFY
35335.45022045942,1705505.7313380123,171194.94398672998,73149.74421706566,66.64394742822525,0.8051221437069673,1,2.0,9.962,9.756,9.329,0.0,0.037,9.7,LOW,ALLOW
803277.9972487148,387186.6011114489,309749.2808891591,158486.3223411097,42.583224443004546,0.610268080107008,1,4.0,1.25,0.0,0.0,884327.0,1.0,95.1,CRITICAL,BLOCK
883124.2188698297,1433500.299617654,692615.127199025,683843.8475952309,58.337643950988365,0.8691471721977182,0,2.0,2.07,0.795,0.0,826082.89,1.0,87.4,CRITICAL,MODIFY
632681.178250672,427661.0535061032,342128.8428048826,666661.5360102673,44.18058891744489,0.6411820719277548,0,4.0,1.25,0.0,0.0,1213810.5,1.0,89.4,CRITICAL,BLOCK
76345.52328747617,705413.7040521235,564330.9632416988,295906.5761562182,48.388882556466775,0.9603238371800227,0,4.0,1.25,1.115,0.59,231169.36,0.71,48.9,MEDIUM,MODIFY
191733.6933349515,552853.925304313,442283.1402434504,565732.3120354693,74.39146460137114,0.7591847366315685,2,3.0,1.25,0.816,0.0,646895.22,1.0,95.1,CRITICAL,BLOCK
843989.143800056,1913838.9855409027,794041.7564889016,691399.5098693313,44.02805774481872,0.8433882226135226,0,1.0,2.41,1.347,0.477,415591.42,0.823,60.0,HIGH,MODIFY
457320.4971768897,1979580.7427383368,861489.0589882242,654200.0379435698,47.916306733282966,0.8720467036423276,1,2.0,2.298,1.767,1.008,0.0,0.126,33.7,LOW,ALLOW
70691.14088979576,1495305.1035165437,1163426.213596296,643344.6187062587,68.40396701041072,0.9038148867125032,2,4.0,1.285,1.224,0.672,382156.87,0.628,39.2,MEDIUM,BLOCK
1029753.316410956,898894.8071788551,617721.5365211149,554361.2735167868,45.949422405323155,0.7670709894825194,0,4.0,1.455,0.0,0.0,1302941.32,1.0,88.3,CRITICAL,BLOCK
1165654.097191538,1591506.5916394356,1425196.7657459523,657743.859999636,48.28054578080684,0.9655067383700466,0,1.0,1.117,0.299,0.0,1657088.13,1.0,89.7,CRITICAL,MODIFY
446994.2514443193,1582451.1693424853,408880.6091474337,338209.7750337899,77.23764671974894,0.9152433799389601,1,4.0,3.87,2.777,1.95,0.0,0.027,21.7,LOW,ALLOW
425832.7590946097,821351.225888498,718390.2692462848,569136.5820906706,94.02408023890474,0.9852086456275028,0,3.0,1.143,0.551,0.0,892008.38,1.0,79.7,HIGH,MODIFY
647259.9368999373,1330553.091495308,1021576.8985339066,672382.0419056516,64.64968757979017,0.7965523943166037,0,2.0,1.302,0.669,0.011,1010665.79,1.0,88.2,CRITICAL,MODIFY
201651.07373352518,567478.007856509,453982.4062852072,482333.1050528254,79.2610215068924,0.7934339603086754,0,2.0,1.25,0.806,0.0,570488.58,1.0,81.5,CRITICAL,MODIFY
296125.8759394952,1441879.7925563334,237139.46611549944,720819.4230970093,72.1038503300327,0.922296281268544,0,1.0,6.08,4.832,1.792,0.0,0.284,18.0,LOW,ALLOW
669432.3764595368,1663828.0538840375,717498.2429693535,666964.4697628394,94.27246382618614,0.8559666315557546,0,1.0,2.319,1.386,0.456,390067.04,0.844,44.5,MEDIUM,MODIFY
885580.6301570057,1776148.5264484505,734079.5952775948,118444.66825778266,60.764786724419494,0.813824389804101,0,1.0,2.42,1.213,1.052,0.0,0.092,33.7,LOW,ALLOW
680717.3413653305,1850744.0062590912,1142860.0200453065,216987.3141700651,51.381335908926324,0.835807574129923,0,1.0,1.619,1.024,0.834,189820.67,0.466,41.6,MEDIUM,MODIFY
641450.7528205902,1139031.9135483769,911225.5308387015,432626.36773399013,62.44316366949546,0.7593419962289376,2,4.0,1.25,0.546,0.071,846270.74,1.0,91.2,CRITICAL,BLOCK
551945.4576182358,1940122.3320888341,1345378.0169765342,567494.2401510115,58.778532623706425,0.8331133019202115,1,3.0,1.442,1.032,0.61,524695.38,0.69,58.0,MEDIUM,MODIFY
652903.6449841806,843527.9498867319,517285.56271550414,491290.345562332,94.58301588037799,0.8122352399995154,0,3.0,1.631,0.369,0.0,817951.6,1.0,75.6,HIGH,MODIFY
52181.83741213932,1000379.6022686234,800303.6818148987,30537.949756320602,71.46007050181687,0.980054199578353,0,3.0,1.25,1.185,1.147,0.0,0.006,11.3,LOW,ALLOW
656732.9715485243,1716670.1457017323,871270.7415854096,761975.3229531358,91.26572767649648,0.9411708268619474,3,4.0,1.97,1.217,0.342,573308.89,0.958,64.8,HIGH,BLOCK
130692.56848558939,1488129.4359445267,1316325.0158259673,709717.1221612722,46.66096655494314,0.8250296081479757,0,1.0,1.131,1.031,0.492,668605.27,0.808,57.2,MEDIUM,MODIFY
210205.24945945982,1487539.0242431054,553387.973697148,80985.94093775722,56.31249644862205,0.843133503109715,0,3.0,2.688,2.308,2.162,0.0,0.032,14.8,LOW,ALLOW
29814.281304338292,335289.4014425274,268231.52115402196,312329.1860634018,58.40563782312413,0.8078499051974068,0,2.0,1.25,1.139,0.0,275085.59,1.0,71.1,HIGH,MODIFY
1099663.8552129962,938990.2069699541,369453.6324594498,186081.61239280782,69.59149403862521,0.8224825146383699,0,3.0,2.542,0.0,0.0,716208.89,1.0,84.0,CRITICAL,BLOCK
1084439.4441418827,1379544.8057354942,532471.3493488973,771357.7077463377,50.539704131118256,0.6245078352156938,1,1.0,2.591,0.554,0.0,1008723.7,1.0,95.5,CRITICAL,MODIFY
678931.17992673,732647.7104795375,586118.16838363,81379.39862714117,67.16926265007491,0.8800010923256423,0,4.0,1.25,0.092,0.0,613781.04,1.0,84.6,CRITICAL,MODIFY
1113887.7322982808,1498058.051079835,974628.3740950164,506543.40178970003,86.73467212748632,0.9195697576207978,1,3.0,1.537,0.394,0.0,1097001.46,1.0,82.7,CRITICAL,MODIFY
452947.88577066135,1037668.7886904288,830135.0309523431,74138.37762090018,42.33838128825865,0.878753033932933,0,2.0,1.25,0.704,0.615,319552.51,0.685,59.6,MEDIUM,MODIFY
1194662.7722993537,439390.56190944114,226616.0396639505,500670.3948681549,41.98655736004517,0.8054025123274184,0,3.0,1.939,0.0,0.0,1482558.64,1.0,89.1,CRITICAL,BLOCK
336276.765970153,298654.4875598403,238923.59004787228,275506.51089213387,90.235329916529,0.9250083833164797,0,2.0,1.25,0.0,0.0,552052.38,1.0,77.4,HIGH,BLOCK
232988.53178227996,1643501.844940422,1371916.8068840345,131011.55825622896,66.60909890264034,0.8108636930705216,0,2.0,1.198,1.028,0.933,92415.05,0.367,30.4,LOW,MODIFY
895698.1529289858,548991.6222324274,189471.3622232043,513655.46273057896,81.82290955746686,0.8739395002198824,0,4.0,2.897,0.0,0.0,1049833.36,1.0,76.2,HIGH,BLOCK
342289.42161874496,589774.2575018329,471819.4060014663,784301.6183843503,51.404585272239714,0.9026701271899367,0,4.0,1.25,0.525,0.0,1008636.19,1.0,89.7,CRITICAL,MODIFY
737488.3678523406,858189.984834186,686551.9878673488,216781.4906568511,62.17763730801712,0.9374891169567661,0,2.0,1.25,0.176,0.0,782631.86,1.0,83.5,CRITICAL,MODIFY
729144.737682246,953426.7676559616,762741.4141247693,778039.9772543594,82.96157680511851,0.9461284836368051,0,4.0,1.25,0.294,0.0,1316499.36,1.0,78.9,HIGH,MODIFY
663481.9748427148,809771.3546316588,647817.083705327,315581.8868969951,57.65862543608634,0.6342262168417445,0,2.0,1.25,0.226,0.0,817109.59,1.0,84.2,CRITICAL,MODIFY
820894.1879991686,635737.142545402,508589.7140363217,677968.7503130039,76.3984166714344,0.8182022341455862,0,4.0,1.25,0.0,0.0,1371715.51,1.0,80.3,CRITICAL,BLOCK
257282.066033949,1138469.200454367,910775.3603634937,86292.66671230296,72.49529962650186,0.7874117608876156,0,3.0,1.25,0.968,0.873,115880.89,0.427,38.5,MEDIUM,MODIFY
244237.0643108112,1000902.3002786349,700244.1164083796,356618.2593043796,82.5425444510845,0.9720675010076597,3,2.0,1.429,1.081,0.571,300197.14,0.729,57.0,MEDIUM,BLOCK
1145397.4818910458,1734616.631246373,1497147.0985514754,143244.26947418277,68.70061641593777,0.8217244017131095,0,1.0,1.159,0.394,0.298,1051172.22,1.0,76.3,HIGH,MODIFY
464602.60295370506,1109929.387496661,854612.1474678356,534094.2186985333,86.18190347165455,0.8848663135509541,0,1.0,1.299,0.755,0.13,743379.58,1.0,71.9,HIGH,MODIFY
570091.7098420542,1396422.2213397205,1117137.7770717766,774323.9360811037,63.80295208358123,0.6562541513215081,0,2.0,1.25,0.74,0.047,1065131.2,1.0,81.0,CRITICAL,MODIFY
1030492.5387234157,366758.0914220826,293406.4731376661,617519.1766815527,60.422175539510526,0.633498034117589,0,1.0,1.25,0.0,0.0,1574660.1,1.0,85.7,CRITICAL,BLOCK
607143.114757148,1138280.6496742545,998645.3528051802,673403.0096786232,76.78806651955038,0.8073421739936324,1,4.0,1.14,0.532,0.0,1140910.83,1.0,86.8,CRITICAL,MODIFY
311622.9688351875,1618111.561197643,1392980.0176073033,670494.9761024641,87.65849721529239,0.9055004025070696,0,1.0,1.162,0.938,0.457,756986.4,0.843,62.9,HIGH,MODIFY
561104.7835947785,1220010.8992045312,979011.5003284559,85613.7513860804,92.94658140894117,0.8682097087097294,0,2.0,1.246,0.673,0.586,405719.14,0.714,49.0,MEDIUM,MODIFY
469153.30416409613,1528337.5430159443,504999.69380425406,720442.446315629,59.75604930591874,0.8684289757658303,2,3.0,3.026,2.097,0.671,166257.9,0.629,50.0,MEDIUM,BLOCK
242830.98693419964,1938795.3670996958,1456922.642958742,253733.54026522988,62.38398174223942,0.6930087614389788,0,2.0,1.331,1.164,0.99,14691.8,0.31,21.8,LOW,MODIFY
81238.10746013779,1374517.777154677,825656.7762625143,65810.9649820287,56.4032907146575,0.802347739637518,0,3.0,1.665,1.566,1.487,0.0,0.066,16.3,LOW,ALLOW
588207.5695950774,799159.4049918414,639327.5239934732,232090.40574221982,78.06640881880496,0.6583748804670312,0,1.0,1.25,0.33,0.0,660466.09,1.0,81.2,CRITICAL,MODIFY
504912.36712314276,1625627.6032474393,1006682.9839751924,464117.94907909696,82.85763708914297,0.7024276518317688,0,3.0,1.615,1.113,0.652,350085.7,0.648,41.6,MEDIUM,MODIFY
623977.6544082984,1143869.7314915797,676557.3994112829,603108.1408098371,52.17255448664984,0.8252752721487993,1,3.0,1.691,0.768,0.0,759773.46,1.0,92.1,CRITICAL,MODIFY
1081844.996295079,968584.9432275828,790151.1858738129,151646.99236297546,43.14659756334587,0.6560178879735927,2,4.0,1.226,0.0,0.0,1055058.23,1.0,98.0,CRITICAL,BLOCK
741233.4717382689,825846.5157086835,660677.2125669469,23283.83685289408,43.61578331438093,0.755700619315337,1,3.0,1.25,0.128,0.093,599348.01,0.34,74.0,HIGH,MODIFY
1181879.219894127,966238.9108823722,697401.7252972202,401629.2088968033,71.38313803373325,0.8208180784448922,0,2.0,1.385,0.0,0.0,1314671.24,1.0,84.6,CRITICAL,BLOCK
61025.988901188204,1634043.8161166303,1077898.1346934142,757478.5540864279,67.05338318673668,0.8285047350511706,0,1.0,1.516,1.459,0.757,262358.86,0.543,25.2,LOW,ALLOW
226186.16789208187,343967.0745866735,275173.65966933884,601514.9359344675,60.132824224931454,0.6375750206799169,0,3.0,1.25,0.428,0.0,758907.69,1.0,82.6,CRITICAL,MODIFY
1009858.5167432374,701998.5247976154,588352.9461352883,572064.1457301754,79.48370455639665,0.6644163315634093,0,1.0,1.193,0.0,0.0,1468277.08,1.0,82.9,CRITICAL,BLOCK
903574.7600721325,869220.2563520785,695376.2050816629,164513.63668385372,49.3469573697071,0.8828953637037837,0,2.0,1.25,0.0,0.0,894244.35,1.0,81.9,CRITICAL,BLOCK
201309.71504095718,1117059.0739289643,537361.278934596,374162.2922130364,55.13857176869112,0.8074556122775002,0,2.0,2.079,1.704,1.008,0.0,0.012,22.0,LOW,ALLOW
971566.6993799808,617512.0188338005,494009.6150670404,648801.3282867731,54.319663475072744,0.8789476989919027,2,4.0,1.25,0.0,0.0,1496865.62,1.0,92.8,CRITICAL,BLOCK
101817.8884607209,1186366.585024727,876383.5291186719,338261.77051930985,83.87451428457896,0.8972006004534528,0,4.0,1.354,1.238,0.852,130096.6,0.448,19.9,LOW,MODIFY
819616.7697139893,570859.8551728849,456687.88413830794,703409.4040389619,48.80610933890254,0.9715326497880586,0,2.0,1.25,0.0,0.0,1408854.2,1.0,88.8,CRITICAL,BLOCK
152190.11163718614,570804.6677539393,456643.7342031514,88854.2540526779,94.46494936762494,0.8996606494385055,0,4.0,1.25,0.917,0.722,126883.43,0.578,42.5,MEDIUM,MODIFY
812839.383030644,1096793.8191958177,986702.4894779564,778066.6394212086,78.46465043882002,0.8525355573946176,1,3.0,1.112,0.288,0.0,1480814.69,1.0,82.4,CRITICAL,MODIFY
1139945.6491171329,818382.5145721398,654706.0116577119,260703.87753299694,75.54687396334293,0.7708628862132595,0,1.0,1.25,0.0,0.0,1236973.02,1.0,79.3,HIGH,BLOCK
1002250.8761204199,1990954.269076798,1230559.5938911815,168712.1755904931,79.75276999509377,0.650901804614128,0,3.0,1.618,0.803,0.666,410568.38,0.634,47.1,MEDIUM,MODIFY
1135416.7705246154,972656.4526175493,461624.45710638945,773120.8767141367,71.17095307198248,0.7447609503588392,0,1.0,2.107,0.0,0.0,1397505.65,1.0,82.5,CRITICAL,BLOCK
236581.144785144,1481628.87586071,332575.6982737627,149956.4152661259,87.36981143011971,0.7364893540996418,1,4.0,4.455,3.744,3.293,0.0,0.095,13.1,LOW,ALLOW
215862.2712645272,531664.6277814943,425331.7022251955,439835.6245830394,65.89295922243348,0.663325364756923,1,1.0,1.25,0.742,0.0,549364.97,1.0,88.5,CRITICAL,MODIFY
933962.3231420941,945528.2023607842,756422.5618886274,510001.0711405541,73.57733692895292,0.792517678710252,0,3.0,1.25,0.015,0.0,1254857.75,1.0,82.3,CRITICAL,MODIFY
149230.04776394312,1510666.943498636,1072416.7995263187,657335.4327958341,79.118731507695,0.9187663148654106,0,2.0,1.409,1.27,0.657,368315.34,0.643,31.3,LOW,MODIFY
214873.13983619885,1246071.3371631387,996857.0697305109,711765.1824790667,90.8605102831346,0.9442415817394945,3,4.0,1.25,1.034,0.32,677424.05,0.98,71.5,HIGH,BLOCK
902261.8555911228,299105.99176660023,239284.7934132802,34011.909614754906,74.5998043110011,0.8245859342829611,0,1.0,1.25,0.0,0.0,876452.57,0.359,68.7,HIGH,BLOCK
148677.95247284407,889350.2081006116,711480.1664804893,679344.9164361268,91.00481303362102,0.7115433074784555,1,2.0,1.25,1.041,0.086,650152.83,1.0,69.4,HIGH,MODIFY
867990.152601532,834402.2304897747,667521.7843918198,615174.014102074,93.36911009057062,0.6746670270816537,0,4.0,1.25,0.0,0.0,1316283.72,1.0,76.4,HIGH,BLOCK
875908.7906641054,925203.4092457227,740162.7273965782,292053.19560794986,82.30127219369194,0.9037482472889484,0,2.0,1.25,0.067,0.0,982921.3,1.0,81.2,CRITICAL,MODIFY
1045794.5559540563,476713.24044238904,381370.59235391126,12487.96220970494,88.51664608767943,0.9712944883682203,0,4.0,1.25,0.0,0.0,962939.87,0.435,67.6,HIGH,BLOCK
114738.34057624341,1719764.0212901537,521769.2158006006,776444.160602862,65.22044533414092,0.9173209193370762,1,3.0,3.296,3.076,1.588,0.0,0.065,17.9,LOW,ALLOW
766218.9581209433,882014.0901227021,685342.0849434055,528109.6978904892,81.98754698787734,0.7605766685267545,1,1.0,1.287,0.169,0.0,1097656.65,1.0,81.8,CRITICAL,MODIFY
1122113.0122673365,749023.1872725919,173417.64611611934,668320.1313824268,89.37655849127202,0.6427986544562411,1,4.0,4.319,0.0,0.0,1214827.6,1.0,81.2,CRITICAL,BLOCK
30517.737879842487,688197.6267724279,550558.1014179423,379762.04896122904,69.95078697720172,0.6695338771811585,2,2.0,1.25,1.195,0.505,272640.26,0.795,48.0,MEDIUM,BLOCK
275391.0472662151,1393444.055566218,881953.8521113697,384704.64603601984,86.04322496403589,0.9523911977866992,0,2.0,1.58,1.268,0.832,148605.49,0.468,26.1,LOW,MODIFY
147571.3144790459,623561.3352315698,498849.06818525586,220754.46914797075,67.77217693727376,0.7578989304895729,0,4.0,1.25,0.954,0.512,243613.52,0.788,61.9,HIGH,MODIFY
203587.84039693978,420646.030853746,336516.82468299684,585384.9188573954,69.47508463185302,0.8933413072906887,0,2.0,1.25,0.645,0.0,704843.55,1.0,85.8,CRITICAL,MODIFY
162789.59967020742,1240216.0179125925,534982.2817424297,776416.16814638,77.88661246620701,0.7516755577614722,2,2.0,2.318,2.014,0.563,233972.03,0.737,43.1,MEDIUM,BLOCK
814528.6122380283,1458771.1157333485,1005034.8849879694,38273.11783133798,41.1129937075014,0.787557924274426,0,3.0,1.451,0.641,0.603,399065.5,0.069,46.6,MEDIUM,MODIFY
74522.0079399946,444462.5503412959,355570.04027303675,593595.8894342404,56.5714209988887,0.6998870873554303,0,3.0,1.25,1.04,0.0,579225.39,1.0,78.1,HIGH,MODIFY
1087941.3273544917,1111796.1590019204,889436.9272015364,238668.56606371503,46.43961769640773,0.9669871298998132,0,2.0,1.25,0.027,0.0,1104250.66,1.0,86.4,CRITICAL,MODIFY
64661.84964935078,703682.2809536143,586292.3775786171,375948.85147690825,87.78498622474073,0.9750389985363064,0,2.0,1.2,1.09,0.449,323220.8,0.851,47.7,MEDIUM,MODIFY
440009.4097046922,268426.5860929906,213751.48907317064,321303.4394039034,60.41396808904807,0.908075602371015,1,4.0,1.256,0.0,0.0,706637.75,1.0,87.2,CRITICAL,BLOCK
645463.3284017071,619318.4133039806,495454.7306431845,702726.2114767308,49.73667680613538,0.8527292278214804,0,4.0,1.25,0.0,0.0,1224325.86,1.0,88.7,CRITICAL,BLOCK
36222.04600129998,1549132.3992645412,736271.0575647836,92662.99310585717,65.58570248900409,0.9200948220595808,0,3.0,2.104,2.055,1.929,0.0,0.058,4.7,LOW,ALLOW
1184534.5921976052,1754376.0803082318,1103293.9141503936,250569.76975597526,65.41556961796466,0.6855558643550259,0,2.0,1.59,0.516,0.289,784022.2,1.0,70.3,HIGH,MODIFY
459131.6290638689,601782.2904850916,417568.4510390667,90307.31891255543,55.44925044564116,0.9372937923889935,2,4.0,1.441,0.342,0.125,365225.11,1.0,92.5,CRITICAL,BLOCK
659110.473350078,1054758.6618034262,843806.929442741,174356.89717733415,93.1812857740552,0.8572370927571913,1,4.0,1.25,0.469,0.262,622515.64,1.0,77.1,HIGH,MODIFY
192273.95745079426,1803553.9624696756,924070.6521786138,619006.2424130832,71.19381782154812,0.6938349260482456,0,3.0,1.952,1.744,1.074,0.0,0.08,19.3,LOW,ALLOW
755406.3107307864,1598774.4616570075,647122.815606863,763183.0885744861,54.98365914020632,0.7130396204491795,0,1.0,2.471,1.303,0.124,566937.75,1.0,72.8,HIGH,MODIFY
1098634.1918269896,618516.3685863408,494813.09486907267,191997.93887914415,45.04112273995296,0.8371089501319724,1,2.0,1.25,0.0,0.0,1166928.86,1.0,95.6,CRITICAL,BLOCK
601073.8075800632,1610119.2636599687,539550.9150889677,668255.3034161841,76.95227135561056,0.6732855301625829,2,1.0,2.984,1.87,0.632,198760.76,0.668,48.9,MEDIUM,BLOCK
121616.9483352822,1953562.9755551978,760089.1537843946,5413.372671052752,56.784925651283004,0.6680581716505827,3,4.0,2.57,2.41,2.403,0.0,0.131,26.1,LOW,BLOCK
321437.00581436284,774822.9862675581,619858.3890140465,378980.24694102263,76.18723661389058,0.7957684143340436,0,1.0,1.25,0.731,0.12,545452.66,1.0,74.9,HIGH,MODIFY
210529.28834043432,1700327.6073092956,1077787.1788408519,93946.05324439117,88.64858140279112,0.8296196238487111,0,1.0,1.578,1.382,1.295,0.0,0.012,10.0,LOW,ALLOW
874609.276406576,1388902.0423980642,904073.1263678313,62410.56072844415,48.84973944349724,0.8994656262687453,2,3.0,1.536,0.569,0.5,452190.92,0.8,74.3,HIGH,BLOCK
393541.20827561105,1479223.4700688059,1183378.7760550447,60399.976478267,83.1544799526268,0.8892429912383106,2,4.0,1.25,0.917,0.866,158096.49,0.434,49.4,MEDIUM,BLOCK
658950.8137537373,871946.7463113982,697557.3970491186,662848.0624917974,52.17516331981244,0.7548974910986743,0,4.0,1.25,0.305,0.0,1147409.53,1.0,81.3,CRITICAL,MODIFY
712755.9259837728,1874853.3039984375,999869.8819401974,233200.88693704104,67.22176700670806,0.988233857886307,0,2.0,1.875,1.162,0.929,70973.39,0.371,31.1,LOW,MODIFY
276833.1952773678,226882.41122866338,181505.92898293072,754491.0342822765,92.3921392019607,0.9286988446927977,0,4.0,1.25,0.0,0.0,985947.75,1.0,74.4,HIGH,BLOCK
460534.1305338434,1343101.7566167568,1201384.8281195592,709528.4883408626,48.00135410012895,0.757235172617862,0,1.0,1.118,0.735,0.144,1028345.69,1.0,80.4,CRITICAL,MODIFY
877160.9735739216,1719045.560209095,1327613.197736941,782467.8090665722,91.28826107626975,0.862882192063757,0,4.0,1.295,0.634,0.045,1268196.42,1.0,76.7,HIGH,MODIFY
362771.0177922586,1020712.1167809744,816569.6934247796,431221.7756112571,65.02891045732997,0.9275507685012012,0,3.0,1.25,0.806,0.278,589850.37,1.0,77.8,HIGH,MODIFY
833320.451913759,1082797.4973666184,801238.8455779871,633834.1284139241,76.97287014060265,0.6061130034573561,2,3.0,1.351,0.311,0.0,1185595.93,1.0,90.9,CRITICAL,BLOCK
289652.7020413908,1515800.8862043656,1203461.6916715794,720704.8906324911,73.38998755879265,0.7088276649443374,1,1.0,1.26,1.019,0.42,698018.4,0.88,62.6,HIGH,MODIFY
72114.70217735012,927809.1256965708,606072.1334507801,196707.42538437285,88.32529575476667,0.9528353664754877,0,4.0,1.531,1.412,1.087,0.0,0.0,12.1,LOW,ALLOW
1054632.4158253889,346443.1937895078,277154.5550316062,168088.42501222115,43.93587312597142,0.684963347920644,0,4.0,1.25,0.0,0.0,1153432.2,1.0,90.5,CRITICAL,BLOCK
1065844.1493504944,1638050.8551858505,835688.7624348538,786509.0856813696,98.00782699987943,0.9025344109811817,2,3.0,1.96,0.685,0.0,1049991.14,1.0,83.2,CRITICAL,BLOCK
910352.1843210658,1670543.4150983759,687773.723788343,44127.80113260411,70.83473540627435,0.6839623120746395,1,1.0,2.429,1.105,1.041,0.0,0.066,39.7,MEDIUM,ALLOW
942605.3255373801,1698563.4092311398,1057614.88796503,8123.1797780505485,47.51643807528151,0.8671455164124946,0,3.0,1.606,0.715,0.707,309779.98,0.111,44.2,MEDIUM,MODIFY
595556.1351719161,1324375.4755089046,909996.7410114293,714329.2596939786,66.79365074023679,0.8488844318160541,3,3.0,1.455,0.801,0.016,895506.66,1.0,98.0,CRITICAL,BLOCK
907828.5609769282,423282.19414684473,338625.7553174758,126684.41708770706,75.96921929104205,0.8461837211498375,1,4.0,1.25,0.0,0.0,949856.54,1.0,84.9,CRITICAL,BLOCK
871857.7336625868,872586.5326424725,698069.2261139781,37612.157880796636,76.40234637101054,0.6407040592494947,2,4.0,1.25,0.001,0.0,734952.59,0.489,81.1,CRITICAL,BLOCK
1069585.4753172484,1396512.1648197519,226688.68163637776,197273.64863560838,89.98313526780552,0.7451523062666746,1,4.0,6.16,1.442,0.572,97035.64,0.728,50.1,MEDIUM,MODIFY
563459.8042170323,1758392.7088637203,253441.30687113665,371813.7509298332,40.42820001988145,0.9065538141884553,1,2.0,6.938,4.715,3.248,0.0,0.107,31.3,LOW,ALLOW
298330.1784434564,240232.5203249507,192186.01625996057,793903.6998465937,74.37472328709813,0.7550602672444184,0,2.0,1.25,0.0,0.0,1044187.37,1.0,83.7,CRITICAL,BLOCK
573681.2909925524,1762479.2058934,1005888.7602488735,236291.17661653404,95.35823301684556,0.7881652429749056,1,1.0,1.752,1.182,0.947,53382.02,0.353,20.6,LOW,MODIFY
112210.36918325108,821811.3575546865,555043.8131566631,788863.4334998735,96.54170208865492,0.9351576279141902,2,3.0,1.481,1.278,0.0,634306.26,1.0,68.8,HIGH,BLOCK
897737.0788711451,1628863.7576833093,1169313.4040183376,69699.99282921098,78.69692745975507,0.7584076703743661,0,2.0,1.393,0.625,0.566,507886.72,0.734,54.7,MEDIUM,MODIFY
485543.7824577164,941724.1699022856,565436.2651490538,15260.935154584753,66.34084815753529,0.7148780115108556,0,2.0,1.665,0.807,0.78,124516.81,0.135,37.0,MEDIUM,MODIFY
501733.27002981165,315742.2272019937,252593.78176159496,184802.26038466796,55.319279836124274,0.6076753130909486,0,4.0,1.25,0.0,0.0,623387.08,1.0,88.7,CRITICAL,BLOCK
587679.4749770818,1325574.713971651,1066195.4678434385,500051.53476646217,88.5132687085541,0.6811061392221553,0,3.0,1.243,0.692,0.223,828351.76,1.0,68.2,HIGH,MODIFY
421858.96681008546,1433138.5513912598,577068.9792312537,19604.871098640775,41.02131584622353,0.703539956857045,3,1.0,2.483,1.752,1.718,0.0,0.125,41.7,MEDIUM,BLOCK
768008.3398584287,476149.64009739424,380919.71207791544,323222.6035832773,45.801281236112054,0.9526517166177728,0,4.0,1.25,0.0,0.0,996001.02,1.0,89.5,CRITICAL,BLOCK
1144761.768668046,1758123.6638974473,729504.3478458842,723338.0721661705,56.535691021201814,0.8936158926178106,3,3.0,2.41,0.841,0.0,839480.52,1.0,98.0,CRITICAL,BLOCK
695272.7878317138,1519191.9810922511,907235.6040203023,126585.19534535149,41.01430522188517,0.6189927953677575,0,4.0,1.675,0.908,0.769,209901.61,0.531,52.8,MEDIUM,MODIFY
793990.1405588645,1417053.973094736,1133643.1784757888,654589.2056841399,87.24228272639948,0.6495595827993309,0,2.0,1.25,0.55,0.0,1165168.55,1.0,75.4,HIGH,MODIFY
152470.698596807,850352.2491550108,680281.7993240086,785883.9553259292,90.90627267030821,0.8369371122557259,1,1.0,1.25,1.026,0.0,768284.2,1.0,77.0,HIGH,MODIFY
1046449.9527543437,1790841.7168845977,727271.7448607399,606522.5096464497,46.64781049808721,0.6826207132298856,2,2.0,2.462,1.024,0.19,589402.49,1.0,85.5,CRITICAL,BLOCK
545672.5874988539,1088968.2294945135,270529.5161627563,97876.31441345894,82.20267790416014,0.7703179664393462,0,1.0,4.025,2.008,1.646,0.0,0.014,22.6,LOW,ALLOW
682350.565688426,1902676.4345861983,1099264.3374239337,199124.2809990327,52.36432233692109,0.6804407622076875,2,2.0,1.731,1.11,0.929,78062.75,0.371,43.2,MEDIUM,BLOCK
866242.3518551164,1557902.5058309638,1308640.6120773267,574685.7602065605,97.91501873648832,0.8722419750936429,0,3.0,1.19,0.529,0.089,1191666.22,1.0,73.9,HIGH,MODIFY
801501.7127301509,386354.3337555652,309083.4670044522,72046.03407408623,89.12430031089049,0.8147384025503613,0,2.0,1.25,0.0,0.0,796276.88,1.0,76.5,HIGH,BLOCK
486210.9000352271,489887.2871918483,391909.8297534787,300315.7385001887,75.27565026882482,0.6015243214566571,0,3.0,1.25,0.009,0.0,688549.18,1.0,82.8,CRITICAL,MODIFY
773556.6576768358,1997495.7809206042,1040654.2682101314,702519.2810934108,48.34913540099631,0.879489383722304,0,2.0,1.919,1.176,0.501,519234.43,0.799,59.6,MEDIUM,MODIFY
1182082.198382532,1740940.0819170005,419934.62973493274,444970.5763163582,52.67546492197992,0.7998535968436762,0,3.0,4.146,1.331,0.271,306047.32,1.0,69.0,HIGH,MODIFY
935647.4559554211,1998576.1779954054,1410716.753855292,753118.4781393713,71.94844618087053,0.7859580079868187,0,3.0,1.417,0.753,0.22,1100906.51,1.0,73.2,HIGH,MODIFY
265647.5560737821,362501.06243048364,290000.8499443869,215082.37169957187,40.20629616310367,0.7787144830720578,0,1.0,1.25,0.334,0.0,408229.72,1.0,89.4,CRITICAL,MODIFY
699041.7208790812,1560190.0922479301,442851.52136088285,505647.26667522866,55.81701442327699,0.9259733067807686,0,2.0,3.523,1.945,0.803,87350.42,0.497,34.2,LOW,MODIFY
389912.8751731472,1238162.9058046495,942757.7938751145,4128.269872024948,72.45765195394625,0.871972950662916,0,3.0,1.313,0.9,0.895,98636.03,0.138,32.4,LOW,MODIFY
393470.5827823129,1178737.8520632496,313197.1609164044,360375.86347811745,93.7853225041049,0.765171794663308,0,1.0,3.764,2.507,1.357,0.0,0.231,18.7,LOW,ALLOW
1000965.7214122236,247299.31161819596,197839.44929455678,354834.961824893,47.36981038215646,0.8389261915363115,0,4.0,1.25,0.0,0.0,1306340.82,1.0,85.8,CRITICAL,BLOCK
149409.8965429385,1252038.1073645016,324576.13445839565,137517.87498979925,70.61195952757095,0.8950035875074005,3,2.0,3.857,3.397,2.973,0.0,0.001,25.6,LOW,BLOCK
676012.1943641212,1510652.8661578777,1311082.3562360322,37654.34329935875,50.36015206767978,0.8825811792525151,0,1.0,1.152,0.637,0.608,514096.03,0.089,48.0,MEDIUM,MODIFY
163956.3900540545,1996720.6646860605,933367.6965288756,141548.78631898935,46.786066556206336,0.8522294464284659,1,3.0,2.139,1.964,1.812,0.0,0.115,20.0,LOW,ALLOW
261779.62511086048,666605.388253968,533284.3106031744,583804.8169423153,68.90388632605885,0.903633353535887,0,1.0,1.25,0.759,0.0,712263.36,1.0,80.6,CRITICAL,MODIFY
1014288.1388942107,1210576.6137248725,968461.2909798981,670019.8379970375,73.75838146784758,0.9079693104516315,1,2.0,1.25,0.203,0.0,1442192.65,1.0,85.1,CRITICAL,MODIFY
1114754.005610158,1656775.5053233455,1051069.546776805,135070.41592127003,86.60259428622516,0.6904925419353058,1,3.0,1.576,0.516,0.387,644118.46,0.913,69.0,HIGH,MODIFY
928912.8041687807,257796.50824210333,206237.20659368267,83292.26071070987,46.2422677683182,0.7353920617639793,2,3.0,1.25,0.0,0.0,960645.76,1.0,96.5,CRITICAL,BLOCK
678829.8959097045,1111251.9943577633,889001.5954862107,468426.2834142353,88.4885081274684,0.6630438289985797,0,3.0,1.25,0.486,0.0,925005.78,1.0,75.8,HIGH,MODIFY
1033536.0111830266,1605310.196699322,339391.36506808805,333317.8157590935,62.60812198205734,0.6177191460013316,3,4.0,4.73,1.685,0.703,100935.0,0.597,60.3,HIGH,BLOCK
937313.4305777166,705186.2079872813,297949.25889954553,87984.07538700302,98.55201378747626,0.9502440051313744,0,3.0,2.367,0.0,0.0,618060.56,1.0,77.6,HIGH,BLOCK
839302.7695213128,1079027.2745980876,786164.7059758981,490934.4772884739,87.30310592143874,0.9031196514393558,1,2.0,1.373,0.305,0.0,1037374.68,1.0,81.7,CRITICAL,MODIFY
252475.73003319747,1111051.590015826,853536.565087233,608058.7162331226,81.22029218065168,0.9844688525803762,2,4.0,1.302,1.006,0.294,603019.42,1.0,74.4,HIGH,BLOCK
381566.2258389362,1331674.375254133,250450.80633859348,751637.2203514754,78.77276517274157,0.6718115994757909,1,3.0,5.317,3.794,0.792,51979.88,0.508,33.0,LOW,MODIFY
702015.397469725,1645756.5581264012,260323.56965030375,351453.5228699482,91.30276085172889,0.7937060801694475,0,1.0,6.322,3.625,2.275,0.0,0.38,18.5,LOW,ALLOW
446139.8132480792,1540226.793720811,213564.93617179364,175157.2275257872,88.07127437847552,0.9520669918972193,0,1.0,7.212,5.123,4.303,0.0,0.094,11.1,LOW,ALLOW
761288.5771179334,219808.8237926164,175847.05903409314,298282.3987038962,71.45175055991969,0.8814265611250967,0,4.0,1.25,0.0,0.0,1015609.21,1.0,80.6,CRITICAL,BLOCK
333785.69076495717,398397.5154918898,318718.01239351183,176997.84363490573,67.51043553152527,0.7463993546580302,0,3.0,1.25,0.203,0.0,431104.03,1.0,85.9,CRITICAL,MODIFY
315579.7296085786,1317209.6420123817,606306.6138025875,567576.3123897272,46.76596508036346,0.6576991746040514,1,3.0,2.173,1.652,0.716,172253.01,0.584,44.7,MEDIUM,MODIFY
788486.1257976781,1056551.10008657,464248.20893843647,338437.8034202552,72.37430127023947,0.708652847014227,0,4.0,2.276,0.577,0.0,534621.04,1.0,78.8,HIGH,MODIFY
15712.069180222941,1803050.1679385959,1264798.2895013443,327887.21470842656,72.75859068120256,0.6706554558630595,1,2.0,1.426,1.413,1.154,0.0,0.024,13.5,LOW,ALLOW
383943.2259317346,1855445.5580070917,1261095.9521752207,532821.4914431631,75.86342766804364,0.8559704146193432,0,4.0,1.471,1.167,0.744,322415.11,0.556,34.0,LOW,MODIFY
545658.0753010226,1745684.063332774,237829.42695652813,90231.64121124073,56.814922366129856,0.6929906914850718,0,1.0,7.34,5.046,4.666,0.0,0.134,21.8,LOW,ALLOW
1146934.5227437546,1284409.483407961,496364.2099550497,163937.21716773068,97.50549880957843,0.7106155559468056,0,1.0,2.588,0.277,0.0,522826.47,1.0,76.0,HIGH,MODIFY
397787.51102735027,1920715.913253526,712138.8598669517,490579.7692592988,45.509800751282306,0.8089555900811595,0,2.0,2.697,2.139,1.45,0.0,0.013,20.3,LOW,ALLOW
352794.88698004285,503200.78805716743,402560.63044573396,609801.62570182,89.32244698926016,0.6926850709763916,0,3.0,1.25,0.374,0.0,861956.36,1.0,77.9,HIGH,MODIFY
623911.8610862091,1903475.2024348336,525420.3537686334,48146.63753217294,66.39754361290686,0.6223807057316413,0,4.0,3.623,2.435,2.344,0.0,0.055,17.7,LOW,ALLOW
400510.9461100133,1709968.9710576844,879415.9931418347,579458.5555719731,57.068896876081354,0.7058983640224337,0,2.0,1.944,1.489,0.83,149416.52,0.47,31.1,LOW,MODIFY
527200.8627534434,855776.1234185315,684620.8987348252,586338.9415551003,59.60364153317384,0.9449108362960291,3,3.0,1.25,0.48,0.0,942384.58,1.0,98.0,CRITICAL,BLOCK
621622.376674229,1983022.3466350387,848233.8666186653,99369.01931301039,67.66871820416915,0.9597712943774415,0,4.0,2.338,1.605,1.488,0.0,0.149,25.5,LOW,ALLOW
562577.812577648,516505.72051157395,259248.4478473683,502542.76284855115,52.85846500359343,0.7913064254427027,1,1.0,1.992,0.0,0.0,807863.3,1.0,91.6,CRITICAL,BLOCK
399202.3417289993,649244.5955922764,519395.67647382116,734198.3707611905,72.11202683839491,0.6330951101501369,1,1.0,1.25,0.481,0.0,1003551.79,1.0,84.9,CRITICAL,MODIFY
1023032.754238623,953523.4539009742,762818.7631207794,436414.84397335607,66.54082605132263,0.7961173908804904,0,2.0,1.25,0.0,0.0,1268742.91,1.0,81.8,CRITICAL,BLOCK
33125.90794792108,1609741.6822599194,1225230.4681478436,203168.38544499144,78.84874383080104,0.6541871802042842,3,4.0,1.314,1.287,1.121,0.0,0.132,25.1,LOW,BLOCK
426574.4471447555,809496.1945855722,552649.9471112485,241062.8485526179,98.09852454055905,0.8215893863080943,3,3.0,1.465,0.693,0.257,410791.05,1.0,79.2,HIGH,BLOCK
742181.677976452,657679.1855139092,526143.3484111273,776246.0580173659,43.93633940961405,0.9236599515908148,1,1.0,1.25,0.0,0.0,1386891.9,1.0,95.6,CRITICAL,BLOCK
777400.0526803172,238643.39442933435,190914.7155434675,249008.988475844,73.71642950135424,0.6662852850792896,1,3.0,1.25,0.0,0.0,978680.36,1.0,85.4,CRITICAL,BLOCK
933421.1329485574,1685145.8184945295,766615.4224614077,649941.8898843803,52.808422631436684,0.8270060041599042,2,1.0,2.198,0.981,0.133,664832.63,1.0,87.2,CRITICAL,BLOCK
844868.1911123858,1537464.0444231855,806189.6550017835,677479.9958274378,78.01158962065641,0.6708770312778743,3,2.0,1.907,0.859,0.019,791073.8,1.0,91.5,CRITICAL,BLOCK
1083628.5609239922,1088895.1988242487,695915.7768148214,626876.9237841109,43.87635291401736,0.9892071700176248,0,1.0,1.565,0.008,0.0,1317526.06,1.0,90.8,CRITICAL,MODIFY
60718.51912120861,620811.4831448293,452046.70534916496,637944.1536899694,64.86907074869306,0.7995145604687628,1,2.0,1.373,1.239,0.0,529897.9,1.0,74.1,HIGH,MODIFY
213874.80792043696,1575231.2958059479,714906.4452232573,685235.714362862,75.82768332304164,0.6892840246831534,0,4.0,2.203,1.904,0.946,38785.67,0.354,15.8,LOW,MODIFY
610872.6019421924,1746488.9016001166,613470.7343078419,670295.9590991174,52.03690317648089,0.9092566094416936,0,2.0,2.847,1.851,0.759,148150.39,0.541,34.3,LOW,MODIFY
1105303.901850128,1887960.1213766974,1263852.401902783,705775.7675972097,44.851729084696345,0.9850441237176576,3,2.0,1.494,0.619,0.061,1186971.95,1.0,98.0,CRITICAL,BLOCK
1089453.3709315413,1726074.9804877597,1018918.1156268035,41225.52970690361,59.13343126976617,0.9578372105716515,0,3.0,1.694,0.625,0.584,423522.04,0.449,55.9,MEDIUM,MODIFY
549265.5731866567,1521589.9926123328,173049.11840070502,435634.3205219156,85.49065885959394,0.880181977082635,0,2.0,8.793,5.619,3.101,0.0,0.234,16.3,LOW,ALLOW
1021658.7191336975,1454729.5921501361,446893.47436321835,142164.26581694375,89.58265064183792,0.8879753729452464,2,3.0,3.255,0.969,0.651,155986.87,0.649,51.9,MEDIUM,BLOCK
1120588.2308613441,1116299.9619957204,882950.7008969873,189438.7318954025,62.343146011037014,0.8194577758666979,0,2.0,1.264,0.0,0.0,1076677.7,1.0,84.8,CRITICAL,BLOCK
85124.81711854033,1912230.8994654464,780201.7794158936,307198.507750668,78.31840462297147,0.6816032812764949,0,2.0,2.451,2.342,1.948,0.0,0.024,7.4,LOW,ALLOW
195571.38722030204,1039432.6091231656,279130.66663637984,794715.2261953371,89.07726623375858,0.9212186916931464,1,3.0,3.724,3.023,0.176,229984.67,1.0,56.0,MEDIUM,MODIFY
1078262.7580260835,1662442.9738675684,1058803.057806748,758336.6203617696,84.45188054958703,0.6391678068010035,0,2.0,1.57,0.552,0.0,1232959.46,1.0,73.9,HIGH,MODIFY
96140.59131994564,340314.88928564626,272251.911428517,721230.5742747365,55.7030226188395,0.8719640855980122,0,3.0,1.25,0.897,0.0,749308.19,1.0,87.5,CRITICAL,MODIFY
1001610.2460986592,818881.0822586389,704817.8762888538,81934.41918795239,47.2476193624594,0.6531713389370566,0,3.0,1.162,0.0,0.0,969481.46,1.0,89.4,CRITICAL,BLOCK
1162080.6353449267,683102.2159744368,546481.7727795495,272628.22616474144,60.326066045388096,0.9364641634074756,0,2.0,1.25,0.0,0.0,1298088.42,1.0,87.8,CRITICAL,BLOCK
281310.2294934999,924353.5979420029,669827.5295645256,173764.44734375936,83.08169898662166,0.887025084881313,1,3.0,1.38,0.96,0.701,200548.61,0.599,49.6,MEDIUM,MODIFY
88613.15512482623,1538659.756539252,1230927.8052314015,253385.6995909531,96.55574273564386,0.8393070430536552,0,1.0,1.25,1.178,0.972,34266.9,0.328,12.7,LOW,ALLOW
570680.0427322607,1505783.3291589182,719258.2662849767,504443.25361647556,47.41529539078891,0.8474060487819292,1,1.0,2.094,1.3,0.599,288598.23,0.701,56.6,MEDIUM,MODIFY
1037075.3634619074,1856314.3951223725,1277182.5472718372,196469.67098212257,42.36655945770286,0.6156474345095113,1,1.0,1.453,0.641,0.488,654413.19,0.812,73.2,HIGH,MODIFY
65714.12682901695,796780.2430293802,637424.1944235042,468321.26581912854,88.85505977151398,0.9504080286090351,0,4.0,1.25,1.147,0.412,374679.34,0.888,45.2,MEDIUM,MODIFY
436397.483278557,560425.1026135306,448340.0820908245,377741.34090927214,77.3412609451511,0.6528280576255635,1,2.0,1.25,0.277,0.0,702053.8,1.0,85.0,CRITICAL,MODIFY
657827.9383598301,753504.1964213962,602803.357137117,742980.1763428501,69.01125913563519,0.9889672856747596,0,4.0,1.25,0.159,0.0,1250107.28,1.0,81.8,CRITICAL,MODIFY
690416.0174689018,918037.523076105,571022.5726515559,770078.8593061108,96.34326976304887,0.8161103133936174,0,4.0,1.608,0.399,0.0,1113479.93,1.0,74.9,HIGH,MODIFY
417573.7218830085,1772381.2608504905,1191128.6346528851,189166.26131039625,66.76105875847125,0.8269666307741679,0,1.0,1.488,1.137,0.979,25487.36,0.321,27.4,LOW,MODIFY
969609.0010846738,1508724.4310729916,508242.320393803,435305.265669231,95.96309002572356,0.8176264156525761,0,2.0,2.969,1.061,0.204,404432.16,1.0,63.9,HIGH,MODIFY
354593.8837627937,687843.8319402735,550275.0655522188,363279.1446985733,87.45560385578477,0.9106484708026765,0,3.0,1.25,0.606,0.0,580304.26,1.0,79.8,HIGH,MODIFY
379363.29058143374,1314700.5559795424,1051760.444783634,776512.1777568471,44.742182063156505,0.7023656161805861,0,3.0,1.25,0.889,0.151,892935.36,1.0,83.2,CRITICAL,MODIFY
461526.54256151326,1255565.052982355,496577.62258413766,44364.55654888718,43.78872360248589,0.6791626688676103,0,3.0,2.528,1.599,1.51,0.0,0.035,28.8,LOW,ALLOW
147163.06716779535,1614379.511080113,1045219.7308492104,612887.425019179,52.48214119127533,0.8344210907602503,0,3.0,1.545,1.404,0.817,190890.71,0.483,31.6,LOW,MODIFY
1008248.6279827794,1704736.2385272838,746012.2487192504,8395.76020300914,64.38218681398311,0.7827528031330259,0,2.0,2.285,0.934,0.922,57920.4,0.009,29.1,LOW,MODIFY
737727.1848032231,1210946.733113397,475615.80428082094,579864.3184534138,55.06429148927095,0.8181299845434953,0,4.0,2.546,0.995,0.0,582260.57,1.0,80.2,CRITICAL,MODIFY
941965.5049761606,1278873.7711085496,1023099.0168868396,465756.1060896653,51.227893817359956,0.9637243299312779,0,1.0,1.25,0.329,0.0,1151946.86,1.0,87.3,CRITICAL,MODIFY
25654.89535384158,1790036.6369834638,1126529.7597841974,188984.1414833489,69.52139118239282,0.8075660831409656,2,3.0,1.589,1.566,1.398,0.0,0.002,13.4,LOW,BLOCK
325495.2148591463,822294.2186077103,657835.3748861683,106489.85779646835,97.18190611624254,0.7301308150154284,1,4.0,1.25,0.755,0.593,267526.23,0.707,51.9,MEDIUM,MODIFY
1111903.4006658772,1889048.0598152503,1167277.0349689806,539931.7351701261,91.65716996948225,0.6690891008884233,0,1.0,1.618,0.666,0.203,930064.11,1.0,72.2,HIGH,MODIFY
992452.7643156649,1769141.7116871567,702871.8741422319,280725.70015957014,81.858207932911,0.9350474371368709,0,4.0,2.517,1.105,0.706,206908.63,0.594,38.8,MEDIUM,MODIFY
902014.61339586,325441.32719110884,260353.0617528871,195289.63890131487,55.43497219655881,0.7264878008568891,0,1.0,1.25,0.0,0.0,1032215.99,1.0,82.1,CRITICAL,BLOCK
1169193.2731659603,451627.8321453304,361302.2657162643,639814.1713216056,78.17570034152737,0.7960864403530914,0,2.0,1.25,0.0,0.0,1718681.88,1.0,78.5,HIGH,BLOCK
38322.949310141674,1136721.2601880922,909377.0081504738,452703.3966863283,48.96849409170184,0.9597285115888701,0,1.0,1.25,1.208,0.71,263682.09,0.59,32.4,LOW,ALLOW
941262.0520936378,1099654.564023782,700171.9395522458,350934.3328811404,88.38650401774532,0.9572453755050214,0,2.0,1.571,0.226,0.0,892713.76,1.0,78.7,HIGH,MODIFY
543556.2799463576,496341.85642502585,397073.4851400207,48292.09258364715,94.88628658715645,0.8598309061138871,0,4.0,1.25,0.0,0.0,492580.0,0.346,59.2,MEDIUM,BLOCK
444763.2881419367,1244606.466483212,702834.6516202238,663309.8280292208,60.652251458780725,0.6071066069974141,0,1.0,1.771,1.138,0.194,566301.3,1.0,68.0,HIGH,MODIFY
412338.7285610997,540024.9786170883,309522.7935792698,201986.04872567128,98.75651964331959,0.768344108568545,0,4.0,1.745,0.413,0.0,383822.59,1.0,75.8,HIGH,MODIFY
1099698.9937667989,967142.9384948784,773714.3507959028,238753.88676208438,41.34935847238654,0.8456355784361002,0,2.0,1.25,0.0,0.0,1145024.29,1.0,90.5,CRITICAL,BLOCK
391118.01271899627,1801530.4516983496,618455.8716134836,181678.8683100051,45.948692570643914,0.9160830209251403,2,3.0,2.913,2.281,1.987,0.0,0.132,27.5,LOW,BLOCK
429643.5449326602,713254.452029055,570603.561623244,418285.22572753514,52.30463091216093,0.7528076057953756,0,2.0,1.25,0.497,0.0,705277.88,1.0,89.2,CRITICAL,MODIFY
954048.0315484618,1929535.364459348,932959.4742670954,661083.3616976478,77.4217605970727,0.8180286395924654,1,4.0,2.068,1.046,0.337,618555.5,0.963,69.9,HIGH,MODIFY
485900.5517705567,1151158.7115091733,282242.14160473587,542725.654485917,95.49527463584161,0.9468081690822371,1,3.0,4.079,2.357,0.434,159709.64,0.866,48.4,MEDIUM,MODIFY
795688.2374842438,552202.6498435446,441762.1198748357,597443.3421838935,65.0895914293072,0.969938569063608,1,1.0,1.25,0.0,0.0,1282691.05,1.0,87.6,CRITICAL,BLOCK
31255.038812745726,1945604.656788708,1031021.5182675129,510387.07591215544,69.29948843881633,0.7016729303086202,0,1.0,1.887,1.857,1.362,0.0,0.007,10.1,LOW,ALLOW
966641.2770441909,529769.3190701185,423815.4552560948,3727.4532707709086,95.72554938577349,0.8223484868509179,3,4.0,1.25,0.0,0.0,864414.87,0.342,79.3,HIGH,BLOCK
449639.46191207255,284869.5045402826,227895.6036322261,80239.11677807147,60.53626239721023,0.8330524926606123,1,3.0,1.25,0.0,0.0,472904.68,1.0,90.2,CRITICAL,BLOCK
134652.05456002694,708649.3115080108,209461.2275527714,245838.85371348256,97.10210865112245,0.7015082055514718,0,4.0,3.383,2.74,1.567,0.0,0.073,10.6,LOW,ALLOW
1130026.9786767096,1614579.855945295,586412.9386281586,487900.6182478886,88.97521343436257,0.6521823474816857,0,2.0,2.753,0.826,0.0,589760.68,1.0,74.1,HIGH,MODIFY
670062.7645325909,260967.20942404622,208773.767539237,225561.6287845319,40.81371103361999,0.8725200811497746,1,2.0,1.25,0.0,0.0,843430.95,1.0,90.6,CRITICAL,BLOCK
378740.80568870023,1444853.4232373594,1155882.7385898875,619576.6427584032,75.18586369531978,0.7188595071432385,2,2.0,1.25,0.922,0.386,709346.76,0.914,74.7,HIGH,BLOCK
987484.9742030017,1900274.7848616326,663070.637821771,365379.3053517544,46.045412991732945,0.7310891696392333,1,3.0,2.866,1.377,0.826,115660.13,0.474,46.7,MEDIUM,MODIFY
823804.5534305235,818359.3205300553,715865.973219779,81063.51123995612,57.496085144256355,0.7548570292185626,0,1.0,1.143,0.0,0.0,802374.72,1.0,83.3,CRITICAL,BLOCK
452116.4664535336,1132261.561336347,943333.6954166333,703118.8496247471,58.33196947858594,0.9531657375599735,0,4.0,1.2,0.721,0.0,966307.45,1.0,83.9,CRITICAL,MODIFY
334728.06991038995,766112.9409982628,612890.3527986103,591692.7945853467,50.22399053837488,0.6342434891605869,0,1.0,1.25,0.704,0.0,773198.28,1.0,89.8,CRITICAL,MODIFY
328842.1057926002,565603.283409235,308251.1310255411,533558.1289120982,43.989541977060924,0.629859654685544,0,2.0,1.835,0.768,0.0,605048.08,1.0,88.8,CRITICAL,MODIFY
1194346.8219253796,664771.0819578464,531816.8655662772,549235.5136577766,73.55117044400697,0.6376250253444649,0,3.0,1.25,0.0,0.0,1610628.12,1.0,83.2,CRITICAL,BLOCK
90608.66963600717,1101168.2771272194,401232.27981889935,206042.32741661833,87.41632657434437,0.8102195823945412,0,4.0,2.744,2.519,2.005,0.0,0.112,7.3,LOW,ALLOW
558997.8883095478,1096493.253691195,939296.9779193107,515006.6720632888,61.41908195218635,0.7049978369145027,0,3.0,1.167,0.572,0.024,916808.28,1.0,82.2,CRITICAL,MODIFY
82299.19371992088,1418330.8732305616,1066574.9063599529,137789.61531025785,76.84683006851597,0.6421476915882766,0,3.0,1.33,1.253,1.123,0.0,0.06,12.3,LOW,ALLOW
932373.5459284395,1859323.6338468362,152027.2016757587,139404.5446617091,67.08764519392231,0.6513012533310247,1,2.0,12.23,6.097,5.18,0.0,0.105,29.1,LOW,ALLOW
1056491.9882877944,987814.0327143193,184377.74059805268,753604.3327587217,54.20897825268711,0.9228308063734766,0,3.0,5.358,0.0,0.0,1006660.03,1.0,85.2,CRITICAL,BLOCK
65689.5873191657,1902779.8924432716,1330077.4343362232,137911.47213922156,92.7207809731002,0.607940855461357,0,3.0,1.431,1.381,1.278,0.0,0.058,6.3,LOW,ALLOW
341417.78180220973,1921474.7790183923,902118.2832066995,746692.1384521002,49.06449568713752,0.8018379768584988,0,2.0,2.13,1.751,0.924,68753.42,0.376,25.8,LOW,MODIFY
745358.9650779983,1833741.7683875717,1376061.2262226467,236862.35015864598,80.39442754274067,0.8646231111426038,0,4.0,1.333,0.791,0.619,524540.77,0.681,52.3,MEDIUM,MODIFY
288979.81186108396,1020249.293649846,260626.33966944634,392441.5328084296,75.73000309495283,0.7563110890883302,0,4.0,3.915,2.806,1.3,0.0,0.206,22.5,LOW,ALLOW
184398.33882108823,432501.2970598693,346001.03764789546,766402.916210894,40.9605338038028,0.8659540406482613,0,4.0,1.25,0.717,0.0,864301.0,1.0,90.0,CRITICAL,MODIFY
175314.62136492532,1067100.18154492,853680.145235936,214477.18394955172,58.529685491771204,0.7222709000035148,0,2.0,1.25,1.045,0.793,176371.77,0.507,36.5,MEDIUM,MODIFY
253709.86413864934,386289.6004147741,309031.6803318193,761079.1583076008,88.35611104708337,0.9195190489638692,1,2.0,1.25,0.429,0.0,937531.1,1.0,83.8,CRITICAL,MODIFY
372914.28005891375,499553.84351904225,343910.91990789515,110549.23098041209,44.2128330321476,0.9000242155310624,0,1.0,1.453,0.368,0.047,327820.59,1.0,87.4,CRITICAL,MODIFY
312606.40957472293,1881416.088042381,1051109.8184436245,434622.93496195984,78.24324757678207,0.7057001736861319,2,2.0,1.79,1.493,1.079,0.0,0.149,26.3,LOW,BLOCK
1127929.3205996722,544797.2329588768,388214.1525138287,240877.00501067983,84.50481857813608,0.9847319801459034,0,4.0,1.403,0.0,0.0,1212223.25,1.0,76.0,HIGH,BLOCK
244200.38986639073,368848.46075589524,295078.7686047162,749348.9200818643,93.51350148427991,0.6935560477587364,0,3.0,1.25,0.422,0.0,919779.62,1.0,78.9,HIGH,MODIFY
420240.2197405169,521431.8927022556,417145.51416180446,285746.88330535445,57.813291789471805,0.7741735955415545,0,1.0,1.25,0.243,0.0,601700.72,1.0,89.5,CRITICAL,MODIFY
929003.2988977161,1983666.3863536597,1232888.0336548768,132239.9014745537,50.331240011752094,0.7338620967357822,0,4.0,1.609,0.855,0.748,310464.85,0.552,50.7,MEDIUM,MODIFY
444041.59777480614,655518.6653673528,524414.9322938822,41765.847949139,52.50940115164308,0.9815403390735348,1,2.0,1.25,0.403,0.324,354703.71,0.244,68.6,HIGH,MODIFY
770480.8209954327,1607290.503318048,482805.5475105216,363697.07278914156,54.346685382281166,0.7695367640346247,0,4.0,3.329,1.733,0.98,9692.94,0.32,26.2,LOW,MODIFY
875359.8159028845,1828665.201930305,1439208.960729812,729365.4962475994,58.71361186802854,0.9277890893176535,0,3.0,1.271,0.662,0.156,1215269.07,1.0,79.7,HIGH,MODIFY
645657.689204862,1939691.4025179548,398868.9201546536,744199.4785790122,84.1422388176246,0.9566643817327418,0,1.0,4.863,3.244,1.378,0.0,0.298,22.8,LOW,ALLOW
134656.15237366,1696803.4880257824,662751.2095777956,489536.2804458683,67.33673683857627,0.887957898867133,0,2.0,2.56,2.357,1.618,0.0,0.111,16.6,LOW,ALLOW
653744.7486282485,1337572.1359362192,358905.3271548156,703436.8966485851,87.05665166831255,0.7377378869930382,0,2.0,3.727,1.905,0.0,378514.84,1.0,67.9,HIGH,MODIFY
302083.4302795582,408515.1818851938,326812.14550815505,778818.5027039788,48.92243902539954,0.6307594547838251,1,1.0,1.25,0.326,0.0,999198.9,1.0,90.1,CRITICAL,MODIFY
475831.58069148695,1348510.6661483445,599474.0123769259,367699.1276293905,57.36286792393841,0.6966404000197761,0,4.0,2.249,1.456,0.842,94494.05,0.458,32.8,LOW,MODIFY
949515.6779925288,734771.474218065,587817.1793744521,632153.2398944619,73.25558807907639,0.6165579966928145,1,1.0,1.25,0.0,0.0,1434714.62,1.0,88.0,CRITICAL,BLOCK
888873.6904925939,1084995.327404581,867996.2619236648,412196.1119908901,53.86748758011089,0.9159368082480381,3,2.0,1.25,0.226,0.0,1084070.74,1.0,98.0,CRITICAL,BLOCK
676470.6771458695,203486.88483920257,162789.50787136206,179484.69700004993,47.11887487024039,0.8080420261407514,1,1.0,1.25,0.0,0.0,815258.0,1.0,96.5,CRITICAL,BLOCK
972645.5006242382,1622014.3708015427,174640.47178620467,493622.4080645144,51.453046018120645,0.903145921585438,0,1.0,9.288,3.718,0.892,18894.01,0.408,30.8,LOW,MODIFY
306651.8640877065,570434.7386194437,456347.790895555,588525.4396202932,46.45060668818244,0.9633613946838004,0,1.0,1.25,0.578,0.0,781090.36,1.0,89.8,CRITICAL,MODIFY
1169377.1865307817,1818720.2418353253,996379.8676320286,586115.1668158731,46.39132330937796,0.8404128880875942,0,3.0,1.825,0.652,0.063,933151.98,1.0,86.0,CRITICAL,MODIFY
1050962.2906292109,519346.1340357281,415476.90722858254,384781.08957518876,42.30064843367204,0.8302702831914095,2,2.0,1.25,0.0,0.0,1331874.15,1.0,98.0,CRITICAL,BLOCK
260690.61592464242,1235081.0864493821,878327.8680201018,462362.8204711851,77.11538842544421,0.7636243268074282,0,4.0,1.406,1.109,0.583,366300.22,0.717,46.9,MEDIUM,MODIFY
924371.8132739485,1839164.0614996732,1375526.968050146,434274.4115804654,90.24450867520929,0.8257320584080108,2,3.0,1.337,0.665,0.349,895009.13,0.951,74.5,HIGH,BLOCK
738669.7791463403,1041847.4776168086,662760.0401118386,430237.0533334196,64.01046208260496,0.9405904053860529,0,3.0,1.572,0.457,0.0,789819.39,1.0,84.3,CRITICAL,MODIFY
418227.5288003733,831910.7290159261,207075.54141296097,535121.3584332331,65.98073495115217,0.9790328939882043,0,4.0,4.017,1.998,0.0,328513.7,1.0,68.4,HIGH,MODIFY
635260.1721007474,1985402.5535835754,1158305.9073442654,108457.25141443765,69.6865188090805,0.6684119200197425,0,2.0,1.714,1.166,1.072,0.0,0.024,29.2,LOW,ALLOW
198295.76593950644,1444332.7384545328,1272387.5187534695,549796.7800130964,89.71297770894554,0.6655324079840603,1,2.0,1.135,0.979,0.547,576147.33,0.753,57.4,MEDIUM,MODIFY
1150202.3637126575,322018.9818056416,257615.1854445133,187086.41852223728,49.3625074227075,0.7801849371288673,1,4.0,1.25,0.0,0.0,1272884.99,1.0,90.4,CRITICAL,BLOCK
843486.4406837642,397279.0835520555,317823.2668416444,325913.7035999682,60.79975333908803,0.8739575889013159,0,4.0,1.25,0.0,0.0,1089944.33,1.0,86.9,CRITICAL,BLOCK
913869.8591640644,1831533.3142329892,536691.2630230486,48737.48191448923,62.47813552432669,0.8099127262874258,0,4.0,3.413,1.71,1.619,0.0,0.117,28.9,LOW,ALLOW
1172767.6843602555,968779.1157593084,541888.7791891654,630908.9133637412,76.2406562374816,0.8203158163756921,1,4.0,1.788,0.0,0.0,1376786.26,1.0,87.4,CRITICAL,BLOCK
994097.8559886685,234996.1667220862,187996.93337766896,1618.4205655878968,94.26010275915019,0.8120513196653276,0,1.0,1.25,0.0,0.0,948717.04,0.207,60.4,HIGH,BLOCK
149126.396927782,1172770.0905920588,938216.0724736471,669043.4129143637,89.07436773809943,0.6610264580373072,0,4.0,1.25,1.091,0.378,583615.79,0.922,51.2,MEDIUM,MODIFY
66722.15862016342,1171989.5710975146,937591.6568780118,729243.1305850894,50.972223160753245,0.6220545790785608,0,2.0,1.25,1.179,0.401,561567.37,0.899,49.1,MEDIUM,MODIFY
317252.1153216874,489614.08625940065,391691.2690075205,232878.95246530458,61.780007359685996,0.857326398570049,0,3.0,1.25,0.44,0.0,452208.25,1.0,87.3,CRITICAL,MODIFY
1005328.8424602601,1844562.9096755334,1107161.6318792142,232132.9908531327,87.02665392190679,0.9184144093390176,1,4.0,1.666,0.758,0.548,500060.56,0.752,58.0,MEDIUM,MODIFY
686456.8856890806,905484.9356748027,673105.7066964383,462285.7793909049,55.39009715180387,0.9382485647666388,0,4.0,1.345,0.325,0.0,916363.44,1.0,83.7,CRITICAL,MODIFY
206707.5209124029,1296698.2823058264,868032.81696567,362115.11716744624,45.03868125758511,0.8187118060965525,0,2.0,1.494,1.256,0.839,140157.17,0.461,36.4,MEDIUM,MODIFY
680829.9599186106,1132021.6174959687,905617.293996775,480086.50583020935,50.43046685694052,0.9832775527232427,0,1.0,1.25,0.498,0.0,934512.14,1.0,82.6,CRITICAL,MODIFY
142865.07848467614,1935151.3436913488,1213532.1870428442,347461.6913691527,44.42286864655127,0.66746379050929,2,2.0,1.595,1.477,1.191,0.0,0.026,26.5,LOW,BLOCK
387136.15707275533,383899.781809033,307119.8254472264,104426.26951330043,97.08958474988654,0.7979191098171557,0,2.0,1.25,0.0,0.0,414782.47,1.0,75.7,HIGH,BLOCK
605054.9017073825,1173998.7561887158,939199.0049509727,22449.93879752011,92.78080068423847,0.9381179557400461,0,2.0,1.25,0.606,0.582,392705.09,0.009,35.6,MEDIUM,MODIFY
196409.07053198392,1212522.7314566304,243916.8768387536,609536.0258205731,46.94441586029102,0.7137357914281961,2,4.0,4.971,4.166,1.667,0.0,0.398,37.4,MEDIUM,BLOCK
239369.47573804605,1039680.9616947907,428408.6490802983,78018.14371463163,49.99993588185043,0.8908380211437592,0,2.0,2.427,1.868,1.686,0.0,0.131,23.1,LOW,ALLOW
821841.4820484422,1076346.4625818026,861077.1700654421,756567.2922279021,55.214296596470085,0.6438096615537923,1,1.0,1.25,0.296,0.0,1363139.48,1.0,94.0,CRITICAL,MODIFY
1199001.9414943038,1090400.3949020095,979846.6843253743,79734.42409404044,57.14358630013467,0.7272724393504184,0,1.0,1.113,0.0,0.0,1168182.66,1.0,87.3,CRITICAL,BLOCK
426826.88271394727,1985404.2181284805,1161570.8401489002,631481.4002087084,59.822675305455775,0.9535756747595354,0,3.0,1.709,1.342,0.798,234474.9,0.502,35.8,MEDIUM,MODIFY
969724.5226569577,1556827.3039915154,618429.9540196668,465569.80518982967,52.63222227205765,0.6983509276155963,2,1.0,2.517,0.949,0.197,496896.98,1.0,82.7,CRITICAL,BLOCK
852320.7801476355,1756208.0704738905,890877.931276489,779687.3426936344,76.41454053637983,0.6641906819811808,1,3.0,1.971,1.015,0.139,766677.98,1.0,75.4,HIGH,MODIFY
1091987.737178018,1472311.4429234532,213874.02619291926,269061.2233698179,54.66124965079217,0.8799695975824219,0,2.0,6.884,1.778,0.52,102611.54,0.78,57.7,MEDIUM,MODIFY
1057497.7678781662,1054833.9493851042,653305.1786069244,541959.4036280934,73.6358824501886,0.7426337622285891,0,1.0,1.615,0.0,0.0,1197928.4,1.0,82.2,CRITICAL,BLOCK
568602.7078364728,794522.8297446491,635618.2637957194,352246.39265841636,54.025441896210026,0.7463134391030293,0,2.0,1.25,0.355,0.0,761944.53,1.0,91.9,CRITICAL,MODIFY
249857.97186742295,774813.899465552,258663.06386591558,3581.0852090246926,65.14654927462395,0.7576929039833077,0,3.0,2.995,2.029,2.016,0.0,0.002,22.4,LOW,ALLOW
565426.5523485923,1926830.786982282,769630.5679652363,108980.63880102668,76.41929485505729,0.8823559117572881,0,3.0,2.504,1.769,1.627,0.0,0.08,17.1,LOW,ALLOW
371411.088246819,1341952.8439798153,1188882.6808361518,20302.937500660344,82.35211220201919,0.8320868530954183,2,3.0,1.129,0.816,0.799,238643.86,0.057,43.8,MEDIUM,BLOCK
332833.115227914,741354.3502069594,593083.4801655676,143682.34758302502,47.4801057109746,0.6873291434083737,0,4.0,1.25,0.689,0.447,328244.59,0.853,71.1,HIGH,MODIFY
799176.3146985242,841720.0075444753,236454.93321650225,618617.7808050158,91.81066365818664,0.9868557584979646,0,2.0,3.56,0.18,0.0,812529.02,1.0,76.7,HIGH,MODIFY
651273.4328306565,1172582.4499389664,212353.21590796113,313331.1567520473,41.962910950182646,0.602329147963484,2,3.0,5.522,2.455,0.979,4375.36,0.321,37.4,MEDIUM,BLOCK
237838.66677923492,388834.70949885814,311067.7675990865,350027.70519554545,64.90330961217732,0.9391366072410183,2,1.0,1.25,0.485,0.0,510099.43,1.0,94.6,CRITICAL,BLOCK
777561.8586757777,787885.8664235374,421325.47384341835,604400.0737934242,54.805957074199235,0.8660466779824283,3,1.0,1.87,0.025,0.0,1015401.54,1.0,98.0,CRITICAL,BLOCK
734335.6273355724,290258.0033959641,232206.4027167713,389071.6753015605,98.8226560336766,0.7971976555704452,0,4.0,1.25,0.0,0.0,1065355.7,1.0,76.2,HIGH,BLOCK
1008570.0107125291,1989716.2971643594,1409732.2891689187,340683.9055498201,64.7358049704365,0.8476275148006298,0,3.0,1.411,0.696,0.454,769269.91,0.846,61.4,HIGH,MODIFY
668888.747170641,1923759.5196921113,1360076.9660246288,228665.16497092677,57.86198165719691,0.7851610975393276,1,1.0,1.414,0.923,0.755,333871.36,0.545,53.6,MEDIUM,MODIFY
388475.98961769947,1115950.7451689201,585969.816863938,228140.0912724634,68.1437181345851,0.8658753705042435,0,1.0,1.904,1.241,0.852,86635.15,0.448,32.0,LOW,MODIFY
868737.9573579576,815365.1559928886,608038.8709556733,535872.5678373122,58.41165839789352,0.9086250945595453,1,3.0,1.341,0.0,0.0,1197284.24,1.0,93.5,CRITICAL,BLOCK
850172.0902663165,1871903.58713223,1302280.1256153602,246541.85224950736,97.47268866472128,0.6276631366696135,1,4.0,1.437,0.785,0.595,527090.48,0.705,53.0,MEDIUM,MODIFY
774501.5888638519,292279.72361749155,233823.77889399324,653329.3482305739,98.12626711715781,0.6631236883401831,0,1.0,1.25,0.0,0.0,1369374.99,1.0,76.2,HIGH,BLOCK
709584.826811217,426412.6182427201,341130.0945941761,21210.05681209267,72.93737846030481,0.6993884182366568,0,1.0,1.25,0.0,0.0,645512.36,0.327,69.5,HIGH,BLOCK
485672.968557373,1483884.3246340798,702231.1832960354,548983.7014784336,77.44071913685582,0.8200096041994721,0,2.0,2.113,1.421,0.64,253003.53,0.66,37.5,MEDIUM,MODIFY
623135.833588614,1450143.582200979,877281.2816076131,161317.91308931148,87.32030402323291,0.688426952474059,0,2.0,1.653,0.943,0.759,211591.45,0.541,40.0,MEDIUM,MODIFY
697776.7143851968,714127.011002515,588338.8005712158,131671.09192430394,87.26838152274085,0.9749887575639045,0,1.0,1.214,0.028,0.0,703659.6,1.0,77.8,HIGH,MODIFY
1100177.096578841,665640.3429805739,532512.2743844591,615097.4457720927,42.06291509029529,0.6082952998456529,0,1.0,1.25,0.0,0.0,1582146.47,1.0,87.2,CRITICAL,BLOCK
863859.2117176121,1039689.6124579605,167656.57801907178,659996.9590070263,86.97323072815574,0.720291866367229,0,1.0,6.201,1.049,0.0,651823.14,1.0,74.5,HIGH,MODIFY
918157.3145169708,465892.79587933776,372714.23670347023,747061.4896086123,49.546563959968815,0.6243471508146413,0,2.0,1.25,0.0,0.0,1572040.24,1.0,90.1,CRITICAL,BLOCK
251287.51138777475,850795.5977465352,421790.88516067155,262157.45202746225,74.54396732770988,0.9477898811619444,3,1.0,2.017,1.421,0.8,84440.25,0.5,48.0,MEDIUM,BLOCK
148336.97242584964,911238.0083021469,682408.0949713697,133776.1836566286,48.04155637887267,0.8934054266420045,0,1.0,1.335,1.118,0.922,53283.24,0.378,27.2,LOW,MODIFY
821762.7459233936,1574917.1417360557,790451.0210577925,92461.02832870644,67.1970201769149,0.9579740854617993,0,4.0,1.992,0.953,0.836,129757.65,0.464,38.3,MEDIUM,MODIFY
661645.6394140788,1538057.6966866078,162865.82697396804,685094.9222974798,51.930218701173274,0.9621732414624922,3,2.0,9.444,5.381,1.175,0.0,0.235,44.2,MEDIUM,BLOCK
215949.47794554365,690878.6034388979,552702.8827511183,669620.4810739998,56.916439162335855,0.8489856164278834,1,2.0,1.25,0.859,0.0,747394.24,1.0,90.6,CRITICAL,MODIFY
882063.7024694403,391602.46613311913,313281.9729064953,326682.6969070876,62.685595439128974,0.8672672167070301,0,2.0,1.25,0.0,0.0,1130425.91,1.0,85.0,CRITICAL,BLOCK
780856.8105510599,1770323.5267143352,410110.02501057886,356201.8843243788,63.19441883188482,0.6621513318029504,0,4.0,4.317,2.413,1.544,0.0,0.265,23.2,LOW,ALLOW
90950.29255737588,1379940.2862751463,1103952.229020117,53107.09868498229,75.41375893039115,0.9130091418402273,1,3.0,1.25,1.168,1.12,0.0,0.139,21.5,LOW,ALLOW
1082021.2445474311,432538.755080401,346031.0040643208,461353.3041794655,53.96097876639543,0.6029449074920511,1,4.0,1.25,0.0,0.0,1456866.8,1.0,90.4,CRITICAL,BLOCK
1156081.807628478,1078420.2613275694,604594.0620352677,687878.729641249,97.26896127399101,0.7407230168164505,0,1.0,1.784,0.0,0.0,1370134.34,1.0,74.7,HIGH,BLOCK
54714.49391153044,1873597.6154101708,156106.89844723395,608957.1845819555,69.75866260507284,0.8598271329385679,0,4.0,12.002,11.652,7.751,0.0,0.011,10.5,LOW,ALLOW
166390.4406082646,239910.95964450313,191928.76771560253,112952.3811114331,94.14747604623484,0.9137515616601095,0,3.0,1.25,0.383,0.0,231360.63,1.0,75.8,HIGH,MODIFY
58126.18872890148,1048749.5752916473,344763.1266650724,48374.47718539556,56.78042101504383,0.7683286982949777,0,3.0,3.042,2.873,2.733,0.0,0.102,10.0,LOW,ALLOW
179209.1272588726,1468145.1702936648,668085.8723612218,132316.55131179557,43.254290135288365,0.8910824810036158,0,3.0,2.198,1.929,1.731,0.0,0.042,14.6,LOW,ALLOW
180843.07259220164,1096179.7594030234,960752.8216269756,173204.05660862982,91.18175172576358,0.8514054977929668,1,1.0,1.141,0.953,0.772,218620.19,0.528,45.6,MEDIUM,MODIFY
778887.5884267846,883802.2489259696,707041.7991407757,113375.57265122698,54.17991783269268,0.8959088864515681,3,2.0,1.25,0.148,0.0,715502.71,1.0,98.0,CRITICAL,BLOCK
1053051.6220895601,1793639.7746265656,261538.93898322972,508542.0318767234,43.20860649604925,0.7812116059543082,0,3.0,6.858,2.832,0.887,29492.82,0.413,35.4,MEDIUM,MODIFY
164412.0600071227,1436776.3929700973,752992.6797560904,700236.0239545123,91.7819756123121,0.741157994372515,0,2.0,1.908,1.69,0.76,180864.37,0.54,20.6,LOW,MODIFY
839139.0683846399,588786.110321454,466209.75293652277,315726.4099275814,87.0327934735729,0.9377838929722002,0,4.0,1.263,0.0,0.0,1032289.12,1.0,79.9,HIGH,BLOCK
1082682.3645709942,1153089.0463265614,764872.1651591752,544121.2161786874,48.080351135338994,0.9708066838267166,1,1.0,1.508,0.092,0.0,1238586.7,1.0,91.4,CRITICAL,MODIFY
306269.32420562155,1869394.9788939035,1431228.4260268111,44957.31469363884,75.53178567955916,0.7274234925840887,0,1.0,1.306,1.092,1.061,0.0,0.081,25.5,LOW,ALLOW
61902.99912352805,1252678.813718166,291913.9943305685,721452.5647218334,80.83635656491168,0.6076489420811657,1,2.0,4.291,4.079,1.608,0.0,0.265,19.1,LOW,ALLOW
709073.5999869482,1170926.3913045046,936741.1130436037,642180.7899559102,88.37687644359457,0.6159998934627131,0,4.0,1.25,0.493,0.0,1117069.11,1.0,78.6,HIGH,MODIFY
1148621.2074828867,1152239.1174848834,799003.4891974067,403060.03863650287,79.3500380596297,0.7529945524460051,0,3.0,1.442,0.005,0.0,1198445.62,1.0,78.3,HIGH,MODIFY
631858.8872140975,1729143.4186391602,743790.3760127827,374048.65822536085,61.60656782160933,0.7695429302615677,1,3.0,2.325,1.475,0.972,20554.5,0.328,29.2,LOW,MODIFY
37437.04917172403,515731.9626932546,412585.5701546037,482402.19479911,48.63924642964908,0.7402278067983095,1,4.0,1.25,1.159,0.0,416692.85,1.0,74.2,HIGH,MODIFY
215973.38994820483,1744594.8700357045,1180094.0189083405,339493.68229734024,43.423054733676366,0.9747563321710037,0,2.0,1.478,1.295,1.008,0.0,0.076,26.3,LOW,ALLOW
352418.4211055689,1185514.3681923957,252214.8417697595,597373.3843669709,83.1389617474293,0.8731711287553421,0,4.0,4.7,3.303,0.935,16492.28,0.365,18.7,LOW,MODIFY
70360.50718259261,596740.973117739,388703.1435382031,471670.8674751768,70.52287009069242,0.877367522913752,0,2.0,1.535,1.354,0.141,333993.55,1.0,61.4,HIGH,MODIFY
565681.6103169409,832184.2891525464,444424.7129357561,505370.606765448,93.85978194701818,0.983283859286409,0,2.0,1.872,0.6,0.0,683292.64,1.0,78.8,HIGH,MODIFY
550306.1961393886,1165358.4915464227,837526.6082052247,643086.5075058107,98.48510412883198,0.7170091487487942,1,4.0,1.391,0.734,0.0,865560.82,1.0,80.7,CRITICAL,MODIFY
688280.4370098151,1416549.0459367705,1133239.2367494165,175274.20899489455,41.68342862855494,0.695489044695025,0,3.0,1.25,0.643,0.488,580244.84,0.812,73.6,HIGH,MODIFY
1133864.4094346466,761534.9765687132,609227.9812549705,419213.6398209911,81.93450057332032,0.7592114504987831,0,1.0,1.25,0.0,0.0,1400771.05,1.0,80.3,CRITICAL,BLOCK
127981.43540577822,242449.69018041552,193959.75214433242,573278.2682606011,95.91268274607063,0.7376909630141191,1,1.0,1.25,0.59,0.0,652769.77,1.0,81.0,CRITICAL,MODIFY
679259.540216759,1271289.4568298764,885760.6855447668,321134.2739774616,84.55802047059855,0.9404519346255135,2,1.0,1.435,0.668,0.306,614865.04,0.994,77.1,HIGH,BLOCK
883444.4057071784,249523.90577971973,199619.1246237758,350704.0252320219,47.43802873021737,0.7779301412590682,0,1.0,1.25,0.0,0.0,1184243.65,1.0,88.2,CRITICAL,BLOCK
781287.2086397854,841021.7729582684,698043.488545102,208652.21730540702,43.55552686773594,0.6189402495024381,0,1.0,1.205,0.086,0.0,846961.14,1.0,90.7,CRITICAL,MODIFY
736022.4060155419,1582849.0672481968,799970.6086782573,274637.3490432707,54.559450042905134,0.8978929066609391,1,2.0,1.979,1.059,0.715,227781.3,0.585,55.4,MEDIUM,MODIFY
855277.1018633961,1288346.2166445928,1030676.9733156743,66849.31267482908,83.32143848443378,0.8700515464029308,0,2.0,1.25,0.42,0.355,664457.17,0.945,65.6,HIGH,MODIFY
940196.7673245097,1893281.2040175884,1091102.3232317793,100805.48727566407,96.05642489826741,0.7425260518725698,1,1.0,1.735,0.874,0.781,238823.37,0.519,44.4,MEDIUM,MODIFY
1034112.0014054436,264320.1742503043,211456.13940024344,406971.91723087453,73.25767292835664,0.9211351425814482,0,4.0,1.25,0.0,0.0,1388219.88,1.0,82.4,CRITICAL,BLOCK
977485.2605115422,1974271.4651762191,432867.6848908056,632362.0800443887,70.97609697894742,0.7506496352490053,2,4.0,4.561,2.303,0.842,68443.56,0.458,43.3,MEDIUM,BLOCK
1128099.5348285441,1219439.2842594315,818162.3739870341,167390.48570282283,41.17977542632958,0.7245899169694996,2,3.0,1.49,0.112,0.0,894213.11,1.0,98.0,CRITICAL,BLOCK
186864.4463064104,391885.9198706072,313508.7358964858,233843.325984956,66.15103790320545,0.9739945931955418,0,4.0,1.25,0.654,0.0,342330.59,1.0,80.9,CRITICAL,MODIFY
341176.86691921594,1642352.7482037633,1408741.4559850723,5040.9761046055655,93.00656401663196,0.7605891708219032,1,4.0,1.166,0.924,0.92,112606.55,0.016,30.5,LOW,MODIFY
331322.6498538706,1445245.4033032993,1000415.5903522422,327229.8249502632,80.7072164604686,0.6738867219118652,0,3.0,1.445,1.113,0.786,213722.66,0.514,33.7,LOW,MODIFY
998478.8407323292,1370109.5254346586,1201247.541476037,624835.0204380802,88.28864993753128,0.7718505272131767,0,3.0,1.141,0.309,0.0,1454451.88,1.0,79.1,HIGH,MODIFY
647472.328756529,1985491.0398457986,523974.4886345911,43337.78129093107,47.79746867370105,0.7729585590266554,0,4.0,3.789,2.554,2.471,0.0,0.103,20.8,LOW,ALLOW
1050328.5056131359,297878.9222419551,238303.13779356412,101196.6129287993,50.43351623024586,0.8303449256335174,1,3.0,1.25,0.0,0.0,1091949.33,1.0,91.2,CRITICAL,BLOCK
967377.5947139553,1799904.2830612226,315946.6528253183,30591.102871797204,65.96314002453097,0.7158815604438225,0,1.0,5.697,2.635,2.538,0.0,0.128,24.8,LOW,ALLOW
593044.8202220785,731453.7417875411,585162.9934300329,15512.857931208846,79.54415538617243,0.6999166873481911,0,3.0,1.25,0.237,0.21,462266.93,0.499,61.3,HIGH,MODIFY
829126.8463964051,1970225.9408603527,605776.5683868265,452411.38251562446,66.9192496866569,0.981277579676233,3,4.0,3.252,1.884,1.137,0.0,0.356,49.0,MEDIUM,BLOCK
1078413.7244198762,1822552.0815618604,373922.1324605923,678964.5603146638,91.22689745640925,0.6862477380878647,0,2.0,4.874,1.99,0.174,308748.34,1.0,60.7,HIGH,MODIFY
18722.11701444943,1371880.6871174066,1013591.0368100214,184044.34631957018,55.032994449413735,0.9409911088136329,0,4.0,1.353,1.335,1.153,0.0,0.133,11.0,LOW,ALLOW
876649.9229417188,1783607.258171676,1111528.143010608,112307.4839273384,50.7631373146704,0.6321776421459049,0,2.0,1.605,0.816,0.715,316878.29,0.585,51.7,MEDIUM,MODIFY
1165090.9362335685,1341011.5291964123,439975.2594033945,106288.36134415485,94.82802584010759,0.6184216087551383,0,4.0,3.048,0.4,0.158,370343.03,1.0,71.8,HIGH,MODIFY
260134.3997352235,871283.369174503,697026.6953396024,668510.2822356276,86.83629486863028,0.6488565445528987,0,4.0,1.25,0.877,0.0,754388.01,1.0,77.2,HIGH,MODIFY
771511.1061111906,879643.6067514373,703714.8854011499,150979.52727733963,91.41373243921167,0.7980237494137095,1,3.0,1.25,0.154,0.0,746561.91,1.0,83.2,CRITICAL,MODIFY
392095.14561218716,1063336.7983669937,850669.438693595,555022.8900564484,89.53760832526791,0.8767988335406567,2,3.0,1.25,0.789,0.137,734450.68,1.0,86.6,CRITICAL,BLOCK
473951.0619835617,645733.446279671,368174.57195548905,397859.2049472908,69.00451726730263,0.7229462587595074,0,2.0,1.754,0.467,0.0,594251.39,1.0,82.9,CRITICAL,MODIFY
478735.42360555567,1365179.4312784516,859217.0509503148,318049.1682904125,64.70823683294061,0.6895359682672124,1,2.0,1.589,1.032,0.662,290822.21,0.638,52.8,MEDIUM,MODIFY
617671.2069284902,667262.8143200853,301750.9107426906,236261.07338423096,86.82519862352791,0.7779591639505307,1,3.0,2.211,0.164,0.0,488420.38,1.0,83.9,CRITICAL,MODIFY
320179.2105419456,1863786.4784467225,1408246.2799688112,25286.29269359781,91.40704508340934,0.7447857917902561,0,4.0,1.323,1.096,1.078,0.0,0.06,18.3,LOW,ALLOW
772209.9219658016,1994935.8073124988,801346.0012061311,518833.57595770096,56.13703293793536,0.83289244195512,0,3.0,2.489,1.526,0.878,97453.69,0.422,33.2,LOW,MODIFY
1123873.4872280033,560548.4569393167,485165.5353005714,330583.69257608475,88.4706139665165,0.6843047743752703,0,3.0,1.155,0.0,0.0,1379074.26,1.0,77.5,HIGH,BLOCK
194286.4619113071,802380.3937903764,641904.3150323011,762109.6365759743,52.605809039674696,0.6205583794536462,1,3.0,1.25,0.947,0.0,795920.02,1.0,91.0,CRITICAL,MODIFY
1176756.1965441972,1221628.2871993454,754084.8385631021,655260.7796432462,79.52984834465579,0.7687706382771176,0,2.0,1.62,0.06,0.0,1364473.53,1.0,78.9,HIGH,MODIFY
467506.5122688172,1074365.2942615256,933012.4079323222,585585.4972501023,85.76216641125578,0.7986073971462436,0,2.0,1.152,0.65,0.023,911739.12,1.0,75.9,HIGH,MODIFY
906713.677966726,1866342.6611735707,1440182.1914152945,511339.53721584886,78.81216216395721,0.8391183739051231,0,2.0,1.296,0.666,0.311,991892.75,0.989,71.4,HIGH,MODIFY
324072.88695920666,1126427.9586021458,754371.1705600184,660792.4119448626,85.94009983811415,0.7747257660659199,3,4.0,1.493,1.064,0.188,612808.51,1.0,75.8,HIGH,BLOCK
662800.6755735623,651830.6054684004,304765.391314565,114465.29861623258,84.42174275641568,0.7942619889036324,2,1.0,2.139,0.0,0.0,430200.76,1.0,89.0,CRITICAL,BLOCK
417972.4747811082,1435737.9503725052,1113232.00243539,576064.9476736054,72.81004116477735,0.780298010070411,2,1.0,1.29,0.914,0.397,671531.47,0.903,75.3,HIGH,BLOCK
1028127.4507686871,1239796.694489243,937002.8807828408,468649.5160047146,57.65461262576084,0.9461828097129208,0,3.0,1.323,0.226,0.0,1193983.15,1.0,86.2,CRITICAL,MODIFY
210723.22446604614,419878.6962572477,335902.9570057982,63917.67449083439,47.731104190422265,0.9486610245936851,0,3.0,1.25,0.623,0.432,190665.16,0.868,72.7,HIGH,MODIFY
964319.0595263671,792321.039243983,633856.8313951865,452568.70176509797,85.85875788800132,0.6852775430932799,0,1.0,1.25,0.0,0.0,1258423.55,1.0,76.5,HIGH,BLOCK
1091328.685834371,1015201.314019285,522719.0628804489,445252.0463855273,97.87529560087762,0.614444360371958,0,2.0,1.942,0.0,0.0,1044098.48,1.0,79.0,HIGH,BLOCK
687756.8448644577,845785.2756023346,676628.2204818678,580880.2056127723,96.37939632492586,0.7784518382804608,0,2.0,1.25,0.234,0.0,1099480.0,1.0,73.8,HIGH,MODIFY
527431.67676456,1121578.1713152807,160637.99856133742,353887.2292085989,43.114396541153795,0.9620862543108739,1,3.0,6.982,3.699,1.496,0.0,0.448,43.1,MEDIUM,ALLOW
64823.061510677784,583265.0883492429,466612.07067939435,667597.9458532082,55.98074322814461,0.8907864601516718,0,2.0,1.25,1.111,0.0,615767.99,1.0,74.9,HIGH,MODIFY
608246.1776852018,1101531.612156515,881225.289725212,388184.49019434524,95.9318358060467,0.8585036983392516,0,4.0,1.25,0.56,0.119,776124.35,1.0,68.7,HIGH,MODIFY
100278.24222242573,1133109.586306906,906487.6690455249,140578.47905444456,48.76830328281046,0.709869635493305,0,3.0,1.25,1.139,0.984,14234.8,0.316,24.5,LOW,MODIFY
476332.3936164081,1562968.1654241658,207170.9603307437,371080.41729448456,53.32238126330551,0.6543024346428302,0,2.0,7.544,5.245,3.454,0.0,0.057,21.2,LOW,ALLOW
1014865.5413435312,776582.6765054755,288560.66360132163,129359.38142191521,76.61523713847666,0.7092731041761001,1,3.0,2.691,0.0,0.0,656202.91,1.0,86.2,CRITICAL,BLOCK
522451.9967542535,1529221.9969779928,221173.2668263325,329487.25889838004,55.74831315238316,0.8236043476153407,0,2.0,6.914,4.552,3.062,0.0,0.148,24.3,LOW,ALLOW
513032.55773070577,279458.1504187572,223566.5203350058,270852.2889250471,94.16172721903382,0.7613270835374505,3,4.0,1.25,0.0,0.0,727993.22,1.0,91.6,CRITICAL,BLOCK
546116.2992700891,1519966.4626035201,564331.2833044435,268871.2286882073,52.70702584964271,0.6815935247843543,0,4.0,2.693,1.726,1.249,0.0,0.14,32.6,LOW,ALLOW
35694.214589890384,575381.0541823397,460304.8433458718,627712.8967151238,94.60182278442065,0.8682750044652269,0,1.0,1.25,1.172,0.0,548330.9,1.0,59.2,MEDIUM,MODIFY
349618.7688505479,1782139.8344321165,1221651.3789639305,105976.2887204699,97.32864696190194,0.9690741342947669,0,4.0,1.459,1.173,1.086,0.0,0.08,17.5,LOW,ALLOW
566095.3233883252,1414146.1967935099,760354.1534945687,439876.5947420006,58.994729986422016,0.9433213690098696,0,3.0,1.86,1.115,0.537,352179.87,0.763,54.7,MEDIUM,MODIFY
398624.940288301,1706127.1275938246,606093.3348413266,254013.99990382078,63.00008574905927,0.8692417444313705,1,2.0,2.815,2.157,1.738,0.0,0.059,24.7,LOW,ALLOW
974984.055513405,1314222.3496536,1051377.87972288,707634.467935502,52.43742146194795,0.6226659037401495,0,2.0,1.25,0.323,0.0,1419774.05,1.0,85.1,CRITICAL,MODIFY
689171.6581828557,1270042.4861104153,1016033.9888883323,652053.3811210574,93.3198056802845,0.7178737875122084,0,2.0,1.25,0.572,0.0,1087216.54,1.0,76.7,HIGH,MODIFY
249052.10419619293,1561875.2536664384,385484.26116154366,617666.9564685647,89.17734418358273,0.8218619380639688,2,2.0,4.052,3.406,1.803,0.0,0.111,23.1,LOW,BLOCK
222686.09400403732,824654.5692883596,159234.1390184281,103871.11061606351,89.14107759390957,0.8421940216468011,0,1.0,5.179,3.78,3.128,0.0,0.01,14.5,LOW,ALLOW
572276.0482134215,288846.9521939548,231077.56175516383,237361.00555614437,77.67213948531777,0.9608296388965851,0,2.0,1.25,0.0,0.0,751867.66,1.0,81.4,CRITICAL,BLOCK
699987.5056208296,553342.6401877091,442674.11215016735,598915.9364232123,76.76923393557178,0.812953044829275,0,4.0,1.25,0.0,0.0,1188234.91,1.0,81.0,CRITICAL,BLOCK
859966.4589418137,1187868.8188269436,950295.055061555,174483.69228637218,54.734814369401995,0.6771049846256706,0,4.0,1.25,0.345,0.161,796876.39,1.0,84.1,CRITICAL,MODIFY
846554.1616190794,1700662.4963047854,418280.9622944373,56126.602287147696,82.44549561727584,0.6243611317925447,0,4.0,4.066,2.042,1.908,0.0,0.011,18.7,LOW,ALLOW
806844.7030100393,1823861.9950196964,267763.95494772476,255651.45931206114,46.35360862167409,0.6433708019676189,0,4.0,6.811,3.798,2.843,0.0,0.105,28.2,LOW,ALLOW
1073577.7533342612,1816607.0719959529,1228310.0730373438,462804.2291664389,49.68374175514485,0.6920224210974752,1,4.0,1.479,0.605,0.228,948084.98,1.0,86.6,CRITICAL,MODIFY
815098.8058144015,1840753.4939577237,612979.9743270373,791967.9616744294,52.41060672708389,0.8533203504041035,0,1.0,3.003,1.673,0.381,379293.25,0.919,63.4,HIGH,MODIFY
283311.8178399168,1853396.5573677726,799050.5044439305,581861.9298783771,48.3585450021932,0.9490097566242492,1,4.0,2.319,1.965,1.237,0.0,0.045,29.1,LOW,ALLOW
1069356.7368816468,1641648.5612266655,272379.507449215,247185.62523998698,47.29376571139005,0.7984920321340926,0,3.0,6.027,2.101,1.194,0.0,0.428,41.0,MEDIUM,ALLOW
327392.16463106737,646677.0445880644,543649.8275935147,606458.1650500711,45.434409503901826,0.793412408422351,0,3.0,1.19,0.587,0.0,830823.11,1.0,88.5,CRITICAL,MODIFY
613201.6758450014,479532.9867844305,383626.38942754443,512140.1440489893,44.81402743057855,0.8351666586521541,0,1.0,1.25,0.0,0.0,1029435.22,1.0,89.2,CRITICAL,BLOCK
715385.9958731857,725884.4759629903,474032.73990436405,615412.2923499668,81.53600408731401,0.6682339909836195,2,3.0,1.531,0.022,0.0,1078946.55,1.0,90.6,CRITICAL,BLOCK
64818.45545180643,1730225.513439349,344857.99908687314,485537.77746478125,63.01255938408985,0.6414903681117,2,2.0,5.017,4.829,3.421,0.0,0.064,20.7,LOW,BLOCK
953998.3193059545,319228.41446545185,255382.7315723615,374418.5196612133,65.48301921935064,0.8624547971724874,0,4.0,1.25,0.0,0.0,1264571.16,1.0,81.0,CRITICAL,BLOCK
845281.3559211363,969756.9410557896,869870.2398031707,450406.78952398413,64.60547641958979,0.8823125314624725,0,2.0,1.115,0.143,0.0,1195801.44,1.0,85.7,CRITICAL,MODIFY
114853.19673325513,1627568.3140527965,887190.586316086,759368.6168997763,80.62216959139937,0.947350233572368,0,1.0,1.835,1.705,0.849,133844.09,0.451,19.0,LOW,MODIFY
223001.8599465722,819354.2738078813,655483.4190463051,37867.85833182176,60.32700021344502,0.6451638787739924,0,2.0,1.25,0.91,0.852,96998.86,0.127,37.0,MEDIUM,MODIFY
999026.3845098668,1797441.1060927704,1354539.0890692952,411044.1686281315,98.12921437979716,0.7208983493407437,2,1.0,1.327,0.589,0.286,967168.54,1.0,77.0,HIGH,BLOCK
61264.68384358619,1215028.2639511367,654079.6219418645,240455.51206596993,77.97027278412082,0.8888132007445917,0,1.0,1.858,1.764,1.396,0.0,0.071,8.6,LOW,ALLOW
533620.4918853745,239342.82810594575,191474.26248475662,434425.74633299944,66.03279823479298,0.9621730903497516,0,2.0,1.25,0.0,0.0,920177.67,1.0,78.9,HIGH,BLOCK
287188.3743596524,1770785.341097277,549006.5072189318,542981.351566417,58.97441636449177,0.8543246418331127,1,1.0,3.225,2.702,1.713,0.0,0.009,21.8,LOW,ALLOW
265298.9023775833,250572.75783657786,200458.2062692623,434169.15619013284,51.700121063796516,0.9138224148369467,1,4.0,1.25,0.0,0.0,649353.51,1.0,90.5,CRITICAL,BLOCK
942895.4773419759,348824.21445054526,279059.3715604362,378689.17523250234,43.14438701226508,0.7981446990081731,1,2.0,1.25,0.0,0.0,1251819.81,1.0,95.9,CRITICAL,BLOCK
416614.0201589249,884971.4486290225,570665.976430577,223715.82519910316,87.70932399543992,0.7187222129710843,2,2.0,1.551,0.821,0.429,326024.37,0.871,71.5,HIGH,BLOCK
361162.2456524154,715433.3291332864,572346.6633066292,186096.55616197022,98.38280798199764,0.6220173757237859,1,2.0,1.25,0.619,0.294,404172.14,1.0,67.6,HIGH,MODIFY
621082.5254230612,1101587.654746521,636433.668766663,279848.60680223623,60.24815502158921,0.9333063421435075,0,2.0,1.731,0.755,0.315,435777.15,0.985,70.6,HIGH,MODIFY
719876.9020776607,1394432.1055719669,1140517.9501425317,477587.8088235407,76.12294389842165,0.976388175577418,0,3.0,1.223,0.591,0.173,943550.56,1.0,76.6,HIGH,MODIFY
219640.16034496974,552492.948090841,438550.9400869524,791482.0303598633,76.27949295515464,0.6798268043391525,0,3.0,1.26,0.759,0.0,897180.18,1.0,78.4,HIGH,MODIFY
1028095.7487675064,813830.384326285,651064.307461028,713151.020626846,40.57551761471356,0.8072397769766679,0,3.0,1.25,0.0,0.0,1578480.69,1.0,91.3,CRITICAL,BLOCK
449793.8531467983,1452786.0185158474,757379.6123413055,169881.73638844097,50.865746463690066,0.90341895498173,0,3.0,1.918,1.324,1.1,0.0,0.011,27.7,LOW,ALLOW
527373.857459646,1888700.1758032497,284205.20904858026,503539.9268105136,42.63053025861045,0.8847654015830961,0,4.0,6.646,4.79,3.018,0.0,0.088,24.1,LOW,ALLOW
539339.2402527826,232805.99124709168,186244.79299767336,60371.18316634213,80.55951858661737,0.7642522062076667,0,1.0,1.25,0.0,0.0,553149.23,1.0,80.9,CRITICAL,BLOCK
1114674.4335824926,596745.1929731392,298204.24395432335,644114.9070357942,58.23099159530973,0.8366802389415411,0,2.0,2.001,0.0,0.0,1460248.39,1.0,83.7,CRITICAL,BLOCK
1021246.7001663608,598794.5062736913,479035.6050189531,628922.0956813162,90.95869353917692,0.724978450080725,0,3.0,1.25,0.0,0.0,1530409.89,1.0,79.0,HIGH,BLOCK
198689.92257039985,1632530.487573689,1412678.6436301498,799336.6540850654,92.96005777978385,0.8500066208212711,0,2.0,1.156,1.015,0.449,778174.73,0.851,50.3,MEDIUM,MODIFY
652258.0838912838,1710484.6214930718,601056.2222925746,426433.504986576,60.275810601263466,0.84922667844291,0,4.0,2.846,1.761,1.051,0.0,0.486,36.3,MEDIUM,ALLOW
846916.3731112608,1965585.9795296337,809160.1742553342,578005.9412788493,91.31593935970159,0.9569591103440303,0,1.0,2.429,1.383,0.668,268496.51,0.632,36.9,MEDIUM,MODIFY
766798.5886251688,980873.821373474,394682.80188173254,468329.4483392584,91.4272493006016,0.8765512042426102,0,4.0,2.485,0.542,0.0,648937.02,1.0,82.9,CRITICAL,MODIFY
1116663.126814537,1084172.1299516421,867337.7039613137,387935.15946021973,76.67194126955039,0.83872837526198,1,2.0,1.25,0.0,0.0,1287763.86,1.0,88.7,CRITICAL,BLOCK
996145.9858403803,471286.19708347484,377028.95766677987,668625.3307764794,87.2455431121808,0.8889131383113046,0,3.0,1.25,0.0,0.0,1570514.08,1.0,74.1,HIGH,BLOCK
751967.2242121152,219994.5846275309,175995.66770202472,444204.3430305691,61.338332283103256,0.8211803149381017,2,2.0,1.25,0.0,0.0,1152172.65,1.0,96.0,CRITICAL,BLOCK
810906.2321189649,726897.7293670852,447661.6849952281,725221.5978607694,52.169901583881924,0.9801174362944991,0,1.0,1.624,0.0,0.0,1256891.79,1.0,84.4,CRITICAL,BLOCK
953247.5981113513,1953807.8086667126,782060.9001497967,134573.91304883384,90.2606594529936,0.9534497889416976,0,3.0,2.498,1.279,1.107,0.0,0.111,27.2,LOW,ALLOW
1112616.4738111866,306831.3300643303,245465.06405146426,745014.528946485,77.41770540398812,0.7867185459230754,0,3.0,1.25,0.0,0.0,1796264.74,1.0,77.3,HIGH,BLOCK
638607.2136156398,1811784.6221667163,898715.9866571949,426633.74279927026,45.75079548753628,0.7537173684781158,0,4.0,2.016,1.305,0.831,152172.32,0.469,39.1,MEDIUM,MODIFY
1029289.498179849,788761.8395048118,631009.4716038494,23076.412025585392,53.31837948921135,0.9238150858818115,0,4.0,1.25,0.0,0.0,894613.54,0.237,70.8,HIGH,BLOCK
527403.0777778258,729592.5159491287,583674.012759303,415813.1946135851,64.43219146629966,0.8967564240519115,0,4.0,1.25,0.346,0.0,797297.77,1.0,82.5,CRITICAL,MODIFY
275275.37487102556,1759338.6374435418,419198.8971763757,123928.43813954393,47.48199985478702,0.6236133257430251,0,2.0,4.197,3.54,3.245,0.0,0.131,17.0,LOW,ALLOW
744334.3905721797,834622.6604069576,667698.1283255662,209845.47356788194,73.02285500384468,0.6196218451451063,0,2.0,1.25,0.135,0.0,787255.33,1.0,79.1,HIGH,MODIFY
867723.4525848512,1107869.3780129994,886295.5024103996,583815.1396743394,88.24764617697097,0.8910500532080502,1,3.0,1.25,0.271,0.0,1229964.72,1.0,81.1,CRITICAL,MODIFY
590809.0198529146,1478702.6756740236,789552.7594114253,619329.2250430029,55.72778128317316,0.8255003266631956,0,3.0,1.873,1.125,0.34,520988.33,0.96,66.6,HIGH,MODIFY
1092867.0723975275,364037.37933536863,291229.90346829494,621633.2310590348,95.88622772882692,0.6257344549266665,0,2.0,1.25,0.0,0.0,1641692.83,1.0,75.3,HIGH,BLOCK
349177.5693283029,469616.76173216844,246784.7870667419,327286.99502310227,53.70937096908642,0.7369277911010901,0,2.0,1.903,0.488,0.0,453632.59,1.0,86.5,CRITICAL,MODIFY
908365.4890808695,1581685.6233693706,584802.4127529198,600095.0556377226,63.05355588546418,0.7134085780072243,0,3.0,2.705,1.151,0.125,511577.33,1.0,70.3,HIGH,MODIFY
904311.1381495575,653087.458135186,332271.4630099373,516440.6116567087,98.26743806218856,0.6735148543970326,1,4.0,1.966,0.0,0.0,1099935.75,1.0,79.4,HIGH,BLOCK
318220.20103439526,858207.4766228405,291858.57111551135,474740.76747957285,70.2374692982998,0.9290394893209204,0,4.0,2.94,1.85,0.224,226612.06,1.0,58.6,MEDIUM,MODIFY
1029298.0728213933,695276.2162063229,556220.9729650583,465203.8791801368,84.46317884804525,0.658562792154719,0,4.0,1.25,0.0,0.0,1355446.71,1.0,78.6,HIGH,BLOCK
959586.036163266,608454.1444114738,486763.31552917906,332380.87468428316,89.96391781923145,0.6784685332012892,1,2.0,1.25,0.0,0.0,1170276.08,1.0,82.5,CRITICAL,BLOCK
603865.9437854165,725625.8138228252,479354.5005589708,519090.2761457615,43.42156629903444,0.9851283268494191,0,1.0,1.514,0.254,0.0,876684.91,1.0,85.5,CRITICAL,MODIFY
477131.0341222304,1793039.3648947896,1396455.2778795492,119364.45379094503,43.9081704387971,0.6690762316987038,0,3.0,1.284,0.942,0.857,199911.4,0.443,50.0,MEDIUM,MODIFY
727799.343676149,1058709.581759293,846967.6654074346,316647.4663821546,68.93955391230499,0.727037667921155,0,4.0,1.25,0.391,0.017,832704.89,1.0,82.2,CRITICAL,MODIFY
262092.30653958133,702816.7963394588,155102.875335911,670954.1600111619,74.52304233616812,0.7039435585201915,2,4.0,4.531,2.841,0.0,385332.55,1.0,72.1,HIGH,BLOCK
270592.1185677089,1278974.351932202,415105.9183567033,568578.8500825181,91.16124755011437,0.9384606432313426,0,1.0,3.081,2.429,1.059,0.0,0.423,19.2,LOW,ALLOW
550926.9089685385,950153.3123877596,760122.6499102077,64855.33687355876,71.00941783768313,0.835223807787072,0,2.0,1.25,0.525,0.44,425751.58,0.86,62.2,HIGH,MODIFY
471038.3404250102,317560.31699355936,274540.19566414383,175026.996054513,86.72792815717058,0.6469332982879233,1,4.0,1.157,0.0,0.0,603045.22,1.0,89.3,CRITICAL,BLOCK
975493.0008182839,1978387.1533548865,946109.9775425777,238779.54641187342,68.70590971611047,0.8874457828665915,0,3.0,2.091,1.06,0.808,181995.37,0.492,33.3,LOW,MODIFY
945198.9759571794,1953685.8404155686,747268.6245092847,471034.1917559254,95.8905943775607,0.8332999329230012,0,2.0,2.614,1.35,0.719,209815.95,0.581,33.0,LOW,MODIFY
497177.3006292581,1664072.9046747766,480328.1275710249,724424.761831786,84.44362165520768,0.6861059377718799,0,4.0,3.464,2.429,0.921,37857.29,0.379,23.5,LOW,MODIFY
771060.8544791222,511229.0797682849,408983.26381462795,659036.4678345586,72.77800114695634,0.9413815802315539,0,4.0,1.25,0.0,0.0,1327851.51,1.0,84.4,CRITICAL,BLOCK
750315.248148728,856975.7011141849,715293.6871972071,59402.728727131216,69.71309240174764,0.7769940488495506,2,1.0,1.198,0.149,0.066,668035.96,1.0,91.2,CRITICAL,BLOCK
635880.4595323856,1356878.6572038867,1085502.9257631095,350228.1023256561,59.37314749993421,0.8621596049941127,2,3.0,1.25,0.664,0.342,714732.83,0.958,83.2,CRITICAL,BLOCK
500185.1724293238,737992.0701695608,590393.6561356487,274542.86697849736,98.55839849351034,0.6143669070443853,0,3.0,1.25,0.403,0.0,627129.63,1.0,74.9,HIGH,MODIFY
288566.15934532025,1766982.026892081,370987.27032772335,517960.89648410934,85.76339935266611,0.9641087217700097,0,4.0,4.763,3.985,2.589,0.0,0.128,12.8,LOW,ALLOW
1065996.0525942151,273031.6905701507,218425.35245612054,106194.50550978389,63.22729160518419,0.9863484458916956,0,4.0,1.25,0.0,0.0,1117584.22,1.0,85.8,CRITICAL,BLOCK
456445.91964008805,1689921.9316975486,461404.78470725444,184239.33305501353,61.956789624371,0.7852935377738348,0,1.0,3.663,2.673,2.274,0.0,0.119,19.3,LOW,ALLOW
338084.3964662189,662300.422909031,529840.3383272248,567472.7332338609,96.25404354267945,0.6902596380898576,0,1.0,1.25,0.612,0.0,773097.05,1.0,73.4,HIGH,MODIFY
778347.8203859696,1848927.8247099118,1221676.8621239448,3576.480213108102,98.1494263983966,0.8504427901131248,0,4.0,1.513,0.876,0.873,154673.34,0.073,27.3,LOW,MODIFY
819820.6720379676,1104556.3184275643,883645.0547420515,98898.32685445584,70.47287520227111,0.7457336158421415,1,4.0,1.25,0.322,0.21,697807.74,1.0,79.8,HIGH,MODIFY
166013.67026130622,507972.4534905215,406377.96279241727,738369.7781621794,41.541749526116156,0.6666392091159679,3,3.0,1.25,0.841,0.0,802788.96,1.0,98.0,CRITICAL,BLOCK
397644.4700364676,350112.0667932156,280089.65343457245,378378.9139921507,88.82773476246628,0.8189941680344222,0,2.0,1.25,0.0,0.0,706000.97,1.0,79.7,HIGH,BLOCK
1089246.7369130785,1096164.371563821,220843.43286793202,435592.14360988303,71.265704541394,0.6768792704799336,0,2.0,4.964,0.031,0.0,649517.94,1.0,82.1,CRITICAL,MODIFY
931542.3378386114,1240242.0169215978,309849.1348533144,712079.8504280439,44.583359724699356,0.7580362097831336,0,3.0,4.003,0.996,0.0,713229.31,1.0,76.6,HIGH,MODIFY
1007400.1898241885,733682.5497557813,586946.0398046251,454301.1459878468,96.34730387069268,0.9709644439187652,0,4.0,1.25,0.0,0.0,1314964.83,1.0,74.8,HIGH,BLOCK
525675.2828417376,286540.1026225864,229232.08209806914,678473.5552936335,62.915927988164285,0.7276794872770229,0,4.0,1.25,0.0,0.0,1146840.82,1.0,83.9,CRITICAL,BLOCK
606213.4499772525,652175.873696035,521740.69895682804,672749.077898214,44.58772710262159,0.7674717998491056,0,4.0,1.25,0.088,0.0,1148527.35,1.0,85.6,CRITICAL,MODIFY
1110336.726264909,1507065.088300851,212125.48307175122,734094.3005555853,73.57545353315523,0.7832491330554489,0,1.0,7.105,1.87,0.0,549491.42,1.0,74.9,HIGH,MODIFY
208435.94001553254,1591350.0356326394,443189.82504825894,198589.8753622692,58.85490027561747,0.6549938918765322,0,1.0,3.591,3.12,2.672,0.0,0.025,11.7,LOW,ALLOW
754593.2023171003,1467254.5010041913,401018.6709840001,118295.34614568083,92.06145832511235,0.609043379545572,0,1.0,3.659,1.777,1.482,0.0,0.087,21.5,LOW,ALLOW
836503.3226657183,669770.8355386446,365023.57046762493,78031.00016501601,85.80769291504782,0.724604402349373,1,2.0,1.835,0.0,0.0,609787.06,1.0,81.8,CRITICAL,BLOCK
723334.6797455276,1891978.2205107808,185258.22586206082,700031.0729548604,64.04902430402788,0.7993816086038975,0,4.0,10.213,6.308,2.53,0.0,0.311,26.1,LOW,ALLOW
291235.09523236944,218033.69022614227,174426.95218091382,141871.12754702193,69.5237529120102,0.7428163464892683,0,3.0,1.25,0.0,0.0,389499.48,1.0,82.2,CRITICAL,BLOCK
503304.901951936,1249367.3627372684,999493.8901898148,460243.2473249675,83.7681490800002,0.644326262662414,0,2.0,1.25,0.746,0.286,713674.68,1.0,70.9,HIGH,MODIFY
80019.88708216378,307772.44913679775,246217.9593094382,76932.79181041764,46.16793338351492,0.8572349109848098,0,1.0,1.25,0.925,0.613,95398.19,0.687,62.9,HIGH,MODIFY
622549.333228148,1158549.2418623785,862572.1002406741,431134.4142437047,41.51519821713579,0.8335296073495959,0,4.0,1.343,0.621,0.122,757706.61,1.0,87.3,CRITICAL,MODIFY
1154345.6926107921,1617946.3227609412,604066.307902223,433101.646561005,69.4747113037105,0.6295827902881819,0,3.0,2.678,0.767,0.05,573567.32,1.0,74.5,HIGH,MODIFY
697214.6933325822,1929478.4510502126,1486332.7822090432,513109.5764158186,43.17607678892683,0.8216653218875811,2,4.0,1.298,0.829,0.484,767178.6,0.816,80.5,CRITICAL,BLOCK
787007.701919786,1917253.017895322,411495.0930530741,720720.3195974751,80.91782053301134,0.8842442840148697,0,3.0,4.659,2.747,0.995,1970.1,0.305,17.0,LOW,MODIFY
168630.4560474466,214328.62639730418,171462.90111784334,164194.6304682488,48.32238404433798,0.6054739092520444,2,4.0,1.25,0.267,0.0,289959.36,1.0,97.2,CRITICAL,BLOCK
1127082.7456236377,1453361.2685982801,1087092.0423899954,207631.120454142,68.6647664078241,0.6261170603338042,0,2.0,1.337,0.3,0.109,968444.64,1.0,76.9,HIGH,MODIFY
1078254.2850728454,914202.7172720486,575041.1350913451,175565.38086515188,81.40438311312676,0.6329890106337452,0,1.0,1.59,0.0,0.0,914658.08,1.0,78.7,HIGH,BLOCK
112571.953469932,1021514.0303416728,406342.66374357464,223861.27249079317,48.828504732492405,0.884422271077831,0,2.0,2.514,2.237,1.686,0.0,0.038,17.4,LOW,ALLOW
335914.06760906184,917311.9677844058,304098.61560396483,182739.55778783959,77.5625760258254,0.6796762819292725,0,3.0,3.016,1.912,1.311,0.0,0.136,22.9,LOW,ALLOW
260280.283261213,1740516.507685975,360665.8206183753,44617.571777151534,73.33273592853871,0.9530208958033688,1,3.0,4.826,4.104,3.98,0.0,0.018,9.4,LOW,ALLOW
1122300.463038215,1842886.4936304844,1309451.2816652195,643170.3137718576,89.16719357576764,0.9620387990875281,2,2.0,1.407,0.55,0.059,1232035.56,1.0,83.1,CRITICAL,BLOCK
99882.90563250887,280686.55478085467,224549.24382468374,179599.3817262529,91.8287466273771,0.6119075950137142,0,1.0,1.25,0.805,0.005,223344.98,1.0,76.5,HIGH,MODIFY
51505.82625042078,495860.8188849083,396688.65510792664,111614.1468515818,66.99074853268377,0.9009014235214362,0,2.0,1.25,1.12,0.839,63947.81,0.461,30.0,LOW,ALLOW
1195058.3411277533,1306616.346500227,1059818.145808365,429575.90658374043,59.81823077541732,0.8116806665779597,0,2.0,1.233,0.105,0.0,1377836.05,1.0,84.9,CRITICAL,MODIFY
646404.614391491,1945280.263674662,1117694.4121681852,352919.26750647987,64.7330387824188,0.9426733537094079,1,1.0,1.74,1.162,0.846,171738.03,0.454,42.3,MEDIUM,MODIFY
197939.94591075543,1873837.139996178,1208845.3910852289,99976.10512619639,42.10103105827785,0.9210337587647868,1,2.0,1.55,1.386,1.304,0.0,0.012,27.0,LOW,ALLOW
668744.3190441431,1656752.1520193391,787118.6395592645,269948.95704612014,66.17437751970746,0.6407759870012941,0,1.0,2.105,1.255,0.912,69059.76,0.388,30.7,LOW,MODIFY
20213.34894993956,1432408.2666300903,851549.2833449942,134841.0299487191,52.53312145550879,0.8456351529913873,0,2.0,1.682,1.658,1.5,0.0,0.038,11.6,LOW,ALLOW
432994.69978556054,1701288.5290670998,541509.0408380153,644838.0380942436,59.088624209633394,0.7018769321656708,0,3.0,3.142,2.342,1.151,0.0,0.38,31.6,LOW,ALLOW
943253.4159190935,290541.81837042246,232433.45469633798,380043.95076657966,71.1575005863082,0.9744389068809627,0,3.0,1.25,0.0,0.0,1265189.0,1.0,84.7,CRITICAL,BLOCK
343144.68387800513,1759352.1386525526,561108.2385184795,880.0530171799714,42.287777197492446,0.9074701671405476,0,1.0,3.135,2.524,2.522,0.0,0.086,19.1,LOW,ALLOW
135292.90468502606,821676.8490018029,657341.4792014423,452543.5359858027,73.85619715923397,0.6072056354810084,2,4.0,1.25,1.044,0.356,423501.07,0.944,69.3,HIGH,BLOCK
